session_id,click_index,timestamp_ms,elapsed_time_s,cp_probability,signal_value,_cp_prob_trace,_signal_trace,_times_trace
mmgkzukxb91bym,21,8138,8.138,0.6190476190476191,0.6,,,
mmgkzukxb91bym,50,17377,17.377,0.7692307692307692,0.5,,,
mmgkzukxb91bym,103,36271,36.271,0.9298245614035088,0.75,,,
mmgkzukxb91bym,148,51474,51.474,0.8333333333333334,0.65,,,
mmgkzukxb91bym,212,72227,72.227,0.7727272727272727,0.6,,,
mmgkzukxb91bym,242,81718,81.718,0.625,0.45,,,
mmgkzukxb91bym,279,94024,94.024,0.8780487804878049,0.65,,,
mmgkzukxb91bym,317,106835,106.835,0.8717948717948718,0.55,,,
mmgkzukxb91bym,356,119420,119.42,0.9285714285714286,0.75,,,
mmgkzukxb91bym,394,132953,132.953,0.7037037037037037,0.75,,,
mmgkzukxb91bym,423,142662,142.662,0.5277777777777778,0.55,,,
mmgkzukxb91bym,447,150297,150.297,0.9,0.85,,,
mmgkzukxb91bym,488,166950,166.95,0.8863636363636364,0.45,,,
mmgkzukxb91bym,548,187731,187.731,0.6,0.2,,,
mmgkzukxb91bym,580,198819,198.819,0.84,0.7,,,
mmgkzukxb91bym,653,223767,223.767,0.9285714285714286,0.2,,,
mmgkzukxb91bym,718,246494,246.494,0.736842105263158,0.5,,,
mmgkzukxb91bym,741,254356,254.356,0.7619047619047619,0.45,,,
mmgkzukxb91bym,786,269233,269.233,0.8936170212765957,0.6,,,
mmgkzukxb91bym,815,279150,279.15,0.7272727272727273,0.55,,,
mmgkzukxb91bym,839,287303,287.303,0.8275862068965517,0.7,,,
mmgkzukxb91bym,873,298215,298.215,0.7727272727272727,0.8,,,
mmgkzukxb91bym,926,316298,316.298,0.8974358974358975,0.8,,,
mmgkzukxb91bym,1005,343564,343.564,0.9428571428571428,0.25,,,
mmgkzukxb91bym,1041,355541,355.541,0.7009345794392523,0.75,,,
mmgkzukxb91bym,-1,0,0.0,0.0,0.0,"[0.0, 0.9999999999999999, 0.9999999999999999, 1.0, 0.0, 0.0, 0.0, 0.0, 0.0, 0.0, 0.0, 0.0, 0.0, 0.0, 0.0, 0.0, 0.0, 0.0, 0.0, 0.0, 0.0, 0.6190476190476191, 0.0, 0.0, 0.0, 0.0, 0.0, 0.0, 0.0, 0.0, 0.0, 0.0, 0.0, 0.0, 0.0, 0.0, 0.0, 0.0, 0.0, 0.0, 0.0, 0.0, 0.0, 0.0, 0.0, 0.0, 0.0, 0.0, 0.0, 0.0, 0.7692307692307692, 0.0, 0.0, 0.0, 0.0, 0.0, 0.0, 0.0, 0.0, 0.0, 0.0, 0.0, 0.0, 0.0, 0.0, 0.0, 0.0, 0.0, 0.0, 0.0, 0.0, 0.0, 0.0, 0.0, 0.0, 0.0, 0.0, 0.0, 0.0, 0.0, 0.0, 0.0, 0.0, 0.0, 0.0, 0.0, 0.0, 0.0, 0.0, 0.0, 0.0, 0.0, 0.0, 0.0, 0.0, 0.0, 0.0, 0.0, 0.0, 0.0, 0.0, 0.0, 0.0, 0.9298245614035088, 0.0, 0.0, 0.0, 0.0, 0.0, 0.0, 0.0, 0.0, 0.0, 0.0, 0.0, 0.0, 0.0, 0.0, 0.0, 0.0, 0.0, 0.0, 0.0, 0.0, 0.0, 0.0, 0.0, 0.0, 0.0, 0.6842105263157895, 0.0, 0.0, 0.0, 0.0, 0.0, 0.0, 0.0, 0.0, 0.0, 0.0, 0.0, 0.0, 0.0, 0.0, 0.0, 0.0, 0.0, 0.0, 0.8333333333333334, 0.0, 0.0, 0.0, 0.0, 0.0, 0.0, 0.0, 0.0, 0.0, 0.0, 0.0, 0.0, 0.0, 0.0, 0.0, 0.65, 0.0, 0.0, 0.0, 0.0, 0.0, 0.0, 0.0, 0.0, 0.0, 0.0, 0.0, 0.7222222222222222, 0.0, 0.0, 0.0, 0.0, 0.0, 0.0, 0.0, 0.0, 0.0, 0.0, 0.0, 0.0, 0.0, 0.0, 0.0, 0.0, 0.75, 0.0, 0.0, 0.0, 0.0, 0.0, 0.0, 0.0, 0.0, 0.0, 0.0, 0.0, 0.0, 0.0, 0.0, 0.0, 0.0, 0.0, 0.0, 0.7727272727272727, 0.0, 0.0, 0.0, 0.0, 0.0, 0.0, 0.0, 0.0, 0.0, 0.0, 0.0, 0.0, 0.0, 0.0, 0.0, 0.0, 0.0, 0.0, 0.0, 0.0, 0.0, 0.0, 0.0, 0.0, 0.0, 0.0, 0.0, 0.0, 0.0, 0.625, 0.0, 0.0, 0.0, 0.0, 0.0, 0.0, 0.0, 0.0, 0.0, 0.0, 0.0, 0.0, 0.0, 0.0, 0.0, 0.0, 0.0, 0.0, 0.0, 0.0, 0.0, 0.0, 0.0, 0.0, 0.5172413793103448, 0.0, 0.0, 0.0, 0.0, 0.0, 0.0, 0.0, 0.0, 0.0, 0.0, 0.0, 0.8780487804878049, 0.0, 0.0, 0.0, 0.0, 0.0, 0.0, 0.0, 0.0, 0.0, 0.0, 0.0, 0.0, 0.0, 0.0, 0.0, 0.0, 0.0, 0.0, 0.0, 0.0, 0.0, 0.0, 0.0, 0.0, 0.0, 0.0, 0.0, 0.0, 0.0, 0.0, 0.0, 0.0, 0.0, 0.0, 0.0, 0.0, 0.0, 0.8717948717948718, 0.0, 0.0, 0.0, 0.0, 0.0, 0.0, 0.0, 0.0, 0.0, 0.0, 0.0, 0.0, 0.0, 0.0, 0.0, 0.0, 0.0, 0.0, 0.0, 0.0, 0.0, 0.0, 0.0, 0.0, 0.0, 0.0, 0.0, 0.0, 0.0, 0.0, 0.0, 0.0, 0.0, 0.0, 0.0, 0.0, 0.0, 0.0, 0.9285714285714286, 0.6997269493976033, 0.0, 0.0, 0.0, 0.0, 0.0, 0.0, 0.0, 0.0, 0.0, 0.0, 0.0, 0.0, 0.0, 0.0, 0.0, 0.0, 0.6, 0.0, 0.0, 0.0, 0.0, 0.0, 0.0, 0.0, 0.0, 0.0, 0.0, 0.0, 0.0, 0.0, 0.0, 0.0, 0.0, 0.0, 0.0, 0.0, 0.7037037037037037, 0.0, 0.0, 0.0, 0.0, 0.0, 0.0, 0.0, 0.0, 0.0, 0.0, 0.0, 0.0, 0.0, 0.0, 0.0, 0.0, 0.0, 0.0, 0.0, 0.0, 0.0, 0.0, 0.0, 0.0, 0.0, 0.0, 0.0, 0.0, 0.5277777777777778, 0.0, 0.0, 0.0, 0.0, 0.0, 0.0, 0.0, 0.0, 0.0, 0.0, 0.0, 0.0, 0.0, 0.0, 0.0, 0.0, 0.0, 0.0, 0.0, 0.0, 0.0, 0.0, 0.0, 0.9, 0.0, 0.0, 0.0, 0.0, 0.0, 0.0, 0.0, 0.0, 0.0, 0.0, 0.0, 0.0, 0.0, 0.0, 0.0, 0.0, 0.0, 0.0, 0.0, 0.0, 0.0, 0.0, 0.0, 0.0, 0.0, 0.0, 0.0, 0.0, 0.0, 0.0, 0.7647058823529411, 0.0, 0.0, 0.0, 0.0, 0.0, 0.0, 0.0, 0.0, 0.0, 0.8863636363636364, 0.0, 0.0, 0.0, 0.0, 0.0, 0.0, 0.0, 0.0, 0.0, 0.0, 0.0, 0.0, 0.0, 0.0, 0.0, 0.0, 0.0, 0.7727272727272727, 0.0, 0.0, 0.0, 0.0, 0.0, 0.0, 0.0, 0.0, 0.0, 0.0, 0.0, 0.0, 0.0, 0.0, 0.0, 0.0, 0.0, 0.0, 0.0, 0.0, 0.0, 0.0, 0.0, 0.0, 0.0, 0.0, 0.0, 0.0, 0.0, 0.0, 0.0, 0.0, 0.5555555555555556, 0.0, 0.0, 0.0, 0.0, 0.0, 0.0, 0.0, 0.0, 0.6, 0.0, 0.0, 0.0, 0.0, 0.0, 0.0, 0.0, 0.0, 0.0, 0.0, 0.0, 0.0, 0.0, 0.0, 0.0, 0.0, 0.0, 0.0, 0.0, 0.0, 0.0, 0.0, 0.0, 0.0, 0.0, 0.0, 0.0, 0.0, 0.0, 0.0, 0.0, 0.84, 0.0, 0.0, 0.0, 0.0, 0.0, 0.0, 0.0, 0.0, 0.0, 0.0, 0.0, 0.0, 0.0, 0.0, 0.0, 0.0, 0.0, 0.0, 0.7142857142857143, 0.0, 0.0, 0.0, 0.0, 0.0, 0.0, 0.0, 0.0, 0.0, 0.0, 0.0, 0.0, 0.0, 0.0, 0.0, 0.0, 0.0, 0.0, 0.0, 0.0, 0.0, 0.0, 0.0, 0.0, 0.0, 0.0, 0.0, 0.0, 0.0, 0.0, 0.0, 0.0, 0.0, 0.0, 0.0, 0.0, 0.0, 0.0, 0.0, 0.0, 0.0, 0.0, 0.0, 0.0, 0.0, 0.0, 0.0, 0.0, 0.0, 0.0, 0.0, 0.0, 0.0, 0.9285714285714286, 0.0, 0.0, 0.0, 0.0, 0.0, 0.0, 0.0, 0.0, 0.0, 0.0, 0.0, 0.0, 0.0, 0.0, 0.0, 0.0, 0.0, 0.0, 0.0, 0.0, 0.0, 0.0, 0.0, 0.0, 0.0, 0.0, 0.0, 0.0, 0.0, 0.0, 0.0, 0.0, 0.0, 0.0, 0.0, 0.0, 0.0, 0.0, 0.0, 0.0, 0.0, 0.0, 0.0, 0.0, 0.0, 0.6734693877551021, 0.0, 0.0, 0.0, 0.0, 0.6842105263157895, 0.0, 0.0, 0.0, 0.0, 0.0, 0.0, 0.0, 0.0, 0.0, 0.0, 0.0, 0.0, 0.0, 0.736842105263158, 0.0, 0.0, 0.0, 0.0, 0.0, 0.0, 0.0, 0.0, 0.0, 0.0, 0.0, 0.0, 0.0, 0.0, 0.0, 0.0, 0.0, 0.0, 0.0, 0.0, 0.0, 0.0, 0.7619047619047619, 0.0, 0.0, 0.0, 0.0, 0.0, 0.0, 0.0, 0.0, 0.0, 0.0, 0.0, 0.0, 0.0, 0.0, 0.0, 0.0, 0.0, 0.0, 0.0, 0.0, 0.0, 0.0, 0.0, 0.0, 0.0, 0.0, 0.0, 0.0, 0.0, 0.0, 0.0, 0.0, 0.0, 0.0, 0.0, 0.0, 0.0, 0.0, 0.0, 0.0, 0.0, 0.0, 0.0, 0.0, 0.8936170212765957, 0.0, 0.0, 0.0, 0.0, 0.0, 0.0, 0.0, 0.0, 0.0, 0.0, 0.0, 0.0, 0.0, 0.736842105263158, 0.0, 0.0, 0.0, 0.0, 0.0, 0.0, 0.0, 0.0, 0.0, 0.0, 0.0, 0.0, 0.0, 0.0, 0.7272727272727273, 0.0, 0.0, 0.0, 0.0, 0.0, 0.0, 0.0, 0.0, 0.0, 0.0, 0.0, 0.0, 0.0, 0.0, 0.0, 0.0, 0.0, 0.0, 0.0, 0.0, 0.0, 0.0, 0.0, 0.8275862068965517, 0.0, 0.0, 0.0, 0.0, 0.0, 0.0, 0.0, 0.0, 0.0, 0.0, 0.0, 0.0, 0.0, 0.0, 0.0, 0.75, 0.0, 0.0, 0.0, 0.0, 0.0, 0.0, 0.0, 0.0, 0.0, 0.0, 0.0, 0.0, 0.0, 0.0, 0.0, 0.0, 0.0, 0.7727272727272727, 0.0, 0.0, 0.0, 0.0, 0.0, 0.0, 0.0, 0.0, 0.0, 0.0, 0.0, 0.0, 0.0, 0.0, 0.0, 0.0, 0.0, 0.0, 0.7391304347826086, 0.0, 0.0, 0.0, 0.0, 0.0, 0.0, 0.0, 0.0, 0.0, 0.0, 0.0, 0.0, 0.0, 0.0, 0.0, 0.0, 0.0, 0.0, 0.0, 0.0, 0.0, 0.0, 0.0, 0.0, 0.0, 0.0, 0.0, 0.0, 0.0, 0.0, 0.0, 0.0, 0.0, 0.8974358974358975, 0.0, 0.0, 0.0, 0.0, 0.0, 0.0, 0.0, 0.0, 0.0, 0.0, 0.0, 0.0, 0.0, 0.0, 0.6111111111111112, 0.0, 0.0, 0.0, 0.0, 0.0, 0.0, 0.0, 0.0, 0.0, 0.0, 0.0, 0.0, 0.0, 0.0, 0.0, 0.0, 0.0, 0.0, 0.0, 0.0, 0.0, 0.0, 0.0, 0.0, 0.0, 0.0, 0.0, 0.0, 0.0, 0.0, 0.0, 0.0, 0.0, 0.0, 0.0, 0.0, 0.0, 0.0, 0.0, 0.0, 0.0, 0.0, 0.0, 0.0, 0.0, 0.0, 0.0, 0.0, 0.0, 0.0, 0.0, 0.0, 0.0, 0.0, 0.0, 0.0, 0.0, 0.0, 0.0, 0.0, 0.0, 0.0, 0.0, 0.9428571428571428, 0.0, 0.0, 0.0, 0.0, 0.0, 0.0, 0.0, 0.0, 0.0, 0.0, 0.0, 0.0, 0.0, 0.0, 0.0, 0.0, 0.0, 0.0, 0.0, 0.0, 0.0, 0.0, 0.0, 0.0, 0.0, 0.0, 0.0, 0.0, 0.0, 0.0, 0.0, 0.0, 0.0, 0.0, 0.0, 0.7009345794392523, 0.0, 0.0, 0.0, 0.0, 0.0, 0.0, 0.0, 0.0, 0.0, 0.0, 0.0, 0.0]","[1.0, 1.0, 1.0, 1.0, 1.0, 1.0, 1.0, 1.0, 1.0, 1.0, 1.0, 1.0, 0.9230769230769232, 0.8571428571428571, 0.8, 0.75, 0.7058823529411765, 0.6666666666666666, 0.6842105263157895, 0.7, 0.65, 0.6, 0.55, 0.5, 0.45, 0.4, 0.35, 0.3, 0.3, 0.3, 0.3, 0.25, 0.25, 0.25, 0.25, 0.25, 0.25, 0.25, 0.2, 0.15, 0.15, 0.2, 0.25, 0.3, 0.35, 0.4, 0.45, 0.5, 0.5, 0.5, 0.5, 0.5, 0.5, 0.5, 0.5, 0.5, 0.5, 0.55, 0.6, 0.65, 0.7, 0.65, 0.6, 0.55, 0.55, 0.55, 0.55, 0.55, 0.5, 0.45, 0.45, 0.5, 0.55, 0.6, 0.65, 0.65, 0.65, 0.6, 0.55, 0.5, 0.45, 0.45, 0.45, 0.45, 0.4, 0.4, 0.4, 0.4, 0.45, 0.5, 0.5, 0.5, 0.45, 0.4, 0.35, 0.4, 0.45, 0.5, 0.55, 0.6, 0.65, 0.7, 0.75, 0.75, 0.8, 0.8, 0.8, 0.75, 0.7, 0.65, 0.6, 0.55, 0.55, 0.55, 0.6, 0.6, 0.6, 0.6, 0.6, 0.6, 0.6, 0.6, 0.55, 0.55, 0.5, 0.45, 0.4, 0.4, 0.4, 0.4, 0.4, 0.4, 0.4, 0.4, 0.4, 0.4, 0.35, 0.35, 0.35, 0.35, 0.35, 0.35, 0.4, 0.45, 0.5, 0.55, 0.6, 0.65, 0.65, 0.65, 0.65, 0.65, 0.65, 0.65, 0.6, 0.55, 0.55, 0.5, 0.45, 0.45, 0.45, 0.4, 0.35, 0.3, 0.25, 0.25, 0.25, 0.25, 0.3, 0.35, 0.4, 0.45, 0.5, 0.55, 0.6, 0.65, 0.7, 0.75, 0.8, 0.8, 0.8, 0.8, 0.8, 0.8, 0.8, 0.75, 0.7, 0.65, 0.6, 0.55, 0.5, 0.45, 0.4, 0.35, 0.3, 0.25, 0.2, 0.15, 0.1, 0.05, 0.0, 0.05, 0.1, 0.15, 0.2, 0.25, 0.3, 0.35, 0.4, 0.45, 0.5, 0.55, 0.6, 0.65, 0.7, 0.75, 0.8, 0.85, 0.9, 0.95, 0.95, 0.9, 0.85, 0.8, 0.75, 0.7, 0.65, 0.65, 0.65, 0.65, 0.65, 0.65, 0.65, 0.65, 0.65, 0.65, 0.6, 0.55, 0.5, 0.45, 0.45, 0.45, 0.45, 0.45, 0.45, 0.45, 0.45, 0.45, 0.45, 0.45, 0.45, 0.45, 0.45, 0.4, 0.35, 0.3, 0.3, 0.3, 0.3, 0.3, 0.3, 0.3, 0.3, 0.3, 0.3, 0.3, 0.3, 0.3, 0.3, 0.3, 0.3, 0.3, 0.3, 0.35, 0.4, 0.45, 0.5, 0.55, 0.6, 0.65, 0.7, 0.75, 0.8, 0.85, 0.85, 0.85, 0.85, 0.85, 0.85, 0.85, 0.85, 0.8, 0.8, 0.8, 0.8, 0.8, 0.75, 0.75, 0.75, 0.75, 0.75, 0.75, 0.75, 0.75, 0.8, 0.85, 0.9, 0.9, 0.85, 0.8, 0.75, 0.75, 0.7, 0.65, 0.6, 0.55, 0.55, 0.55, 0.55, 0.55, 0.55, 0.55, 0.55, 0.55, 0.55, 0.55, 0.55, 0.55, 0.55, 0.55, 0.55, 0.55, 0.55, 0.55, 0.55, 0.55, 0.55, 0.5, 0.5, 0.5, 0.5, 0.5, 0.5, 0.5, 0.5, 0.5, 0.5, 0.5, 0.55, 0.55, 0.55, 0.55, 0.55, 0.6, 0.65, 0.7, 0.75, 0.8, 0.8, 0.8, 0.8, 0.8, 0.8, 0.8, 0.75, 0.7, 0.65, 0.6, 0.55, 0.55, 0.55, 0.55, 0.55, 0.5, 0.45, 0.4, 0.4, 0.4, 0.4, 0.4, 0.4, 0.4, 0.4, 0.4, 0.45, 0.5, 0.55, 0.6, 0.65, 0.65, 0.65, 0.65, 0.65, 0.7, 0.75, 0.8, 0.8, 0.8, 0.8, 0.8, 0.8, 0.8, 0.8, 0.8, 0.8, 0.75, 0.7, 0.65, 0.6, 0.6, 0.6, 0.6, 0.6, 0.6, 0.6, 0.6, 0.6, 0.6, 0.6, 0.6, 0.6, 0.6, 0.6, 0.55, 0.5, 0.5, 0.5, 0.5, 0.5, 0.5, 0.5, 0.55, 0.6, 0.6, 0.6, 0.6, 0.6, 0.6, 0.6, 0.6, 0.6, 0.6, 0.6, 0.65, 0.7, 0.75, 0.8, 0.85, 0.9, 0.9, 0.9, 0.85, 0.8, 0.75, 0.7, 0.65, 0.6, 0.6, 0.6, 0.6, 0.6, 0.6, 0.6, 0.6, 0.6, 0.6, 0.6, 0.6, 0.6, 0.65, 0.7, 0.75, 0.8, 0.85, 0.9, 0.95, 1.0, 0.95, 0.9, 0.85, 0.8, 0.75, 0.7, 0.65, 0.6, 0.55, 0.5, 0.45, 0.45, 0.45, 0.45, 0.45, 0.45, 0.45, 0.45, 0.45, 0.45, 0.5, 0.5, 0.5, 0.5, 0.55, 0.6, 0.65, 0.7, 0.75, 0.8, 0.85, 0.85, 0.85, 0.85, 0.85, 0.85, 0.85, 0.85, 0.8, 0.75, 0.7, 0.7, 0.7, 0.7, 0.65, 0.65, 0.65, 0.65, 0.65, 0.65, 0.65, 0.65, 0.65, 0.65, 0.65, 0.6, 0.55, 0.5, 0.5, 0.5, 0.5, 0.5, 0.5, 0.5, 0.5, 0.45, 0.4, 0.35, 0.3, 0.25, 0.2, 0.2, 0.2, 0.2, 0.2, 0.25, 0.3, 0.35, 0.4, 0.4, 0.4, 0.4, 0.4, 0.4, 0.4, 0.4, 0.4, 0.4, 0.4, 0.4, 0.45, 0.45, 0.45, 0.45, 0.45, 0.45, 0.45, 0.45, 0.45, 0.5, 0.55, 0.6, 0.65, 0.7, 0.75, 0.8, 0.85, 0.9, 0.95, 1.0, 0.95, 0.9, 0.85, 0.8, 0.75, 0.7, 0.65, 0.6, 0.55, 0.55, 0.5, 0.45, 0.4, 0.35, 0.3, 0.25, 0.2, 0.15, 0.1, 0.1, 0.15, 0.2, 0.25, 0.3, 0.35, 0.4, 0.45, 0.45, 0.45, 0.4, 0.4, 0.4, 0.4, 0.4, 0.4, 0.4, 0.4, 0.4, 0.45, 0.45, 0.45, 0.45, 0.45, 0.45, 0.45, 0.45, 0.45, 0.45, 0.45, 0.45, 0.45, 0.45, 0.45, 0.45, 0.45, 0.45, 0.5, 0.55, 0.55, 0.55, 0.5, 0.45, 0.4, 0.35, 0.3, 0.25, 0.2, 0.2, 0.2, 0.2, 0.25, 0.3, 0.35, 0.4, 0.45, 0.5, 0.5, 0.5, 0.5, 0.45, 0.45, 0.45, 0.45, 0.45, 0.45, 0.45, 0.45, 0.45, 0.45, 0.45, 0.4, 0.4, 0.4, 0.4, 0.4, 0.4, 0.4, 0.35, 0.3, 0.3, 0.3, 0.3, 0.3, 0.3, 0.3, 0.3, 0.3, 0.3, 0.3, 0.3, 0.3, 0.25, 0.2, 0.15, 0.1, 0.05, 0.0, 0.0, 0.0, 0.0, 0.0, 0.0, 0.05, 0.1, 0.15, 0.2, 0.25, 0.3, 0.35, 0.4, 0.45, 0.5, 0.55, 0.6, 0.65, 0.7, 0.75, 0.8, 0.85, 0.9, 0.95, 1.0, 0.95, 0.95, 0.95, 0.9, 0.85, 0.8, 0.75, 0.7, 0.65, 0.6, 0.55, 0.5, 0.45, 0.4, 0.35, 0.3, 0.25, 0.2, 0.2, 0.2, 0.25, 0.25, 0.25, 0.3, 0.35, 0.4, 0.45, 0.45, 0.45, 0.45, 0.45, 0.45, 0.45, 0.45, 0.45, 0.45, 0.45, 0.45, 0.4, 0.35, 0.3, 0.25, 0.25, 0.25, 0.25, 0.2, 0.15, 0.2, 0.25, 0.3, 0.35, 0.4, 0.45, 0.5, 0.55, 0.6, 0.6, 0.6, 0.6, 0.6, 0.6, 0.6, 0.55, 0.5, 0.45, 0.45, 0.45, 0.4, 0.35, 0.3, 0.25, 0.25, 0.25, 0.25, 0.25, 0.25, 0.3, 0.3, 0.3, 0.35, 0.4, 0.45, 0.5, 0.55, 0.55, 0.55, 0.55, 0.55, 0.55, 0.55, 0.55, 0.5, 0.45, 0.4, 0.35, 0.35, 0.35, 0.4, 0.45, 0.45, 0.45, 0.45, 0.45, 0.45, 0.5, 0.55, 0.6, 0.65, 0.7, 0.7, 0.7, 0.7, 0.7, 0.7, 0.75, 0.75, 0.75, 0.75, 0.75, 0.7, 0.65, 0.6, 0.55, 0.5, 0.45, 0.4, 0.35, 0.3, 0.25, 0.3, 0.35, 0.4, 0.45, 0.5, 0.5, 0.5, 0.5, 0.5, 0.5, 0.55, 0.6, 0.65, 0.7, 0.75, 0.8, 0.85, 0.9, 0.95, 1.0, 0.95, 0.9, 0.85, 0.8, 0.8, 0.8, 0.8, 0.75, 0.7, 0.65, 0.6, 0.55, 0.5, 0.5, 0.5, 0.5, 0.5, 0.5, 0.5, 0.5, 0.55, 0.6, 0.65, 0.65, 0.6, 0.55, 0.5, 0.5, 0.5, 0.5, 0.5, 0.5, 0.5, 0.5, 0.5, 0.5, 0.5, 0.5, 0.5, 0.5, 0.5, 0.5, 0.5, 0.55, 0.6, 0.65, 0.7, 0.75, 0.8, 0.85, 0.85, 0.85, 0.85, 0.8, 0.75, 0.7, 0.65, 0.6, 0.55, 0.5, 0.5, 0.5, 0.5, 0.5, 0.5, 0.5, 0.5, 0.5, 0.5, 0.5, 0.55, 0.55, 0.55, 0.55, 0.55, 0.6, 0.65, 0.7, 0.75, 0.75, 0.7, 0.65, 0.6, 0.55, 0.5, 0.45, 0.4, 0.4, 0.4, 0.4, 0.4, 0.45, 0.5, 0.55, 0.6, 0.55, 0.5, 0.45, 0.4, 0.4, 0.45, 0.5, 0.55, 0.6, 0.65, 0.7, 0.75, 0.75, 0.7, 0.65, 0.6, 0.55, 0.5, 0.45, 0.4, 0.4, 0.4, 0.45, 0.5, 0.55, 0.55, 0.55, 0.5, 0.45, 0.4, 0.35, 0.3, 0.25, 0.3, 0.35, 0.4, 0.45, 0.5, 0.55, 0.6, 0.65, 0.7, 0.65, 0.6, 0.55, 0.5, 0.45, 0.45, 0.5, 0.55, 0.6, 0.65, 0.7, 0.7, 0.65, 0.6, 0.55, 0.5, 0.5, 0.5, 0.5, 0.5, 0.55, 0.6, 0.65, 0.7, 0.75, 0.8, 0.75, 0.7, 0.65, 0.6, 0.55, 0.5, 0.5, 0.5, 0.55, 0.6, 0.6, 0.55, 0.5]","[1.091, 1.491, 1.828, 2.077, 2.427, 2.744, 3.065, 3.365, 3.698, 4.004, 4.337, 4.687, 4.941, 5.274, 5.624, 5.962, 6.295, 6.578, 7.05, 7.399, 7.633, 8.138, 8.453, 8.792, 9.107, 9.424, 9.757, 10.046, 10.662, 10.996, 11.279, 11.517, 11.853, 12.157, 12.49, 12.773, 13.077, 13.411, 13.727, 14.035, 14.35, 14.766, 15.069, 15.352, 15.652, 15.941, 16.207, 16.507, 16.811, 17.086, 17.377, 17.817, 18.15, 18.483, 18.805, 19.121, 19.438, 19.942, 20.258, 20.558, 20.88, 21.746, 22.05, 22.516, 23.221, 23.554, 23.858, 24.107, 24.441, 24.758, 25.242, 25.642, 25.948, 26.248, 26.515, 26.935, 27.268, 27.568, 27.82, 28.086, 28.386, 28.686, 28.956, 29.29, 29.606, 29.948, 30.597, 30.936, 31.213, 31.48, 31.763, 32.068, 32.639, 32.947, 33.282, 33.597, 33.936, 34.235, 34.535, 34.778, 35.106, 35.522, 35.912, 36.271, 36.637, 36.979, 37.245, 37.516, 37.846, 38.145, 38.462, 38.745, 39.047, 39.38, 39.82, 40.152, 40.485, 40.807, 41.14, 41.49, 41.773, 42.061, 42.323, 42.66, 42.983, 43.316, 43.649, 43.987, 44.304, 44.637, 44.96, 45.294, 45.627, 45.932, 46.416, 46.732, 47.221, 47.504, 47.842, 48.159, 48.625, 48.947, 49.613, 49.952, 50.218, 50.552, 50.891, 51.193, 51.474, 51.795, 52.129, 52.428, 52.744, 53.049, 53.366, 53.682, 54.004, 54.436, 54.686, 54.941, 55.274, 55.519, 55.742, 56.079, 56.412, 56.761, 57.699, 58.04, 58.339, 58.622, 58.894, 59.178, 59.444, 59.799, 60.082, 60.382, 60.682, 61.072, 61.389, 61.705, 62.043, 62.46, 62.776, 63.113, 63.447, 63.78, 64.105, 64.405, 64.722, 65.044, 65.377, 65.676, 65.997, 66.314, 66.63, 67.005, 67.338, 67.688, 68.008, 68.307, 68.624, 68.879, 69.163, 69.495, 69.801, 70.118, 70.418, 70.718, 70.972, 71.305, 71.622, 71.894, 72.227, 72.576, 72.883, 73.183, 73.466, 73.804, 74.12, 74.386, 74.653, 74.975, 75.293, 75.609, 75.931, 76.264, 76.613, 77.034, 77.368, 77.7, 77.971, 78.272, 78.521, 78.842, 79.159, 79.441, 79.83, 80.163, 80.496, 80.783, 81.101, 81.418, 81.718, 82.038, 82.387, 82.687, 82.992, 83.308, 83.641, 83.962, 84.296, 84.579, 84.851, 85.684, 86.021, 86.355, 86.704, 86.992, 87.31, 87.642, 87.981, 88.398, 88.715, 89.035, 89.385, 89.718, 90.023, 90.322, 90.656, 90.993, 91.326, 91.576, 91.899, 92.182, 92.482, 92.784, 93.069, 93.369, 93.702, 94.024, 94.34, 94.69, 95.013, 95.295, 95.779, 96.118, 96.484, 96.956, 97.305, 97.638, 97.93, 98.196, 98.58, 98.901, 99.251, 99.517, 99.767, 99.993, 100.286, 100.619, 100.957, 101.307, 101.607, 101.964, 102.296, 102.629, 102.967, 103.284, 103.684, 104.039, 104.389, 104.721, 105.044, 105.343, 105.644, 105.931, 106.264, 106.835, 107.168, 107.484, 107.806, 108.123, 108.472, 108.793, 109.111, 109.393, 109.693, 109.964, 110.296, 110.663, 110.984, 111.301, 111.618, 111.942, 112.259, 112.592, 112.896, 113.213, 113.646, 113.966, 114.316, 114.632, 114.94, 115.257, 115.54, 115.877, 116.16, 116.493, 116.798, 117.182, 117.532, 117.868, 118.168, 118.435, 118.768, 119.104, 119.42, 119.703, 120.041, 120.357, 120.707, 121.045, 121.361, 121.678, 121.982, 122.365, 122.682, 122.99, 123.339, 123.673, 124.044, 124.289, 124.61, 124.948, 125.215, 125.531, 126.878, 127.245, 127.511, 127.865, 128.216, 128.515, 128.82, 129.136, 129.453, 129.786, 130.09, 130.407, 130.724, 131.145, 131.511, 131.865, 132.182, 132.581, 132.953, 133.303, 133.653, 133.975, 134.308, 134.658, 134.978, 135.311, 135.645, 135.953, 136.254, 136.483, 136.807, 137.123, 137.473, 137.844, 138.161, 138.46, 138.835, 139.584, 139.922, 140.255, 140.554, 140.859, 141.175, 141.492, 141.813, 142.113, 142.379, 142.662, 143.001, 143.317, 143.65, 143.972, 144.323, 144.567, 144.91, 145.163, 145.51, 145.848, 146.165, 146.481, 146.803, 147.119, 147.419, 147.752, 148.09, 148.423, 148.739, 149.043, 149.394, 149.727, 149.997, 150.297, 150.597, 151.003, 151.336, 151.652, 151.973, 152.289, 152.656, 152.947, 153.247, 153.531, 153.885, 154.235, 154.551, 154.872, 155.155, 155.506, 155.862, 156.163, 156.462, 156.779, 157.084, 157.434, 157.767, 158.139, 158.455, 158.755, 159.126, 159.51, 159.814, 163.196, 163.53, 163.902, 164.235, 164.584, 164.94, 165.29, 165.622, 165.978, 166.311, 166.644, 166.95, 167.3, 167.633, 167.972, 168.271, 168.621, 168.929, 169.262, 169.612, 169.883, 170.333, 170.666, 170.987, 171.387, 171.704, 172.008, 172.341, 172.674, 173.03, 173.363, 173.696, 174.0, 174.334, 174.667, 174.992, 175.309, 175.676, 176.162, 176.529, 176.866, 177.199, 177.532, 177.873, 178.19, 178.672, 178.993, 179.376, 179.743, 180.131, 180.447, 180.802, 181.152, 181.518, 181.756, 182.173, 182.516, 182.855, 183.172, 183.445, 183.778, 184.084, 184.384, 184.75, 185.089, 185.439, 185.771, 186.144, 186.493, 186.864, 187.164, 187.731, 188.071, 188.421, 188.738, 189.025, 189.341, 189.641, 189.979, 190.462, 190.8, 191.167, 191.5, 191.838, 192.205, 192.538, 192.888, 193.204, 193.521, 193.842, 194.458, 194.846, 195.179, 195.495, 195.802, 196.136, 196.452, 196.785, 197.142, 197.474, 197.829, 198.179, 198.479, 198.819, 199.119, 199.436, 199.752, 200.04, 200.389, 200.689, 201.026, 201.393, 201.726, 202.066, 202.361, 202.688, 203.025, 203.392, 203.713, 204.117, 204.617, 204.956, 205.272, 205.605, 205.927, 206.244, 206.526, 206.865, 207.181, 207.648, 207.985, 208.302, 208.601, 208.873, 209.257, 209.59, 209.878, 210.262, 210.594, 211.299, 211.63, 211.987, 212.27, 212.57, 212.888, 213.157, 213.505, 213.859, 214.559, 214.861, 215.211, 215.449, 215.727, 216.099, 216.465, 216.82, 217.12, 217.67, 218.008, 218.341, 218.674, 219.012, 219.295, 219.612, 219.934, 220.25, 220.6, 220.939, 221.272, 221.538, 221.786, 222.162, 222.484, 222.822, 223.171, 223.467, 223.767, 224.086, 224.424, 224.707, 225.246, 225.579, 225.901, 226.234, 226.551, 226.905, 227.238, 227.554, 227.842, 228.241, 228.591, 228.896, 229.229, 229.545, 229.867, 230.183, 230.517, 230.853, 231.17, 231.504, 231.825, 232.341, 232.69, 233.012, 233.329, 233.645, 233.95, 234.217, 234.583, 234.938, 235.289, 235.571, 236.525, 236.913, 237.263, 237.613, 237.821, 238.153, 238.503, 239.256, 239.606, 239.944, 240.261, 240.61, 240.915, 241.181, 241.481, 241.781, 242.152, 242.503, 242.805, 243.122, 243.626, 243.947, 244.314, 244.652, 244.99, 245.34, 245.656, 245.874, 246.161, 246.494, 246.832, 247.181, 247.515, 247.821, 248.12, 248.403, 248.77, 249.091, 249.441, 249.757, 250.275, 250.674, 250.979, 251.378, 251.728, 252.065, 252.399, 252.715, 253.019, 253.369, 253.703, 254.007, 254.356, 254.723, 255.01, 255.309, 255.66, 255.981, 256.399, 256.764, 257.082, 257.382, 257.699, 258.038, 258.272, 258.636, 259.025, 259.475, 259.829, 260.162, 260.512, 260.85, 261.166, 261.483, 261.749, 262.104, 262.453, 262.825, 263.141, 263.441, 263.774, 264.079, 264.362, 264.729, 265.034, 265.269, 265.633, 265.852, 266.188, 266.537, 266.858, 267.174, 267.491, 267.811, 268.178, 268.512, 268.866, 269.233, 269.565, 269.888, 270.238, 270.554, 270.892, 271.242, 271.542, 271.832, 272.165, 272.449, 272.804, 273.137, 273.47, 273.891, 274.241, 274.574, 274.931, 275.28, 275.614, 276.002, 276.352, 276.823, 277.189, 277.539, 277.88, 278.196, 278.415, 278.817, 279.15, 279.517, 279.887, 280.238, 280.587, 280.909, 281.275, 281.625, 282.063, 282.297, 282.63, 282.952, 283.268, 283.585, 283.89, 284.207, 284.507, 284.829, 285.145, 285.628, 285.932, 286.216, 286.532, 286.97, 287.303, 287.619, 287.946, 288.28, 288.51, 288.833, 289.166, 289.466, 289.75, 289.98, 290.201, 290.52, 290.842, 291.192, 291.542, 291.846, 292.18, 292.513, 292.85, 293.078, 293.4, 293.733, 294.054, 294.488, 294.807, 295.141, 295.508, 295.845, 296.211, 296.561, 296.878, 297.212, 297.511, 297.882, 298.215, 298.532, 298.803, 299.169, 299.502, 300.306, 300.656, 300.978, 301.311, 301.899, 302.232, 302.565, 302.942, 303.161, 303.542, 303.913, 304.23, 304.563, 304.817, 305.151, 305.467, 305.767, 306.069, 306.436, 306.752, 307.073, 307.406, 307.673, 307.928, 308.294, 308.627, 308.949, 309.265, 309.615, 309.973, 310.272, 310.572, 310.857, 311.257, 311.623, 311.962, 312.261, 312.678, 312.883, 313.199, 313.632, 313.956, 314.289, 314.639, 314.977, 315.311, 315.627, 315.965, 316.298, 316.615, 317.069, 317.402, 317.718, 318.056, 318.39, 318.723, 319.027, 319.31, 319.643, 319.948, 320.398, 320.714, 321.035, 321.335, 321.668, 321.99, 322.34, 322.656, 322.994, 323.31, 323.627, 323.868, 324.219, 324.551, 324.869, 325.768, 326.141, 326.44, 326.756, 326.969, 327.324, 327.641, 327.845, 328.161, 328.495, 328.815, 329.132, 329.905, 330.238, 330.554, 330.908, 331.224, 331.525, 331.814, 332.097, 332.333, 332.697, 333.035, 333.368, 333.672, 334.269, 334.602, 334.923, 335.246, 335.546, 335.848, 336.147, 336.447, 336.682, 337.051, 337.401, 337.7, 338.404, 338.755, 339.073, 339.39, 339.673, 340.064, 340.396, 340.729, 341.05, 341.3, 341.938, 342.304, 342.638, 342.948, 343.264, 343.564, 343.807, 344.166, 344.549, 344.87, 345.169, 345.47, 345.785, 346.107, 346.456, 346.828, 347.195, 347.511, 347.833, 348.166, 348.483, 348.87, 349.237, 349.57, 349.891, 350.208, 350.524, 350.769, 351.112, 351.429, 351.745, 352.183, 352.499, 352.82, 353.17, 353.519, 353.859, 354.169, 354.536, 354.859, 355.175, 355.541, 355.918, 356.235, 356.551, 356.907, 357.491, 357.794, 358.144, 358.577, 358.932, 359.232, 359.599, 359.921]"
mmglwqjl2idcz3,102,73949,73.949,0.9690721649484536,0.7,,,
mmglwqjl2idcz3,134,96318,96.318,0.8,0.5,,,
mmglwqjl2idcz3,207,135053,135.053,0.9545454545454546,0.7,,,
mmglwqjl2idcz3,228,148054,148.054,0.782608695652174,1.0,,,
mmglwqjl2idcz3,281,175856,175.856,0.9107142857142857,0.75,,,
mmglwqjl2idcz3,306,190291,190.291,0.8620689655172413,0.45,,,
mmglwqjl2idcz3,392,233377,233.377,0.9625,0.25,,,
mmglwqjl2idcz3,415,247427,247.427,0.76,0.0,,,
mmglwqjl2idcz3,466,272264,272.264,0.9464285714285714,0.3,,,
mmglwqjl2idcz3,492,290982,290.982,0.7407407407407407,0.35,,,
mmglwqjl2idcz3,514,307882,307.882,0.7959183673469388,0.6,,,
mmglwqjl2idcz3,567,348485,348.485,0.9313725490196079,0.6,,,
mmglwqjl2idcz3,-1,0,0.0,0.0,0.0,"[0.0, 0.9999999999999999, 1.0, 1.0, 0.0, 0.0, 0.0, 0.0, 0.0, 0.0, 0.0, 0.0, 0.0, 0.0, 0.0, 0.0, 0.0, 0.0, 0.0, 0.0, 0.0, 0.0, 0.0, 0.0, 0.0, 0.0, 0.0, 0.0, 0.0, 0.0, 0.0, 0.0, 0.0, 0.0, 0.0, 0.0, 0.0, 0.0, 0.0, 0.0, 0.0, 0.0, 0.0, 0.0, 0.0, 0.0, 0.0, 0.0, 0.0, 0.0, 0.0, 0.0, 0.0, 0.0, 0.0, 0.0, 0.0, 0.0, 0.0, 0.0, 0.0, 0.0, 0.0, 0.0, 0.0, 0.0, 0.0, 0.0, 0.0, 0.0, 0.0, 0.0, 0.0, 0.0, 0.0, 0.0, 0.0, 0.0, 0.0, 0.0, 0.0, 0.0, 0.0, 0.0, 0.0, 0.0, 0.0, 0.0, 0.0, 0.0, 0.0, 0.0, 0.0, 0.0, 0.0, 0.0, 0.0, 0.0, 0.0, 0.0, 0.0, 0.0, 0.9690721649484536, 0.7896341075366045, 0.0, 0.0, 0.0, 0.0, 0.0, 0.0, 0.0, 0.0, 0.0, 0.0, 0.0, 0.0, 0.0, 0.0, 0.0, 0.0, 0.0, 0.0, 0.0, 0.0, 0.0, 0.0, 0.0, 0.0, 0.0, 0.0, 0.0, 0.0, 0.0, 0.0, 0.8, 0.0, 0.0, 0.0, 0.0, 0.0, 0.0, 0.0, 0.0, 0.0, 0.0, 0.0, 0.0, 0.0, 0.0, 0.0, 0.0, 0.0, 0.0, 0.0, 0.0, 0.0, 0.0, 0.0, 0.0, 0.0, 0.0, 0.0, 0.0, 0.0, 0.0, 0.0, 0.0, 0.0, 0.0, 0.0, 0.0, 0.0, 0.0, 0.0, 0.0, 0.0, 0.0, 0.0, 0.0, 0.0, 0.0, 0.0, 0.0, 0.0, 0.0, 0.0, 0.0, 0.0, 0.0, 0.0, 0.0, 0.0, 0.0, 0.0, 0.0, 0.0, 0.0, 0.0, 0.0, 0.0, 0.0, 0.0, 0.0, 0.0, 0.0, 0.0, 0.0, 0.9545454545454546, 0.5616366651866498, 0.0, 0.0, 0.0, 0.0, 0.0, 0.0, 0.0, 0.0, 0.0, 0.0, 0.0, 0.0, 0.0, 0.0, 0.0, 0.0, 0.0, 0.0, 0.0, 0.782608695652174, 0.0, 0.0, 0.0, 0.0, 0.0, 0.0, 0.0, 0.0, 0.0, 0.0, 0.0, 0.0, 0.0, 0.0, 0.0, 0.0, 0.0, 0.0, 0.0, 0.0, 0.0, 0.0, 0.0, 0.0, 0.0, 0.0, 0.0, 0.0, 0.0, 0.0, 0.0, 0.0, 0.0, 0.0, 0.0, 0.0, 0.0, 0.0, 0.0, 0.0, 0.0, 0.0, 0.0, 0.0, 0.0, 0.0, 0.0, 0.0, 0.0, 0.0, 0.0, 0.0, 0.9107142857142857, 0.0, 0.0, 0.0, 0.0, 0.0, 0.0, 0.0, 0.0, 0.0, 0.0, 0.0, 0.0, 0.0, 0.0, 0.0, 0.0, 0.0, 0.0, 0.0, 0.0, 0.0, 0.0, 0.0, 0.0, 0.8620689655172413, 0.0, 0.0, 0.0, 0.0, 0.0, 0.0, 0.0, 0.0, 0.0, 0.0, 0.0, 0.0, 0.0, 0.0, 0.0, 0.0, 0.0, 0.0, 0.0, 0.0, 0.0, 0.0, 0.0, 0.0, 0.0, 0.0, 0.0, 0.0, 0.0, 0.0, 0.0, 0.0, 0.0, 0.0, 0.0, 0.0, 0.0, 0.0, 0.0, 0.0, 0.0, 0.0, 0.0, 0.0, 0.0, 0.0, 0.0, 0.0, 0.0, 0.0, 0.0, 0.0, 0.0, 0.0, 0.0, 0.0, 0.0, 0.0, 0.0, 0.0, 0.0, 0.0, 0.0, 0.0, 0.0, 0.0, 0.0, 0.0, 0.0, 0.0, 0.0, 0.0, 0.0, 0.0, 0.0, 0.0, 0.0, 0.0, 0.0, 0.0, 0.0, 0.0, 0.0, 0.0, 0.0, 0.9625, 0.7271876122324628, 0.0, 0.0, 0.0, 0.0, 0.0, 0.0, 0.0, 0.0, 0.0, 0.0, 0.0, 0.0, 0.0, 0.0, 0.0, 0.0, 0.0, 0.0, 0.0, 0.0, 0.0, 0.76, 0.0, 0.0, 0.0, 0.0, 0.0, 0.0, 0.0, 0.0, 0.0, 0.0, 0.0, 0.0, 0.0, 0.0, 0.0, 0.0, 0.0, 0.0, 0.0, 0.0, 0.0, 0.0, 0.0, 0.0, 0.0, 0.0, 0.0, 0.0, 0.0, 0.0, 0.0, 0.0, 0.0, 0.0, 0.0, 0.0, 0.0, 0.0, 0.0, 0.0, 0.0, 0.0, 0.0, 0.0, 0.0, 0.0, 0.0, 0.0, 0.0, 0.0, 0.9464285714285714, 0.0, 0.0, 0.0, 0.0, 0.0, 0.0, 0.0, 0.0, 0.0, 0.0, 0.0, 0.0, 0.0, 0.0, 0.0, 0.0, 0.0, 0.0, 0.0, 0.0, 0.0, 0.0, 0.0, 0.0, 0.0, 0.7407407407407407, 0.0, 0.0, 0.0, 0.0, 0.0, 0.0, 0.0, 0.0, 0.0, 0.0, 0.0, 0.0, 0.0, 0.0, 0.0, 0.0, 0.0, 0.0, 0.0, 0.0, 0.0, 0.7959183673469388, 0.0, 0.0, 0.0, 0.0, 0.0, 0.0, 0.0, 0.0, 0.0, 0.0, 0.0, 0.0, 0.0, 0.0, 0.0, 0.0, 0.0, 0.791044776119403, 0.0, 0.0, 0.0, 0.0, 0.0, 0.0, 0.0, 0.0, 0.0, 0.0, 0.0, 0.0, 0.0, 0.0, 0.0, 0.0, 0.0, 0.0, 0.0, 0.0, 0.0, 0.0, 0.0, 0.0, 0.0, 0.0, 0.0, 0.0, 0.0, 0.0, 0.0, 0.0, 0.0, 0.0, 0.9313725490196079, 0.0, 0.0, 0.0, 0.0, 0.0, 0.0, 0.0, 0.0, 0.0, 0.0, 0.0, 0.0, 0.0, 0.0, 0.0]","[1.0, 0.5, 0.6666666666666666, 0.75, 0.8, 0.8333333333333334, 0.8571428571428571, 0.875, 0.8888888888888888, 0.9, 0.9090909090909092, 0.9166666666666666, 0.9230769230769232, 0.9285714285714286, 0.9333333333333332, 0.9375, 0.9411764705882352, 0.8888888888888888, 0.8947368421052632, 0.9, 0.9, 0.95, 0.95, 0.95, 0.95, 0.95, 0.95, 0.95, 0.95, 0.95, 0.95, 0.95, 0.95, 0.9, 0.9, 0.9, 0.9, 0.95, 0.95, 0.95, 0.95, 0.95, 0.95, 0.95, 0.95, 0.95, 0.95, 0.95, 0.95, 0.9, 0.9, 0.9, 0.9, 0.95, 0.95, 0.95, 0.95, 0.95, 0.95, 0.95, 0.95, 0.9, 0.85, 0.85, 0.85, 0.85, 0.85, 0.85, 0.85, 0.9, 0.9, 0.9, 0.9, 0.9, 0.9, 0.9, 0.9, 0.9, 0.9, 0.9, 0.9, 0.95, 1.0, 1.0, 1.0, 1.0, 1.0, 1.0, 1.0, 1.0, 1.0, 1.0, 1.0, 1.0, 1.0, 1.0, 1.0, 0.95, 0.9, 0.85, 0.8, 0.75, 0.7, 0.65, 0.6, 0.55, 0.5, 0.45, 0.4, 0.35, 0.3, 0.25, 0.2, 0.15, 0.1, 0.05, 0.0, 0.0, 0.0, 0.0, 0.0, 0.0, 0.0, 0.0, 0.0, 0.05, 0.1, 0.15, 0.2, 0.25, 0.3, 0.35, 0.4, 0.45, 0.5, 0.55, 0.6, 0.65, 0.7, 0.75, 0.8, 0.85, 0.9, 0.95, 1.0, 1.0, 1.0, 1.0, 1.0, 1.0, 1.0, 1.0, 1.0, 1.0, 1.0, 1.0, 0.95, 0.95, 0.95, 0.95, 0.95, 0.95, 0.95, 0.95, 0.95, 0.95, 0.95, 0.95, 0.95, 0.95, 0.95, 0.95, 0.95, 0.95, 0.95, 0.95, 1.0, 1.0, 1.0, 1.0, 1.0, 1.0, 1.0, 1.0, 1.0, 1.0, 1.0, 1.0, 1.0, 1.0, 1.0, 1.0, 1.0, 1.0, 1.0, 1.0, 1.0, 1.0, 1.0, 1.0, 1.0, 1.0, 0.95, 0.9, 0.85, 0.8, 0.75, 0.7, 0.65, 0.65, 0.65, 0.65, 0.65, 0.65, 0.65, 0.65, 0.65, 0.65, 0.65, 0.65, 0.65, 0.65, 0.7, 0.75, 0.8, 0.85, 0.9, 0.95, 1.0, 1.0, 1.0, 1.0, 1.0, 1.0, 1.0, 1.0, 1.0, 1.0, 1.0, 1.0, 1.0, 1.0, 1.0, 1.0, 1.0, 1.0, 1.0, 1.0, 1.0, 1.0, 1.0, 1.0, 1.0, 1.0, 1.0, 1.0, 1.0, 1.0, 1.0, 1.0, 1.0, 1.0, 1.0, 1.0, 1.0, 1.0, 1.0, 1.0, 1.0, 1.0, 1.0, 1.0, 1.0, 1.0, 1.0, 0.95, 0.9, 0.85, 0.8, 0.75, 0.75, 0.75, 0.75, 0.75, 0.75, 0.75, 0.75, 0.75, 0.75, 0.75, 0.75, 0.75, 0.75, 0.75, 0.75, 0.8, 0.8, 0.8, 0.8, 0.8, 0.75, 0.7, 0.65, 0.6, 0.55, 0.5, 0.45, 0.4, 0.35, 0.3, 0.25, 0.2, 0.15, 0.1, 0.05, 0.0, 0.0, 0.0, 0.0, 0.0, 0.0, 0.0, 0.0, 0.0, 0.0, 0.0, 0.0, 0.0, 0.0, 0.0, 0.0, 0.0, 0.0, 0.0, 0.0, 0.0, 0.0, 0.0, 0.0, 0.0, 0.0, 0.0, 0.0, 0.0, 0.0, 0.0, 0.0, 0.0, 0.0, 0.0, 0.0, 0.0, 0.0, 0.0, 0.0, 0.0, 0.0, 0.0, 0.0, 0.0, 0.0, 0.0, 0.0, 0.0, 0.0, 0.0, 0.0, 0.0, 0.0, 0.0, 0.0, 0.0, 0.0, 0.0, 0.0, 0.0, 0.0, 0.0, 0.0, 0.0, 0.0, 0.0, 0.0, 0.0, 0.0, 0.0, 0.0, 0.0, 0.05, 0.1, 0.15, 0.2, 0.25, 0.3, 0.3, 0.3, 0.3, 0.3, 0.3, 0.3, 0.3, 0.3, 0.3, 0.3, 0.3, 0.3, 0.3, 0.3, 0.25, 0.2, 0.15, 0.1, 0.05, 0.0, 0.0, 0.0, 0.0, 0.0, 0.0, 0.0, 0.0, 0.0, 0.0, 0.0, 0.0, 0.0, 0.0, 0.0, 0.0, 0.0, 0.0, 0.0, 0.0, 0.0, 0.0, 0.0, 0.0, 0.0, 0.0, 0.0, 0.0, 0.0, 0.0, 0.0, 0.0, 0.0, 0.0, 0.0, 0.0, 0.0, 0.0, 0.0, 0.0, 0.0, 0.0, 0.0, 0.0, 0.0, 0.0, 0.0, 0.0, 0.05, 0.1, 0.15, 0.2, 0.25, 0.3, 0.35, 0.4, 0.45, 0.5, 0.55, 0.55, 0.55, 0.55, 0.55, 0.55, 0.55, 0.6, 0.65, 0.7, 0.7, 0.65, 0.6, 0.55, 0.5, 0.45, 0.4, 0.35, 0.3, 0.3, 0.3, 0.35, 0.4, 0.4, 0.4, 0.4, 0.45, 0.45, 0.45, 0.45, 0.4, 0.45, 0.5, 0.5, 0.55, 0.55, 0.6, 0.6, 0.65, 0.65, 0.65, 0.65, 0.6, 0.6, 0.6, 0.6, 0.55, 0.5, 0.45, 0.4, 0.4, 0.4, 0.4, 0.4, 0.35, 0.4, 0.35, 0.4, 0.4, 0.4, 0.4, 0.4, 0.45, 0.45, 0.45, 0.45, 0.45, 0.5, 0.5, 0.5, 0.5, 0.5, 0.5, 0.5, 0.55, 0.5, 0.55, 0.5, 0.5, 0.45, 0.45, 0.4, 0.4, 0.4, 0.4, 0.4, 0.4, 0.4, 0.45, 0.5, 0.55, 0.55, 0.55, 0.6, 0.6, 0.65, 0.6, 0.6, 0.6, 0.6, 0.55, 0.6, 0.55, 0.55, 0.55, 0.55, 0.55, 0.5, 0.45, 0.4, 0.35, 0.3]","[1.078, 2.295, 2.995, 3.448, 3.778, 4.196, 4.945, 5.695, 6.512, 7.279, 8.045, 8.895, 10.211, 10.827, 11.51, 12.095, 13.212, 14.095, 14.929, 15.795, 16.596, 17.379, 18.113, 18.845, 19.629, 20.329, 20.863, 21.496, 22.013, 22.513, 22.979, 23.446, 23.946, 25.346, 26.163, 26.663, 27.196, 27.714, 28.28, 28.813, 29.446, 30.013, 31.446, 32.03, 32.547, 33.113, 33.864, 35.197, 35.914, 36.78, 38.346, 38.814, 39.631, 40.73, 41.731, 42.697, 43.631, 44.547, 45.464, 46.331, 47.131, 47.998, 48.981, 49.732, 50.615, 51.482, 52.397, 53.132, 53.781, 54.548, 55.448, 56.232, 56.965, 57.698, 58.415, 59.031, 59.683, 60.299, 60.848, 61.364, 61.965, 62.465, 63.115, 63.781, 64.132, 64.465, 64.999, 65.416, 65.699, 66.049, 66.349, 66.716, 67.048, 67.55, 68.165, 68.533, 69.749, 71.032, 71.582, 72.099, 72.866, 73.432, 73.949, 74.667, 75.349, 75.782, 76.2, 76.533, 76.882, 77.399, 77.733, 79.449, 80.0, 80.75, 81.566, 82.25, 82.95, 83.567, 84.134, 84.767, 85.683, 86.384, 87.233, 87.851, 88.433, 90.067, 90.833, 91.551, 92.233, 92.968, 93.684, 94.318, 94.884, 95.701, 96.318, 97.017, 97.552, 98.034, 98.618, 99.35, 99.985, 100.501, 101.018, 101.551, 102.084, 102.601, 103.134, 103.684, 104.235, 104.835, 105.386, 106.002, 106.555, 107.168, 107.719, 108.303, 108.988, 109.686, 110.386, 110.919, 111.436, 111.969, 112.486, 112.968, 113.486, 114.003, 114.536, 115.036, 115.553, 116.052, 116.569, 117.085, 117.602, 118.102, 118.636, 119.086, 119.585, 120.069, 120.569, 121.019, 121.451, 121.936, 122.436, 122.919, 123.37, 123.835, 124.338, 124.769, 125.236, 125.719, 126.202, 126.669, 127.153, 127.636, 128.153, 128.62, 129.07, 129.52, 129.986, 130.421, 130.853, 131.27, 132.269, 133.02, 133.536, 134.037, 134.553, 135.053, 135.52, 136.771, 137.371, 138.022, 138.605, 139.171, 139.788, 140.452, 141.137, 141.737, 142.386, 143.038, 143.521, 144.071, 144.654, 145.172, 145.754, 146.306, 146.889, 147.522, 148.054, 148.623, 149.238, 149.804, 150.471, 150.987, 151.455, 151.988, 152.538, 153.038, 153.571, 154.106, 154.605, 155.088, 155.605, 156.139, 156.622, 157.155, 157.655, 158.139, 158.654, 159.155, 159.721, 160.206, 160.722, 161.239, 161.772, 162.289, 162.822, 163.355, 163.856, 164.339, 164.823, 165.256, 165.656, 165.889, 166.422, 166.939, 167.305, 167.673, 168.056, 169.205, 169.824, 170.356, 170.839, 171.339, 171.888, 172.593, 173.09, 173.322, 173.573, 174.089, 175.273, 175.856, 176.507, 177.073, 177.607, 178.091, 178.54, 179.026, 179.506, 180.174, 180.641, 181.189, 181.657, 182.14, 182.656, 183.608, 184.909, 185.473, 185.974, 186.658, 187.207, 187.757, 188.274, 188.74, 189.257, 189.774, 190.291, 190.741, 191.224, 191.724, 192.24, 192.741, 193.258, 193.774, 194.258, 194.741, 195.24, 195.724, 196.141, 196.591, 197.041, 197.508, 197.924, 198.374, 198.857, 199.29, 199.707, 200.041, 200.675, 201.308, 201.874, 202.391, 203.026, 203.574, 204.091, 204.642, 205.225, 205.775, 206.276, 206.792, 207.375, 207.908, 208.442, 208.976, 209.525, 210.026, 210.559, 211.091, 211.625, 212.209, 212.693, 213.209, 213.791, 214.342, 214.827, 215.309, 215.776, 216.243, 216.742, 217.226, 217.826, 218.51, 219.075, 219.526, 220.029, 220.559, 221.093, 221.609, 222.043, 222.493, 222.976, 223.46, 223.893, 224.376, 224.827, 225.293, 225.776, 226.194, 226.61, 226.894, 227.21, 227.493, 228.093, 228.461, 228.843, 229.244, 229.611, 229.96, 231.343, 231.926, 232.394, 232.892, 233.377, 234.81, 235.91, 236.561, 237.061, 237.644, 238.194, 238.811, 239.394, 239.912, 240.494, 240.978, 241.528, 242.044, 242.528, 242.926, 243.379, 243.894, 244.477, 245.26, 245.879, 246.344, 246.911, 247.427, 247.928, 248.428, 248.912, 249.411, 249.894, 250.429, 250.963, 251.461, 251.896, 252.346, 252.828, 253.345, 253.845, 254.379, 254.878, 255.362, 255.895, 256.379, 256.895, 257.363, 257.845, 258.346, 258.797, 259.212, 259.813, 260.279, 260.698, 261.128, 261.564, 261.979, 262.382, 262.746, 263.146, 263.546, 263.896, 264.263, 264.612, 264.946, 265.315, 266.017, 266.495, 266.929, 268.313, 268.947, 269.613, 270.346, 270.796, 271.18, 271.548, 271.898, 272.264, 272.596, 272.931, 273.246, 273.58, 274.68, 275.796, 276.38, 276.797, 277.147, 277.713, 278.096, 279.281, 280.114, 280.864, 282.131, 283.183, 283.848, 284.598, 285.315, 286.082, 286.766, 287.565, 288.249, 289.481, 290.348, 290.982, 291.53, 292.482, 292.996, 293.464, 294.13, 295.063, 295.732, 296.365, 297.314, 298.298, 298.933, 299.915, 300.749, 301.631, 302.333, 303.066, 303.965, 304.716, 305.449, 306.099, 307.198, 307.882, 308.533, 309.183, 309.816, 310.482, 311.066, 311.449, 312.216, 313.266, 314.116, 315.016, 315.65, 317.516, 318.567, 319.4, 319.916, 320.55, 321.116, 321.716, 322.233, 323.318, 323.883, 324.4, 325.034, 326.018, 327.0, 327.635, 328.134, 328.8, 329.652, 331.2, 332.086, 332.851, 333.667, 334.902, 335.619, 336.551, 337.367, 338.2, 338.968, 339.9, 340.536, 341.018, 341.585, 342.585, 343.118, 343.771, 344.552, 345.118, 345.635, 346.268, 346.903, 347.452, 348.485, 349.252, 350.152, 351.252, 351.835, 352.887, 353.786, 354.335, 354.885, 355.402, 355.951, 356.62, 357.185, 357.635, 358.668, 359.303]"
mmgnnwif7rgnag,63,32667,32.667,0.9259259259259259,0.25,,,
mmgnnwif7rgnag,101,47325,47.325,0.8666666666666667,0.4,,,
mmgnnwif7rgnag,228,93384,93.384,0.9666666666666667,0.35,,,
mmgnnwif7rgnag,304,123329,123.329,0.8813559322033898,0.9,,,
mmgnnwif7rgnag,334,135408,135.408,0.7027027027027026,0.6,,,
mmgnnwif7rgnag,380,154401,154.401,0.9285714285714286,0.95,,,
mmgnnwif7rgnag,411,166391,166.391,0.9204545454545454,0.85,,,
mmgnnwif7rgnag,440,177041,177.041,0.8888888888888888,0.55,,,
mmgnnwif7rgnag,468,186667,186.667,0.875,0.4,,,
mmgnnwif7rgnag,515,205480,205.48,0.7659574468085106,0.35,,,
mmgnnwif7rgnag,548,219718,219.718,0.7674418604651163,0.15,,,
mmgnnwif7rgnag,585,233388,233.388,0.9130434782608696,0.55,,,
mmgnnwif7rgnag,636,254942,254.942,0.75,0.15,,,
mmgnnwif7rgnag,666,266308,266.308,0.6842105263157895,0.45,,,
mmgnnwif7rgnag,708,284429,284.429,0.6,0.6,,,
mmgnnwif7rgnag,762,316974,316.974,0.9577464788732395,0.7,,,
mmgnnwif7rgnag,-1,0,0.0,0.0,0.0,"[0.0, 0.9999999999999999, 1.0, 1.0, 0.0, 0.0, 0.0, 0.0, 0.0, 0.0, 0.0, 0.0, 0.0, 0.0, 0.0, 0.0, 0.0, 0.0, 0.0, 0.0, 0.0, 0.0, 0.0, 0.0, 0.0, 0.0, 0.0, 0.0, 0.0, 0.0, 0.0, 0.0, 0.0, 0.0, 0.0, 0.0, 0.0, 0.0, 0.0, 0.0, 0.0, 0.0, 0.0, 0.0, 0.0, 0.0, 0.0, 0.0, 0.0, 0.0, 0.0, 0.0, 0.0, 0.0, 0.0, 0.0, 0.0, 0.0, 0.0, 0.0, 0.0, 0.0, 0.0, 0.9259259259259259, 0.0, 0.0, 0.0, 0.0, 0.0, 0.0, 0.0, 0.0, 0.0, 0.0, 0.0, 0.0, 0.0, 0.0, 0.0, 0.0, 0.8732394366197183, 0.0, 0.0, 0.0, 0.0, 0.0, 0.0, 0.0, 0.0, 0.0, 0.0, 0.0, 0.0, 0.0, 0.0, 0.0, 0.0, 0.0, 0.0, 0.0, 0.0, 0.8666666666666667, 0.0, 0.0, 0.0, 0.0, 0.0, 0.0, 0.0, 0.0, 0.0, 0.0, 0.0, 0.0, 0.0, 0.5681818181818181, 0.0, 0.0, 0.0, 0.0, 0.0, 0.0, 0.0, 0.0, 0.0, 0.0, 0.0, 0.0, 0.0, 0.0, 0.0, 0.0, 0.0, 0.0, 0.0, 0.0, 0.0, 0.0, 0.0, 0.0, 0.0, 0.0, 0.0, 0.0, 0.0, 0.0, 0.0, 0.0, 0.0, 0.0, 0.0, 0.0, 0.0, 0.0, 0.0, 0.0, 0.0, 0.0, 0.0, 0.0, 0.0, 0.0, 0.0, 0.0, 0.0, 0.0, 0.0, 0.0, 0.0, 0.0, 0.0, 0.0, 0.0, 0.0, 0.0, 0.0, 0.0, 0.0, 0.0, 0.0, 0.0, 0.0, 0.0, 0.0, 0.0, 0.0, 0.0, 0.0, 0.0, 0.0, 0.0, 0.0, 0.0, 0.0, 0.0, 0.0, 0.0, 0.0, 0.0, 0.0, 0.0, 0.0, 0.0, 0.0, 0.0, 0.0, 0.0, 0.0, 0.0, 0.0, 0.0, 0.0, 0.0, 0.0, 0.0, 0.0, 0.0, 0.0, 0.0, 0.0, 0.0, 0.0, 0.0, 0.0, 0.0, 0.0, 0.0, 0.0, 0.9666666666666667, 0.0, 0.0, 0.0, 0.0, 0.0, 0.0, 0.0, 0.0, 0.0, 0.0, 0.0, 0.0, 0.0, 0.0, 0.0, 0.0, 0.0, 0.0, 0.0, 0.8260869565217391, 0.0, 0.0, 0.0, 0.0, 0.0, 0.0, 0.0, 0.0, 0.0, 0.0, 0.0, 0.0, 0.0, 0.0, 0.0, 0.0, 0.0, 0.0, 0.0, 0.0, 0.0, 0.0, 0.0, 0.0, 0.0, 0.0, 0.0, 0.0, 0.0, 0.0, 0.0, 0.0, 0.0, 0.0, 0.0, 0.0, 0.0, 0.0, 0.0, 0.0, 0.0, 0.0, 0.0, 0.0, 0.0, 0.0, 0.0, 0.0, 0.0, 0.0, 0.0, 0.0, 0.0, 0.0, 0.0, 0.8813559322033898, 0.0, 0.0, 0.0, 0.0, 0.0, 0.0, 0.0, 0.0, 0.0, 0.0, 0.0, 0.0, 0.0, 0.0, 0.0, 0.0, 0.0, 0.0, 0.0, 0.0, 0.0, 0.0, 0.0, 0.0, 0.0, 0.0, 0.0, 0.0, 0.0, 0.7027027027027026, 0.0, 0.0, 0.0, 0.0, 0.0, 0.0, 0.0, 0.0, 0.0, 0.0, 0.0, 0.0, 0.0, 0.0, 0.0, 0.0, 0.0, 0.0, 0.0, 0.0, 0.0, 0.0, 0.0, 0.0, 0.0, 0.0, 0.0, 0.0, 0.0, 0.0, 0.0, 0.0, 0.0, 0.0, 0.0, 0.0, 0.0, 0.0, 0.0, 0.0, 0.0, 0.0, 0.0, 0.0, 0.0, 0.9285714285714286, 0.0, 0.0, 0.0, 0.0, 0.0, 0.0, 0.0, 0.0, 0.0, 0.0, 0.0, 0.0, 0.0, 0.0, 0.0, 0.0, 0.0, 0.0, 0.0, 0.0, 0.0, 0.0, 0.0, 0.0, 0.0, 0.0, 0.0, 0.0, 0.0, 0.0, 0.9204545454545454, 0.0, 0.0, 0.0, 0.0, 0.0, 0.0, 0.0, 0.0, 0.0, 0.0, 0.0, 0.0, 0.0, 0.0, 0.0, 0.0, 0.0, 0.0, 0.0, 0.0, 0.0, 0.0, 0.0, 0.0, 0.0, 0.0, 0.0, 0.0, 0.8888888888888888, 0.0, 0.0, 0.0, 0.0, 0.0, 0.0, 0.0, 0.0, 0.0, 0.0, 0.0, 0.0, 0.0, 0.0, 0.0, 0.0, 0.0, 0.0, 0.0, 0.0, 0.0, 0.0, 0.0, 0.0, 0.0, 0.0, 0.0, 0.875, 0.0, 0.0, 0.0, 0.0, 0.0, 0.0, 0.0, 0.0, 0.0, 0.0, 0.0, 0.0, 0.0, 0.0, 0.0, 0.0, 0.0, 0.0, 0.0, 0.0, 0.0, 0.0, 0.0, 0.0, 0.0, 0.0, 0.0, 0.0, 0.0, 0.0, 0.0, 0.0, 0.0, 0.0, 0.0, 0.0, 0.0, 0.0, 0.0, 0.0, 0.0, 0.0, 0.0, 0.0, 0.0, 0.0, 0.7659574468085106, 0.0, 0.0, 0.0, 0.0, 0.0, 0.0, 0.0, 0.0, 0.0, 0.0, 0.0, 0.0, 0.0, 0.0, 0.0, 0.0, 0.0, 0.0, 0.0, 0.0, 0.0, 0.0, 0.0, 0.0, 0.0, 0.0, 0.0, 0.0, 0.0, 0.0, 0.0, 0.0, 0.7674418604651163, 0.0, 0.0, 0.0, 0.0, 0.0, 0.0, 0.0, 0.0, 0.0, 0.0, 0.0, 0.0, 0.0, 0.0, 0.0, 0.0, 0.0, 0.0, 0.0, 0.0, 0.0, 0.0, 0.0, 0.0, 0.0, 0.0, 0.0, 0.0, 0.0, 0.0, 0.0, 0.0, 0.0, 0.0, 0.0, 0.0, 0.9130434782608696, 0.0, 0.0, 0.0, 0.0, 0.0, 0.0, 0.0, 0.0, 0.0, 0.0, 0.0, 0.0, 0.0, 0.0, 0.0, 0.0, 0.0, 0.0, 0.7727272727272727, 0.0, 0.0, 0.0, 0.0, 0.0, 0.0, 0.0, 0.0, 0.0, 0.0, 0.0, 0.0, 0.0, 0.0, 0.0, 0.0, 0.0, 0.0, 0.0, 0.0, 0.0, 0.0, 0.0, 0.0, 0.0, 0.0, 0.0, 0.0, 0.0, 0.0, 0.0, 0.75, 0.0, 0.0, 0.0, 0.0, 0.0, 0.0, 0.0, 0.0, 0.0, 0.0, 0.0, 0.0, 0.0, 0.0, 0.0, 0.0, 0.0, 0.0, 0.0, 0.0, 0.0, 0.0, 0.0, 0.0, 0.0, 0.0, 0.0, 0.0, 0.0, 0.6842105263157895, 0.0, 0.0, 0.0, 0.0, 0.0, 0.0, 0.0, 0.0, 0.0, 0.0, 0.0, 0.0, 0.0, 0.0, 0.0, 0.0, 0.0, 0.0, 0.0, 0.0, 0.0, 0.0, 0.0, 0.0, 0.0, 0.0, 0.0, 0.0, 0.0, 0.0, 0.0, 0.0, 0.0, 0.0, 0.0, 0.0, 0.0, 0.0, 0.0, 0.0, 0.0, 0.6, 0.0, 0.0, 0.0, 0.0, 0.0, 0.0, 0.0, 0.0, 0.0, 0.0, 0.0, 0.0, 0.0, 0.0, 0.0, 0.0, 0.0, 0.0, 0.0, 0.0, 0.0, 0.0, 0.0, 0.0, 0.0, 0.0, 0.0, 0.0, 0.0, 0.0, 0.0, 0.0, 0.0, 0.0, 0.0, 0.0, 0.0, 0.0, 0.0, 0.0, 0.0, 0.0, 0.0, 0.0, 0.0, 0.0, 0.0, 0.0, 0.0, 0.0, 0.0, 0.0, 0.0, 0.9577464788732395, 0.5911398714099344, 0.0, 0.0, 0.0, 0.0, 0.0, 0.0, 0.0, 0.0, 0.0, 0.0, 0.0, 0.0, 0.0, 0.0, 0.0, 0.0, 0.0, 0.0, 0.0, 0.0, 0.0, 0.0, 0.0, 0.0, 0.0, 0.0, 0.0, 0.0, 0.0, 0.0, 0.0, 0.0, 0.0, 0.0, 0.0, 0.0, 0.0, 0.0, 0.0, 0.0, 0.0, 0.0, 0.0, 0.0, 0.0, 0.0, 0.0, 0.0]","[1.0, 0.5, 0.3333333333333333, 0.25, 0.2, 0.1666666666666666, 0.1428571428571428, 0.25, 0.3333333333333333, 0.4, 0.4545454545454545, 0.5, 0.4615384615384615, 0.5, 0.4666666666666667, 0.4375, 0.4117647058823529, 0.4444444444444444, 0.4736842105263157, 0.45, 0.4, 0.4, 0.45, 0.5, 0.55, 0.55, 0.55, 0.5, 0.45, 0.4, 0.35, 0.35, 0.4, 0.4, 0.45, 0.5, 0.55, 0.55, 0.55, 0.55, 0.6, 0.65, 0.65, 0.6, 0.55, 0.55, 0.55, 0.55, 0.55, 0.55, 0.55, 0.5, 0.45, 0.4, 0.4, 0.4, 0.4, 0.4, 0.4, 0.4, 0.35, 0.3, 0.25, 0.25, 0.3, 0.35, 0.4, 0.45, 0.45, 0.45, 0.45, 0.5, 0.55, 0.6, 0.6, 0.6, 0.6, 0.6, 0.6, 0.65, 0.65, 0.65, 0.65, 0.65, 0.6, 0.55, 0.5, 0.5, 0.55, 0.6, 0.65, 0.65, 0.65, 0.6, 0.6, 0.6, 0.55, 0.5, 0.45, 0.4, 0.4, 0.4, 0.45, 0.5, 0.55, 0.6, 0.65, 0.6, 0.55, 0.5, 0.45, 0.4, 0.4, 0.45, 0.45, 0.45, 0.5, 0.5, 0.5, 0.5, 0.5, 0.5, 0.5, 0.5, 0.5, 0.45, 0.4, 0.4, 0.45, 0.5, 0.55, 0.55, 0.5, 0.45, 0.45, 0.45, 0.45, 0.45, 0.45, 0.5, 0.55, 0.6, 0.55, 0.5, 0.5, 0.55, 0.55, 0.55, 0.55, 0.55, 0.5, 0.5, 0.55, 0.6, 0.55, 0.5, 0.5, 0.55, 0.55, 0.5, 0.5, 0.5, 0.5, 0.5, 0.5, 0.5, 0.5, 0.5, 0.5, 0.5, 0.5, 0.5, 0.5, 0.5, 0.5, 0.5, 0.5, 0.5, 0.5, 0.5, 0.5, 0.5, 0.5, 0.5, 0.5, 0.5, 0.5, 0.5, 0.5, 0.5, 0.5, 0.5, 0.5, 0.5, 0.5, 0.5, 0.5, 0.5, 0.5, 0.5, 0.5, 0.5, 0.5, 0.5, 0.5, 0.5, 0.5, 0.5, 0.5, 0.5, 0.5, 0.5, 0.5, 0.5, 0.5, 0.5, 0.5, 0.5, 0.5, 0.5, 0.5, 0.5, 0.5, 0.5, 0.45, 0.4, 0.4, 0.4, 0.35, 0.35, 0.4, 0.45, 0.45, 0.4, 0.4, 0.4, 0.35, 0.35, 0.4, 0.4, 0.35, 0.35, 0.4, 0.45, 0.5, 0.55, 0.6, 0.65, 0.7, 0.65, 0.6, 0.55, 0.55, 0.6, 0.6, 0.6, 0.65, 0.6, 0.6, 0.65, 0.7, 0.7, 0.7, 0.7, 0.7, 0.7, 0.7, 0.65, 0.6, 0.6, 0.6, 0.65, 0.65, 0.65, 0.7, 0.75, 0.75, 0.75, 0.7, 0.7, 0.7, 0.7, 0.7, 0.65, 0.6, 0.6, 0.6, 0.65, 0.7, 0.7, 0.75, 0.75, 0.7, 0.7, 0.7, 0.7, 0.7, 0.75, 0.8, 0.8, 0.8, 0.8, 0.8, 0.85, 0.9, 0.85, 0.85, 0.85, 0.85, 0.85, 0.85, 0.85, 0.9, 0.9, 0.9, 0.9, 0.9, 0.9, 0.9, 0.9, 0.9, 0.85, 0.8, 0.75, 0.7, 0.7, 0.7, 0.7, 0.7, 0.75, 0.7, 0.65, 0.6, 0.6, 0.6, 0.6, 0.55, 0.5, 0.5, 0.5, 0.5, 0.55, 0.6, 0.65, 0.7, 0.75, 0.75, 0.75, 0.75, 0.75, 0.8, 0.85, 0.85, 0.8, 0.75, 0.7, 0.7, 0.7, 0.65, 0.6, 0.55, 0.55, 0.55, 0.55, 0.55, 0.55, 0.55, 0.55, 0.55, 0.55, 0.55, 0.55, 0.6, 0.65, 0.65, 0.7, 0.75, 0.8, 0.85, 0.9, 0.95, 0.95, 0.9, 0.85, 0.8, 0.75, 0.7, 0.65, 0.65, 0.65, 0.65, 0.65, 0.6, 0.6, 0.65, 0.65, 0.6, 0.6, 0.6, 0.6, 0.6, 0.6, 0.65, 0.7, 0.75, 0.8, 0.85, 0.9, 0.9, 0.9, 0.9, 0.85, 0.85, 0.8, 0.8, 0.8, 0.85, 0.85, 0.85, 0.85, 0.85, 0.8, 0.8, 0.8, 0.8, 0.8, 0.75, 0.75, 0.75, 0.75, 0.7, 0.75, 0.8, 0.85, 0.8, 0.75, 0.7, 0.65, 0.6, 0.55, 0.55, 0.6, 0.6, 0.6, 0.6, 0.6, 0.65, 0.65, 0.65, 0.65, 0.7, 0.7, 0.65, 0.65, 0.7, 0.75, 0.75, 0.8, 0.8, 0.8, 0.75, 0.75, 0.7, 0.65, 0.6, 0.55, 0.5, 0.45, 0.4, 0.35, 0.3, 0.25, 0.25, 0.25, 0.2, 0.15, 0.15, 0.1, 0.15, 0.2, 0.2, 0.15, 0.15, 0.15, 0.15, 0.15, 0.2, 0.2, 0.2, 0.2, 0.2, 0.2, 0.2, 0.15, 0.15, 0.15, 0.15, 0.15, 0.1, 0.05, 0.05, 0.1, 0.15, 0.2, 0.25, 0.3, 0.3, 0.3, 0.35, 0.35, 0.35, 0.35, 0.35, 0.35, 0.35, 0.35, 0.4, 0.45, 0.5, 0.55, 0.55, 0.55, 0.5, 0.45, 0.4, 0.35, 0.35, 0.4, 0.4, 0.45, 0.5, 0.55, 0.55, 0.55, 0.55, 0.55, 0.5, 0.45, 0.4, 0.35, 0.35, 0.3, 0.3, 0.3, 0.3, 0.3, 0.25, 0.2, 0.15, 0.1, 0.05, 0.0, 0.05, 0.05, 0.1, 0.15, 0.2, 0.25, 0.3, 0.3, 0.3, 0.3, 0.3, 0.3, 0.3, 0.3, 0.3, 0.3, 0.35, 0.35, 0.35, 0.35, 0.3, 0.3, 0.25, 0.2, 0.2, 0.2, 0.2, 0.25, 0.3, 0.35, 0.4, 0.45, 0.5, 0.55, 0.6, 0.6, 0.55, 0.55, 0.55, 0.55, 0.55, 0.55, 0.55, 0.6, 0.6, 0.55, 0.5, 0.45, 0.4, 0.35, 0.3, 0.3, 0.3, 0.3, 0.25, 0.3, 0.35, 0.4, 0.4, 0.4, 0.4, 0.4, 0.4, 0.35, 0.35, 0.4, 0.45, 0.5, 0.5, 0.5, 0.5, 0.45, 0.4, 0.35, 0.35, 0.3, 0.25, 0.2, 0.2, 0.2, 0.2, 0.2, 0.2, 0.2, 0.15, 0.1, 0.05, 0.0, 0.0, 0.0, 0.0, 0.0, 0.0, 0.0, 0.0, 0.0, 0.0, 0.0, 0.05, 0.05, 0.1, 0.15, 0.2, 0.25, 0.25, 0.25, 0.25, 0.25, 0.25, 0.25, 0.25, 0.3, 0.35, 0.4, 0.45, 0.45, 0.45, 0.45, 0.4, 0.4, 0.35, 0.3, 0.25, 0.25, 0.25, 0.3, 0.35, 0.4, 0.45, 0.5, 0.5, 0.45, 0.4, 0.35, 0.3, 0.3, 0.3, 0.35, 0.4, 0.45, 0.5, 0.55, 0.55, 0.5, 0.55, 0.5, 0.45, 0.45, 0.4, 0.4, 0.4, 0.45, 0.45, 0.5, 0.5, 0.55, 0.6, 0.55, 0.5, 0.5, 0.5, 0.45, 0.45, 0.45, 0.45, 0.45, 0.5, 0.45, 0.5, 0.45, 0.45, 0.4, 0.4, 0.4, 0.45, 0.45, 0.45, 0.5, 0.55, 0.55, 0.55, 0.55, 0.55, 0.55, 0.5, 0.5, 0.5, 0.5, 0.45, 0.45, 0.45, 0.5, 0.55, 0.55, 0.5, 0.45, 0.45, 0.45, 0.45, 0.45, 0.4, 0.4, 0.4, 0.4, 0.45, 0.5, 0.5, 0.55, 0.6, 0.65, 0.7, 0.65, 0.6, 0.55, 0.6, 0.6, 0.55, 0.55, 0.55, 0.5, 0.55, 0.55, 0.6, 0.6, 0.55, 0.5, 0.5, 0.5, 0.5, 0.5, 0.5, 0.5, 0.5, 0.55, 0.55, 0.55, 0.55, 0.5, 0.45, 0.5, 0.45, 0.5, 0.45, 0.5, 0.55, 0.55, 0.55, 0.55, 0.5, 0.5, 0.45, 0.5, 0.5, 0.5, 0.45, 0.5, 0.5, 0.55, 0.55, 0.55]","[1.979, 2.762, 3.275, 3.876, 4.377, 4.844, 5.3, 6.077, 6.55, 7.018, 7.492, 7.891, 8.701, 9.635, 10.452, 11.053, 11.817, 12.598, 13.382, 14.235, 14.85, 15.45, 16.446, 17.167, 17.767, 18.586, 19.192, 19.509, 19.792, 20.059, 20.426, 21.105, 21.488, 21.763, 22.121, 22.362, 22.646, 23.063, 23.288, 23.855, 24.258, 24.468, 24.72, 25.308, 25.633, 25.867, 26.075, 26.463, 26.829, 27.047, 27.279, 27.629, 27.963, 28.209, 29.005, 29.621, 30.121, 30.462, 31.015, 31.312, 31.646, 31.98, 32.307, 32.667, 33.224, 33.541, 33.843, 34.164, 34.875, 35.305, 35.906, 36.666, 37.036, 37.358, 37.674, 38.118, 38.495, 38.759, 39.099, 39.35, 39.763, 40.026, 40.325, 40.617, 41.041, 41.316, 41.559, 41.925, 42.208, 42.53, 42.839, 43.209, 43.472, 43.901, 44.441, 44.774, 45.082, 45.925, 46.392, 46.733, 47.117, 47.325, 47.951, 48.158, 48.368, 48.6, 48.816, 49.391, 49.775, 50.084, 50.417, 50.701, 51.275, 51.523, 51.833, 52.114, 52.43, 52.75, 52.967, 53.209, 53.533, 53.863, 54.434, 54.709, 54.967, 55.354, 55.588, 55.804, 56.23, 56.479, 56.721, 57.129, 57.404, 57.85, 58.228, 58.48, 58.696, 59.075, 59.284, 60.207, 60.445, 60.779, 61.326, 61.709, 62.116, 62.533, 63.112, 63.45, 64.067, 64.392, 64.767, 65.072, 65.724, 65.981, 66.492, 66.792, 67.311, 67.617, 68.074, 68.38, 68.888, 69.192, 69.675, 69.975, 70.475, 70.772, 71.166, 71.448, 71.909, 72.2, 72.654, 72.922, 73.37, 73.659, 74.107, 74.38, 74.891, 75.167, 75.616, 75.913, 76.334, 76.633, 77.033, 77.341, 77.775, 78.084, 78.479, 78.796, 79.216, 79.539, 79.916, 80.25, 80.676, 81.004, 81.391, 81.708, 82.125, 82.433, 82.906, 83.118, 83.712, 84.059, 84.454, 84.755, 85.079, 85.41, 85.796, 86.096, 86.45, 86.755, 87.075, 87.374, 87.725, 88.026, 88.358, 88.65, 88.995, 89.301, 89.621, 89.922, 90.254, 90.559, 90.862, 91.179, 92.195, 92.455, 92.709, 92.984, 93.384, 94.041, 94.409, 94.8, 95.008, 95.725, 96.117, 96.576, 96.809, 97.408, 97.768, 98.25, 98.6, 99.062, 99.404, 99.679, 99.904, 100.154, 100.496, 100.863, 101.129, 101.516, 101.884, 102.347, 102.775, 103.15, 103.825, 104.325, 104.679, 105.004, 105.546, 106.093, 106.59, 107.055, 107.321, 107.651, 108.271, 108.546, 108.86, 109.253, 109.563, 109.938, 110.871, 111.587, 111.91, 112.121, 112.329, 112.546, 112.81, 113.289, 113.662, 114.014, 114.463, 114.713, 114.977, 115.4, 115.784, 116.171, 116.629, 117.096, 117.344, 117.962, 118.329, 118.65, 119.066, 119.396, 119.996, 120.379, 120.779, 121.138, 121.535, 121.842, 122.152, 122.434, 122.689, 123.104, 123.329, 124.61, 125.241, 125.458, 125.717, 126.291, 126.674, 127.114, 127.501, 127.951, 128.339, 128.647, 128.884, 129.142, 129.409, 129.725, 129.942, 130.667, 130.997, 131.209, 131.56, 132.05, 132.816, 133.268, 133.475, 133.734, 134.177, 134.385, 134.639, 135.109, 135.408, 135.759, 136.162, 136.372, 137.212, 137.527, 137.796, 138.399, 138.793, 139.067, 139.533, 139.772, 140.604, 141.059, 141.475, 141.692, 141.946, 142.53, 143.468, 144.059, 144.475, 144.863, 145.217, 145.442, 145.85, 146.122, 146.383, 146.783, 147.154, 147.487, 147.912, 148.37, 148.796, 149.177, 149.609, 149.972, 150.287, 150.676, 151.022, 151.314, 152.109, 152.661, 152.934, 153.347, 153.567, 153.817, 154.401, 154.759, 155.483, 155.817, 156.381, 156.659, 156.892, 157.134, 157.642, 157.931, 158.256, 158.5, 159.01, 159.379, 159.588, 159.963, 160.484, 160.941, 161.313, 161.652, 161.992, 162.271, 162.552, 162.821, 163.113, 163.358, 164.067, 164.585, 165.288, 165.654, 165.871, 166.391, 166.612, 166.921, 167.594, 167.813, 168.029, 168.254, 168.613, 168.871, 169.145, 169.632, 170.3, 170.505, 170.713, 170.963, 171.812, 172.23, 172.645, 172.877, 173.455, 173.904, 174.312, 174.569, 175.022, 175.401, 175.663, 176.1, 176.348, 176.597, 177.041, 177.284, 177.75, 178.01, 178.319, 178.612, 178.902, 179.227, 179.554, 179.81, 180.237, 180.522, 180.971, 181.313, 181.53, 181.755, 182.171, 182.521, 182.804, 183.142, 183.663, 184.131, 184.495, 184.937, 185.258, 185.798, 186.046, 186.329, 186.667, 186.896, 187.254, 187.654, 187.971, 188.566, 189.246, 189.962, 190.454, 190.717, 191.366, 191.701, 192.199, 192.409, 192.796, 193.126, 193.335, 194.649, 195.217, 195.603, 195.896, 196.346, 196.619, 196.886, 197.105, 197.379, 197.721, 197.971, 198.363, 198.684, 198.902, 199.234, 199.463, 199.972, 200.633, 200.922, 201.175, 201.392, 201.708, 202.421, 202.772, 203.255, 203.663, 204.271, 204.521, 204.772, 205.167, 205.48, 206.241, 206.776, 207.449, 207.905, 208.625, 208.975, 209.41, 209.709, 210.175, 210.499, 211.237, 211.621, 211.831, 212.042, 212.392, 212.659, 213.176, 213.677, 213.988, 214.279, 214.579, 214.894, 215.924, 216.584, 217.01, 217.317, 217.623, 217.901, 218.217, 218.498, 218.788, 219.259, 219.718, 220.089, 220.459, 220.887, 221.435, 221.817, 222.25, 222.522, 222.906, 223.133, 223.372, 223.868, 224.231, 224.633, 224.851, 225.168, 225.455, 225.714, 225.933, 226.151, 226.692, 227.259, 227.568, 227.784, 228.189, 228.417, 228.692, 228.94, 229.5, 230.081, 230.45, 230.892, 231.126, 231.442, 231.742, 231.983, 232.763, 233.388, 233.697, 234.255, 234.771, 235.25, 235.593, 236.126, 236.497, 236.941, 237.254, 237.738, 238.037, 238.662, 239.055, 239.314, 239.63, 239.896, 240.176, 240.689, 240.979, 241.327, 242.181, 242.639, 243.063, 243.33, 243.779, 244.289, 244.61, 244.893, 245.268, 245.63, 246.432, 246.997, 247.367, 247.708, 248.234, 248.809, 249.192, 249.591, 250.087, 250.534, 250.942, 251.362, 251.878, 252.243, 252.651, 252.973, 253.801, 254.242, 254.456, 254.684, 254.942, 255.267, 255.533, 255.8, 256.048, 256.585, 257.042, 257.475, 257.815, 258.277, 258.508, 258.748, 258.997, 259.225, 259.888, 260.385, 260.72, 261.1, 261.334, 261.542, 262.266, 262.667, 263.001, 263.333, 263.617, 264.186, 264.559, 265.242, 265.768, 265.976, 266.308, 266.738, 267.105, 267.421, 267.697, 268.096, 268.521, 268.929, 269.238, 269.763, 270.279, 270.638, 271.063, 271.329, 271.671, 271.98, 272.482, 273.019, 273.329, 273.788, 274.155, 274.488, 274.83, 275.338, 275.767, 275.998, 276.263, 276.569, 277.071, 277.494, 278.085, 278.623, 279.346, 279.84, 280.571, 281.192, 281.65, 282.187, 282.591, 283.074, 283.511, 284.089, 284.429, 284.898, 285.363, 285.94, 286.648, 287.396, 288.055, 288.537, 289.376, 290.16, 290.905, 291.545, 292.155, 292.664, 293.181, 293.69, 294.104, 294.698, 295.363, 295.902, 296.3, 297.159, 297.633, 298.068, 298.755, 299.412, 300.046, 300.471, 301.021, 301.547, 302.405, 303.079, 303.607, 304.17, 304.755, 305.316, 305.98, 306.524, 307.526, 308.801, 309.585, 310.111, 310.742, 311.559, 312.059, 312.69, 313.192, 313.661, 314.464, 314.979, 315.413, 315.896, 316.235, 316.613, 316.974, 317.431, 317.768, 318.305, 318.975, 319.545, 320.077, 320.577, 321.288, 322.083, 322.922, 323.505, 324.098, 324.545, 325.074, 325.567, 326.333, 326.903, 327.3, 327.656, 328.242, 328.677, 329.884, 330.708, 331.375, 332.122, 332.88, 334.48, 335.25, 336.335, 336.869, 337.46, 337.956, 338.649, 339.481, 340.147, 340.83, 341.698, 342.29, 343.491, 344.957, 346.697, 348.13, 349.548, 350.871, 352.575, 353.99, 355.598, 357.165, 359.03]"
mmgp4bc84vs4qt,30,10014,10.014,0.7916666666666666,0.1,,,
mmgp4bc84vs4qt,71,23635,23.635,0.7142857142857143,0.45,,,
mmgp4bc84vs4qt,96,37935,37.935,0.875,0.15,,,
mmgp4bc84vs4qt,185,64062,64.062,0.8552631578947368,0.35,,,
mmgp4bc84vs4qt,211,72500,72.5,0.8333333333333334,0.55,,,
mmgp4bc84vs4qt,256,86512,86.512,0.84,0.35,,,
mmgp4bc84vs4qt,280,94107,94.107,0.7777777777777778,0.6,,,
mmgp4bc84vs4qt,317,107971,107.971,0.8571428571428572,0.45,,,
mmgp4bc84vs4qt,350,122405,122.405,0.875,0.7,,,
mmgp4bc84vs4qt,376,130667,130.667,0.6666666666666667,0.6,,,
mmgp4bc84vs4qt,446,155137,155.137,0.9625,0.4,,,
mmgp4bc84vs4qt,537,184890,184.89,0.9649122807017544,0.5,,,
mmgp4bc84vs4qt,578,199170,199.17,0.6739130434782609,0.3,,,
mmgp4bc84vs4qt,600,207094,207.094,0.9166666666666666,0.1,,,
mmgp4bc84vs4qt,658,224888,224.888,0.875,0.1,,,
mmgp4bc84vs4qt,694,235349,235.349,0.625,0.3,,,
mmgp4bc84vs4qt,726,244576,244.576,0.8974358974358975,0.6,,,
mmgp4bc84vs4qt,775,259785,259.785,0.8876404494382022,0.6,,,
mmgp4bc84vs4qt,817,272310,272.31,0.8235294117647058,0.5,,,
mmgp4bc84vs4qt,877,290414,290.414,0.7230769230769231,0.35,,,
mmgp4bc84vs4qt,898,296396,296.396,0.8947368421052632,0.55,,,
mmgp4bc84vs4qt,932,307294,307.294,0.8378378378378378,0.45,,,
mmgp4bc84vs4qt,985,322955,322.955,0.8793103448275862,0.35,,,
mmgp4bc84vs4qt,1009,329686,329.686,0.8666666666666667,0.55,,,
mmgp4bc84vs4qt,1076,350445,350.445,0.9285714285714286,0.7,,,
mmgp4bc84vs4qt,-1,0,0.0,0.0,0.0,"[0.0, 0.9999999999999999, 0.9999999999999999, 1.0, 0.0, 0.0, 0.0, 0.0, 0.0, 0.0, 0.0, 0.0, 0.0, 0.0, 0.0, 0.0, 0.0, 0.0, 0.0, 0.0, 0.0, 0.0, 0.0, 0.0, 0.0, 0.0, 0.0, 0.0, 0.0, 0.0, 0.7916666666666666, 0.0, 0.0, 0.0, 0.0, 0.0, 0.0, 0.0, 0.0, 0.0, 0.0, 0.0, 0.0, 0.0, 0.0, 0.0, 0.75, 0.0, 0.0, 0.0, 0.0, 0.0, 0.0, 0.0, 0.0, 0.0, 0.0, 0.0, 0.0, 0.0, 0.0, 0.0, 0.0, 0.0, 0.0, 0.0, 0.0, 0.0, 0.0, 0.0, 0.0, 0.7142857142857143, 0.0, 0.0, 0.0, 0.0, 0.0, 0.0, 0.0, 0.0, 0.0, 0.0, 0.0, 0.0, 0.0, 0.0, 0.0, 0.0, 0.0, 0.0, 0.0, 0.0, 0.0, 0.0, 0.0, 0.0, 0.875, 0.0, 0.0, 0.0, 0.0, 0.0, 0.0, 0.0, 0.0, 0.0, 0.0, 0.0, 0.0, 0.0, 0.0, 0.0, 0.0, 0.0, 0.52, 0.0, 0.0, 0.0, 0.0, 0.0, 0.0, 0.0, 0.0, 0.0, 0.0, 0.0, 0.0, 0.0, 0.0, 0.0, 0.0, 0.0, 0.0, 0.0, 0.0, 0.0, 0.0, 0.0, 0.0, 0.0, 0.0, 0.0, 0.0, 0.0, 0.0, 0.0, 0.0, 0.0, 0.0, 0.0, 0.0, 0.0, 0.0, 0.0, 0.0, 0.0, 0.0, 0.0, 0.0, 0.0, 0.0, 0.0, 0.0, 0.0, 0.0, 0.0, 0.0, 0.0, 0.0, 0.0, 0.0, 0.0, 0.0, 0.0, 0.0, 0.0, 0.0, 0.0, 0.0, 0.0, 0.0, 0.0, 0.0, 0.0, 0.0, 0.8552631578947368, 0.0, 0.0, 0.0, 0.0, 0.0, 0.0, 0.0, 0.0, 0.0, 0.0, 0.0, 0.0, 0.0, 0.0, 0.0, 0.0, 0.0, 0.0, 0.0, 0.0, 0.0, 0.0, 0.0, 0.0, 0.0, 0.8333333333333334, 0.0, 0.0, 0.0, 0.0, 0.0, 0.0, 0.0, 0.0, 0.0, 0.0, 0.0, 0.0, 0.0, 0.0, 0.0, 0.0, 0.0, 0.0, 0.0, 0.0, 0.0, 0.0, 0.0, 0.0, 0.0, 0.8387096774193549, 0.0, 0.0, 0.0, 0.0, 0.0, 0.0, 0.0, 0.0, 0.0, 0.0, 0.0, 0.0, 0.0, 0.0, 0.0, 0.0, 0.0, 0.0, 0.84, 0.0, 0.0, 0.0, 0.0, 0.0, 0.0, 0.0, 0.0, 0.0, 0.0, 0.0, 0.0, 0.0, 0.0, 0.0, 0.0, 0.0, 0.0, 0.0, 0.0, 0.0, 0.0, 0.0, 0.7777777777777778, 0.0, 0.0, 0.0, 0.0, 0.0, 0.0, 0.0, 0.0, 0.0, 0.0, 0.0, 0.0, 0.0, 0.0, 0.0, 0.0, 0.0, 0.0, 0.0, 0.0, 0.0, 0.0, 0.0, 0.0, 0.0, 0.0, 0.0, 0.0, 0.0, 0.0, 0.0, 0.0, 0.0, 0.0, 0.0, 0.0, 0.8571428571428572, 0.0, 0.0, 0.0, 0.0, 0.0, 0.0, 0.0, 0.0, 0.0, 0.0, 0.0, 0.0, 0.0, 0.0, 0.0, 0.0, 0.0, 0.0, 0.0, 0.0, 0.0, 0.0, 0.0, 0.0, 0.0, 0.0, 0.0, 0.0, 0.0, 0.0, 0.0, 0.0, 0.875, 0.0, 0.0, 0.0, 0.0, 0.0, 0.0, 0.0, 0.0, 0.0, 0.0, 0.0, 0.0, 0.0, 0.0, 0.0, 0.0, 0.0, 0.0, 0.0, 0.0, 0.0, 0.0, 0.0, 0.0, 0.0, 0.6666666666666667, 0.0, 0.0, 0.0, 0.0, 0.0, 0.0, 0.0, 0.0, 0.0, 0.0, 0.0, 0.0, 0.0, 0.0, 0.0, 0.0, 0.0, 0.0, 0.0, 0.0, 0.0, 0.0, 0.0, 0.0, 0.0, 0.0, 0.0, 0.0, 0.0, 0.0, 0.0, 0.0, 0.0, 0.0, 0.0, 0.0, 0.0, 0.0, 0.0, 0.0, 0.0, 0.0, 0.0, 0.0, 0.0, 0.0, 0.0, 0.0, 0.0, 0.0, 0.9016393442622951, 0.0, 0.0, 0.0, 0.0, 0.0, 0.0, 0.0, 0.0, 0.0, 0.0, 0.0, 0.0, 0.0, 0.0, 0.0, 0.0, 0.0, 0.0, 0.9625, 0.541103337692065, 0.0, 0.0, 0.0, 0.0, 0.0, 0.0, 0.0, 0.0, 0.0, 0.0, 0.0, 0.0, 0.0, 0.0, 0.0, 0.0, 0.0, 0.0, 0.0, 0.0, 0.0, 0.0, 0.0, 0.0, 0.0, 0.0, 0.0, 0.0, 0.0, 0.0, 0.0, 0.0, 0.0, 0.0, 0.0, 0.0, 0.0, 0.0, 0.0, 0.0, 0.0, 0.0, 0.0, 0.0, 0.0, 0.0, 0.0, 0.0, 0.0, 0.0, 0.0, 0.0, 0.0, 0.0, 0.0, 0.0, 0.0, 0.0, 0.0, 0.0, 0.0, 0.0, 0.0, 0.0, 0.0, 0.0, 0.0, 0.0, 0.0, 0.5562913907284768, 0.0, 0.0, 0.0, 0.0, 0.0, 0.0, 0.0, 0.0, 0.0, 0.0, 0.0, 0.5153374233128835, 0.0, 0.0, 0.0, 0.0, 0.0, 0.0, 0.0, 0.9649122807017544, 0.0, 0.0, 0.0, 0.0, 0.0, 0.0, 0.0, 0.0, 0.0, 0.0, 0.0, 0.0, 0.0, 0.0, 0.0, 0.0, 0.0, 0.0, 0.0, 0.0, 0.0, 0.0, 0.0, 0.0, 0.0, 0.0, 0.0, 0.0, 0.0, 0.0, 0.0, 0.0, 0.0, 0.0, 0.0, 0.0, 0.0, 0.0, 0.0, 0.0, 0.6739130434782609, 0.0, 0.0, 0.0, 0.0, 0.0, 0.0, 0.0, 0.0, 0.0, 0.0, 0.0, 0.0, 0.0, 0.0, 0.0, 0.0, 0.0, 0.0, 0.0, 0.0, 0.0, 0.9166666666666666, 0.0, 0.0, 0.0, 0.0, 0.0, 0.0, 0.0, 0.0, 0.0, 0.0, 0.0, 0.0, 0.0, 0.0, 0.6666666666666667, 0.0, 0.0, 0.0, 0.0, 0.0, 0.0, 0.0, 0.0, 0.0, 0.0, 0.0, 0.0, 0.0, 0.0, 0.0, 0.0, 0.0, 0.6956521739130435, 0.0, 0.0, 0.0, 0.0, 0.0, 0.0, 0.0, 0.0, 0.0, 0.0, 0.0, 0.0, 0.0, 0.7297297297297297, 0.0, 0.0, 0.0, 0.0, 0.0, 0.0, 0.0, 0.0, 0.0, 0.0, 0.875, 0.0, 0.0, 0.0, 0.0, 0.0, 0.0, 0.0, 0.0, 0.0, 0.0, 0.0, 0.0, 0.0, 0.0, 0.0, 0.7619047619047619, 0.0, 0.0, 0.0, 0.0, 0.0, 0.0, 0.0, 0.0, 0.0, 0.0, 0.0, 0.0, 0.0, 0.0, 0.0, 0.0, 0.0, 0.0, 0.0, 0.625, 0.0, 0.0, 0.0, 0.0, 0.0, 0.0, 0.0, 0.0, 0.0, 0.0, 0.0, 0.0, 0.0, 0.0, 0.0, 0.0, 0.0, 0.0, 0.0, 0.0, 0.0, 0.0, 0.0, 0.0, 0.0, 0.0, 0.0, 0.0, 0.0, 0.0, 0.0, 0.8974358974358975, 0.0, 0.0, 0.0, 0.0, 0.0, 0.0, 0.0, 0.0, 0.0, 0.0, 0.0, 0.0, 0.0, 0.0, 0.0, 0.0, 0.0, 0.0, 0.0, 0.0, 0.0, 0.0, 0.0, 0.0, 0.0, 0.0, 0.0, 0.0, 0.0, 0.0, 0.0, 0.0, 0.0, 0.0, 0.0, 0.0, 0.0, 0.0, 0.0, 0.0, 0.0, 0.0, 0.0, 0.0, 0.0, 0.0, 0.0, 0.0, 0.8876404494382022, 0.0, 0.0, 0.0, 0.0, 0.0, 0.0, 0.0, 0.0, 0.0, 0.0, 0.0, 0.0, 0.7272727272727273, 0.0, 0.0, 0.0, 0.0, 0.0, 0.0, 0.0, 0.0, 0.0, 0.0, 0.0, 0.0, 0.0, 0.0, 0.0, 0.0, 0.0, 0.0, 0.0, 0.0, 0.0, 0.0, 0.0, 0.0, 0.0, 0.0, 0.0, 0.0, 0.8235294117647058, 0.0, 0.0, 0.0, 0.0, 0.0, 0.0, 0.0, 0.0, 0.0, 0.0, 0.0, 0.0, 0.0, 0.736842105263158, 0.0, 0.0, 0.0, 0.0, 0.0, 0.0, 0.0, 0.0, 0.0, 0.0, 0.0, 0.0, 0.0, 0.0, 0.0, 0.0, 0.0, 0.0, 0.0, 0.0, 0.0, 0.0, 0.0, 0.0, 0.0, 0.0, 0.0, 0.0, 0.0, 0.0, 0.0, 0.0, 0.0, 0.0, 0.0, 0.0, 0.0, 0.0, 0.0, 0.0, 0.0, 0.0, 0.0, 0.0, 0.0, 0.7230769230769231, 0.0, 0.0, 0.0, 0.0, 0.0, 0.0, 0.0, 0.0, 0.0, 0.0, 0.0, 0.0, 0.0, 0.0, 0.0, 0.0, 0.0, 0.0, 0.0, 0.0, 0.8947368421052632, 0.0, 0.0, 0.0, 0.0, 0.0, 0.0, 0.0, 0.0, 0.0, 0.0, 0.0, 0.0, 0.0, 0.0, 0.0, 0.0, 0.0, 0.0, 0.0, 0.0, 0.0, 0.0, 0.0, 0.0, 0.0, 0.0, 0.0, 0.0, 0.0, 0.0, 0.0, 0.0, 0.0, 0.8378378378378378, 0.0, 0.0, 0.0, 0.0, 0.0, 0.0, 0.0, 0.0, 0.0, 0.0, 0.0, 0.0, 0.0, 0.0, 0.0, 0.0, 0.0, 0.0, 0.0, 0.0, 0.0, 0.0, 0.0, 0.0, 0.0, 0.0, 0.0, 0.0, 0.0, 0.0, 0.0, 0.0, 0.0, 0.0, 0.0, 0.0, 0.0, 0.0, 0.0, 0.0, 0.0, 0.0, 0.0, 0.0, 0.0, 0.0, 0.0, 0.0, 0.0, 0.0, 0.0, 0.0, 0.8793103448275862, 0.0, 0.0, 0.0, 0.0, 0.0, 0.0, 0.0, 0.0, 0.0, 0.0, 0.0, 0.0, 0.0, 0.0, 0.0, 0.0, 0.0, 0.0, 0.0, 0.0, 0.0, 0.0, 0.0, 0.8666666666666667, 0.0, 0.0, 0.0, 0.0, 0.0, 0.0, 0.0, 0.0, 0.0, 0.0, 0.0, 0.0, 0.0, 0.0, 0.0, 0.5434782608695652, 0.0, 0.0, 0.0, 0.0, 0.0, 0.0, 0.0, 0.0, 0.0, 0.0, 0.0, 0.0, 0.0, 0.0, 0.0, 0.0, 0.0, 0.0, 0.0, 0.0, 0.0, 0.0, 0.0, 0.0, 0.0, 0.0, 0.0, 0.0, 0.0, 0.0, 0.0, 0.0, 0.0, 0.0, 0.0, 0.0, 0.0, 0.0, 0.0, 0.0, 0.0, 0.0, 0.0, 0.0, 0.0, 0.0, 0.0, 0.0, 0.0, 0.0, 0.9285714285714286, 0.0, 0.0, 0.0, 0.0, 0.0, 0.0, 0.0, 0.0, 0.0, 0.0, 0.0, 0.0, 0.0, 0.0, 0.0, 0.0, 0.0, 0.0, 0.0, 0.0, 0.0, 0.0, 0.0, 0.0, 0.0, 0.0, 0.0, 0.0, 0.0, 0.0]","[0.0, 0.0, 0.0, 0.0, 0.0, 0.1666666666666666, 0.2857142857142857, 0.375, 0.4444444444444444, 0.5, 0.5454545454545454, 0.5, 0.4615384615384615, 0.4285714285714285, 0.4, 0.4375, 0.4705882352941176, 0.4444444444444444, 0.4210526315789473, 0.4, 0.4, 0.4, 0.4, 0.4, 0.4, 0.35, 0.3, 0.25, 0.2, 0.15, 0.1, 0.15, 0.2, 0.25, 0.3, 0.25, 0.2, 0.2, 0.2, 0.25, 0.3, 0.35, 0.4, 0.45, 0.5, 0.55, 0.6, 0.6, 0.6, 0.65, 0.7, 0.65, 0.6, 0.6, 0.6, 0.65, 0.65, 0.65, 0.65, 0.65, 0.65, 0.65, 0.6, 0.55, 0.5, 0.45, 0.4, 0.45, 0.45, 0.45, 0.4, 0.45, 0.45, 0.45, 0.45, 0.45, 0.5, 0.55, 0.55, 0.5, 0.45, 0.4, 0.4, 0.4, 0.4, 0.45, 0.45, 0.4, 0.4, 0.35, 0.35, 0.35, 0.35, 0.3, 0.25, 0.2, 0.15, 0.1, 0.1, 0.15, 0.2, 0.25, 0.3, 0.35, 0.35, 0.35, 0.35, 0.4, 0.4, 0.45, 0.45, 0.45, 0.45, 0.5, 0.5, 0.55, 0.55, 0.6, 0.6, 0.6, 0.55, 0.55, 0.5, 0.5, 0.5, 0.5, 0.5, 0.5, 0.5, 0.5, 0.5, 0.5, 0.5, 0.5, 0.5, 0.5, 0.5, 0.5, 0.5, 0.5, 0.5, 0.5, 0.5, 0.5, 0.55, 0.55, 0.6, 0.55, 0.6, 0.55, 0.6, 0.55, 0.6, 0.55, 0.6, 0.6, 0.6, 0.6, 0.6, 0.6, 0.6, 0.6, 0.6, 0.6, 0.55, 0.55, 0.5, 0.55, 0.5, 0.55, 0.5, 0.55, 0.5, 0.55, 0.5, 0.45, 0.45, 0.4, 0.45, 0.45, 0.5, 0.45, 0.45, 0.4, 0.4, 0.35, 0.35, 0.3, 0.3, 0.25, 0.25, 0.25, 0.3, 0.3, 0.35, 0.35, 0.4, 0.4, 0.4, 0.35, 0.35, 0.35, 0.4, 0.4, 0.45, 0.45, 0.5, 0.5, 0.55, 0.55, 0.6, 0.55, 0.55, 0.5, 0.5, 0.5, 0.5, 0.5, 0.5, 0.5, 0.5, 0.5, 0.5, 0.5, 0.5, 0.5, 0.5, 0.5, 0.5, 0.55, 0.55, 0.6, 0.6, 0.65, 0.65, 0.7, 0.7, 0.75, 0.75, 0.75, 0.7, 0.7, 0.65, 0.65, 0.6, 0.6, 0.6, 0.65, 0.65, 0.6, 0.6, 0.55, 0.55, 0.5, 0.45, 0.4, 0.35, 0.3, 0.25, 0.25, 0.25, 0.25, 0.25, 0.3, 0.3, 0.35, 0.35, 0.35, 0.35, 0.4, 0.4, 0.45, 0.4, 0.45, 0.45, 0.5, 0.5, 0.55, 0.55, 0.6, 0.6, 0.65, 0.65, 0.65, 0.65, 0.65, 0.6, 0.6, 0.55, 0.55, 0.55, 0.55, 0.6, 0.6, 0.65, 0.65, 0.65, 0.65, 0.65, 0.65, 0.65, 0.65, 0.65, 0.65, 0.65, 0.65, 0.65, 0.65, 0.65, 0.6, 0.55, 0.55, 0.5, 0.5, 0.45, 0.45, 0.45, 0.45, 0.45, 0.45, 0.45, 0.45, 0.45, 0.45, 0.5, 0.45, 0.45, 0.45, 0.45, 0.5, 0.5, 0.45, 0.5, 0.45, 0.5, 0.45, 0.5, 0.45, 0.5, 0.5, 0.55, 0.55, 0.55, 0.5, 0.5, 0.55, 0.6, 0.6, 0.65, 0.65, 0.7, 0.75, 0.75, 0.8, 0.8, 0.85, 0.85, 0.9, 0.9, 0.9, 0.9, 0.85, 0.85, 0.85, 0.8, 0.75, 0.7, 0.65, 0.6, 0.6, 0.6, 0.6, 0.6, 0.6, 0.6, 0.6, 0.6, 0.6, 0.6, 0.6, 0.55, 0.55, 0.55, 0.55, 0.6, 0.65, 0.7, 0.7, 0.7, 0.7, 0.7, 0.7, 0.7, 0.7, 0.7, 0.7, 0.65, 0.6, 0.55, 0.5, 0.55, 0.6, 0.6, 0.6, 0.6, 0.6, 0.6, 0.65, 0.7, 0.7, 0.7, 0.7, 0.7, 0.7, 0.65, 0.6, 0.6, 0.6, 0.65, 0.7, 0.7, 0.7, 0.75, 0.8, 0.8, 0.8, 0.8, 0.8, 0.75, 0.7, 0.65, 0.6, 0.55, 0.5, 0.5, 0.55, 0.6, 0.65, 0.65, 0.65, 0.65, 0.65, 0.6, 0.55, 0.5, 0.45, 0.4, 0.4, 0.45, 0.5, 0.55, 0.6, 0.65, 0.65, 0.65, 0.65, 0.65, 0.65, 0.65, 0.6, 0.55, 0.5, 0.55, 0.6, 0.65, 0.7, 0.75, 0.75, 0.75, 0.75, 0.75, 0.75, 0.75, 0.75, 0.75, 0.7, 0.65, 0.6, 0.55, 0.6, 0.65, 0.7, 0.7, 0.7, 0.7, 0.7, 0.7, 0.7, 0.7, 0.7, 0.65, 0.6, 0.55, 0.55, 0.55, 0.6, 0.65, 0.7, 0.75, 0.75, 0.75, 0.75, 0.75, 0.75, 0.75, 0.75, 0.75, 0.7, 0.65, 0.6, 0.65, 0.7, 0.75, 0.8, 0.8, 0.75, 0.7, 0.7, 0.7, 0.7, 0.7, 0.65, 0.6, 0.6, 0.6, 0.6, 0.6, 0.65, 0.7, 0.7, 0.65, 0.6, 0.55, 0.5, 0.5, 0.5, 0.5, 0.5, 0.5, 0.5, 0.5, 0.55, 0.6, 0.6, 0.6, 0.55, 0.5, 0.45, 0.4, 0.4, 0.4, 0.4, 0.4, 0.4, 0.45, 0.5, 0.55, 0.55, 0.55, 0.55, 0.55, 0.55, 0.5, 0.45, 0.4, 0.4, 0.4, 0.4, 0.4, 0.4, 0.4, 0.4, 0.4, 0.4, 0.35, 0.3, 0.3, 0.3, 0.3, 0.3, 0.3, 0.3, 0.35, 0.35, 0.35, 0.35, 0.35, 0.35, 0.35, 0.35, 0.35, 0.35, 0.35, 0.35, 0.35, 0.35, 0.3, 0.25, 0.2, 0.15, 0.1, 0.05, 0.0, 0.0, 0.0, 0.05, 0.1, 0.15, 0.2, 0.25, 0.3, 0.35, 0.4, 0.45, 0.5, 0.5, 0.5, 0.5, 0.5, 0.5, 0.5, 0.5, 0.5, 0.5, 0.5, 0.45, 0.4, 0.35, 0.3, 0.25, 0.25, 0.25, 0.25, 0.25, 0.25, 0.3, 0.35, 0.4, 0.45, 0.5, 0.55, 0.55, 0.55, 0.55, 0.55, 0.55, 0.55, 0.55, 0.55, 0.55, 0.5, 0.45, 0.4, 0.35, 0.3, 0.25, 0.2, 0.15, 0.1, 0.05, 0.0, 0.0, 0.0, 0.0, 0.05, 0.1, 0.15, 0.2, 0.25, 0.3, 0.35, 0.4, 0.45, 0.5, 0.55, 0.6, 0.6, 0.6, 0.6, 0.6, 0.6, 0.6, 0.6, 0.6, 0.55, 0.5, 0.45, 0.4, 0.35, 0.35, 0.35, 0.35, 0.35, 0.35, 0.3, 0.25, 0.25, 0.25, 0.25, 0.25, 0.25, 0.25, 0.25, 0.25, 0.25, 0.25, 0.25, 0.3, 0.35, 0.35, 0.35, 0.35, 0.35, 0.35, 0.35, 0.35, 0.35, 0.35, 0.35, 0.35, 0.35, 0.35, 0.4, 0.45, 0.5, 0.55, 0.6, 0.6, 0.55, 0.5, 0.45, 0.4, 0.35, 0.3, 0.3, 0.3, 0.3, 0.3, 0.35, 0.4, 0.45, 0.5, 0.5, 0.45, 0.4, 0.35, 0.3, 0.25, 0.25, 0.25, 0.25, 0.25, 0.25, 0.25, 0.25, 0.25, 0.25, 0.25, 0.25, 0.25, 0.25, 0.25, 0.25, 0.3, 0.35, 0.4, 0.45, 0.45, 0.45, 0.45, 0.45, 0.45, 0.45, 0.5, 0.55, 0.6, 0.65, 0.7, 0.65, 0.6, 0.55, 0.5, 0.45, 0.4, 0.35, 0.3, 0.25, 0.25, 0.25, 0.25, 0.25, 0.25, 0.25, 0.2, 0.15, 0.15, 0.15, 0.15, 0.2, 0.25, 0.3, 0.35, 0.35, 0.35, 0.35, 0.35, 0.35, 0.35, 0.35, 0.35, 0.35, 0.35, 0.4, 0.45, 0.5, 0.5, 0.5, 0.5, 0.45, 0.4, 0.35, 0.35, 0.4, 0.45, 0.45, 0.45, 0.5, 0.55, 0.6, 0.65, 0.7, 0.7, 0.65, 0.6, 0.55, 0.5, 0.45, 0.45, 0.5, 0.55, 0.6, 0.55, 0.5, 0.45, 0.45, 0.5, 0.5, 0.5, 0.5, 0.5, 0.5, 0.55, 0.6, 0.65, 0.65, 0.65, 0.65, 0.6, 0.55, 0.5, 0.45, 0.45, 0.45, 0.45, 0.45, 0.45, 0.45, 0.45, 0.45, 0.45, 0.45, 0.45, 0.4, 0.35, 0.35, 0.35, 0.35, 0.35, 0.35, 0.35, 0.35, 0.35, 0.35, 0.35, 0.35, 0.3, 0.3, 0.3, 0.3, 0.3, 0.3, 0.3, 0.35, 0.4, 0.45, 0.5, 0.55, 0.55, 0.55, 0.55, 0.55, 0.6, 0.65, 0.7, 0.75, 0.8, 0.8, 0.8, 0.8, 0.8, 0.8, 0.8, 0.8, 0.75, 0.7, 0.65, 0.6, 0.6, 0.6, 0.6, 0.65, 0.65, 0.65, 0.65, 0.65, 0.65, 0.6, 0.55, 0.5, 0.45, 0.45, 0.45, 0.45, 0.5, 0.55, 0.6, 0.65, 0.7, 0.7, 0.7, 0.65, 0.6, 0.55, 0.5, 0.45, 0.45, 0.5, 0.55, 0.6, 0.65, 0.6, 0.55, 0.5, 0.45, 0.4, 0.4, 0.4, 0.4, 0.45, 0.5, 0.55, 0.55, 0.55, 0.55, 0.55, 0.5, 0.45, 0.4, 0.4, 0.4, 0.45, 0.5, 0.55, 0.6, 0.65, 0.6, 0.55, 0.5, 0.45, 0.4, 0.35, 0.35, 0.35, 0.35, 0.35, 0.35, 0.35, 0.35, 0.3, 0.3, 0.3, 0.3, 0.3, 0.3, 0.3, 0.3, 0.3, 0.3, 0.3, 0.3, 0.3, 0.3, 0.3, 0.3, 0.35, 0.4, 0.45, 0.5, 0.55, 0.55, 0.5, 0.45, 0.4, 0.35, 0.3, 0.3, 0.3, 0.3, 0.35, 0.4, 0.45, 0.5, 0.55, 0.55, 0.5, 0.45, 0.4, 0.35, 0.3, 0.3, 0.35, 0.4, 0.45, 0.5, 0.55, 0.55, 0.55, 0.55, 0.5, 0.45, 0.4, 0.4, 0.4, 0.45, 0.5, 0.55, 0.6, 0.65, 0.65, 0.6, 0.55, 0.5, 0.45, 0.4, 0.35, 0.35, 0.35, 0.35, 0.4, 0.45, 0.5, 0.5, 0.5, 0.5, 0.5, 0.5, 0.45, 0.4, 0.45, 0.5, 0.55, 0.55, 0.6, 0.6, 0.65, 0.65, 0.7, 0.7, 0.7, 0.65, 0.6, 0.55, 0.5, 0.45, 0.45, 0.45, 0.5, 0.55, 0.55, 0.55, 0.55, 0.55, 0.5, 0.5, 0.45, 0.45, 0.4, 0.4, 0.4, 0.45, 0.5, 0.55, 0.55, 0.55, 0.5, 0.45, 0.4]","[1.197, 1.476, 1.777, 2.053, 2.317, 2.674, 2.987, 3.25, 3.498, 3.8, 4.096, 4.439, 4.738, 5.057, 5.344, 5.667, 5.952, 6.342, 6.682, 7.006, 7.262, 7.554, 7.834, 8.093, 8.376, 8.696, 8.956, 9.222, 9.493, 9.73, 10.014, 10.332, 10.644, 10.939, 11.242, 11.562, 11.9, 12.224, 12.543, 12.864, 13.202, 13.517, 13.798, 14.108, 14.412, 14.706, 14.948, 15.389, 15.669, 16.003, 16.217, 17.021, 17.311, 17.697, 18.008, 18.262, 18.576, 18.876, 19.203, 19.614, 19.872, 20.156, 20.83, 21.151, 21.455, 21.738, 22.036, 22.381, 22.744, 23.043, 23.321, 23.635, 23.885, 24.138, 24.575, 24.819, 25.254, 25.559, 29.46, 29.888, 30.105, 30.541, 30.936, 31.352, 31.568, 31.891, 32.613, 34.405, 34.642, 34.899, 35.292, 35.791, 36.917, 37.181, 37.46, 37.703, 37.935, 38.823, 39.111, 39.478, 39.83, 40.143, 40.402, 40.671, 40.961, 41.33, 41.712, 42.044, 42.384, 42.738, 43.105, 43.445, 43.751, 44.1, 44.407, 44.717, 44.995, 45.262, 45.504, 45.746, 45.993, 46.228, 46.493, 46.765, 47.044, 47.325, 47.615, 47.885, 48.146, 48.4, 48.655, 48.906, 49.161, 49.436, 49.669, 49.924, 50.202, 50.486, 50.744, 51.005, 51.279, 51.532, 51.797, 52.046, 52.286, 52.541, 52.831, 53.123, 53.415, 53.68, 53.946, 54.197, 54.462, 54.706, 54.946, 55.892, 56.152, 56.424, 56.695, 56.977, 57.254, 57.515, 57.756, 58.033, 58.295, 58.571, 58.839, 59.108, 59.414, 59.664, 59.903, 60.142, 60.351, 60.628, 60.911, 61.12, 61.387, 61.634, 62.034, 62.278, 62.494, 62.953, 63.329, 63.613, 63.828, 64.062, 64.343, 64.602, 64.886, 65.155, 65.418, 65.754, 65.998, 66.302, 66.604, 67.019, 67.352, 67.736, 68.084, 68.444, 68.828, 69.164, 69.544, 69.898, 70.264, 70.594, 70.911, 71.243, 71.585, 71.895, 72.178, 72.5, 72.838, 73.143, 73.431, 73.726, 74.056, 74.365, 74.693, 75.036, 75.352, 75.679, 76.018, 76.348, 76.65, 76.933, 77.262, 77.603, 77.905, 78.204, 78.528, 78.796, 79.128, 79.398, 79.691, 79.965, 80.247, 80.539, 80.769, 81.146, 81.469, 81.776, 82.096, 82.365, 82.674, 82.976, 83.328, 83.651, 83.996, 84.303, 84.662, 84.988, 85.27, 85.644, 85.909, 86.232, 86.512, 86.831, 87.156, 87.433, 87.742, 88.002, 88.291, 88.633, 88.997, 89.337, 89.612, 89.866, 90.128, 90.46, 90.708, 90.928, 91.449, 91.786, 92.067, 92.37, 92.707, 93.033, 93.405, 93.782, 94.107, 94.456, 94.775, 95.124, 95.424, 95.797, 96.144, 96.504, 96.873, 97.994, 98.395, 98.838, 99.088, 99.298, 99.652, 99.866, 100.384, 100.638, 100.952, 101.271, 101.575, 101.854, 102.162, 102.472, 102.78, 103.067, 103.391, 103.729, 104.059, 104.306, 104.563, 104.912, 105.241, 105.608, 105.879, 106.212, 106.571, 107.971, 109.574, 109.954, 110.338, 110.631, 110.936, 111.495, 112.729, 113.076, 113.772, 114.144, 114.517, 114.855, 115.141, 115.779, 116.096, 116.404, 116.74, 117.064, 117.452, 117.788, 118.127, 118.434, 118.752, 119.055, 119.48, 119.846, 120.581, 120.931, 121.261, 121.544, 121.83, 122.119, 122.405, 122.651, 122.87, 123.269, 123.5, 123.814, 124.095, 124.382, 124.678, 124.98, 125.228, 125.842, 126.151, 126.471, 126.731, 127.044, 127.327, 127.637, 127.933, 128.697, 128.964, 129.3, 129.605, 129.88, 130.138, 130.398, 130.667, 130.965, 131.218, 131.48, 132.076, 132.355, 132.594, 132.865, 133.174, 133.49, 133.732, 134.452, 134.794, 135.2, 135.538, 135.77, 136.067, 136.294, 136.778, 137.023, 137.702, 138.017, 138.331, 138.625, 139.002, 139.347, 139.604, 139.961, 140.316, 140.647, 140.983, 141.276, 141.618, 141.923, 142.211, 142.53, 142.825, 143.132, 143.756, 144.113, 144.501, 144.862, 145.356, 145.737, 146.059, 146.4, 146.747, 147.043, 147.355, 147.686, 147.997, 148.32, 149.079, 149.443, 149.698, 150.049, 150.363, 150.673, 151.024, 151.386, 151.812, 152.138, 152.467, 152.796, 153.105, 153.464, 153.829, 154.187, 154.524, 154.85, 155.137, 155.872, 156.222, 156.526, 156.833, 157.155, 157.484, 157.852, 158.16, 158.549, 158.839, 159.183, 159.478, 160.043, 160.349, 160.681, 161.09, 161.451, 161.768, 162.089, 162.422, 162.771, 163.08, 163.427, 163.754, 164.071, 164.387, 165.078, 165.438, 165.757, 166.111, 166.444, 166.757, 167.161, 167.478, 167.759, 168.028, 168.323, 168.561, 168.844, 169.104, 169.371, 169.692, 169.995, 170.274, 170.576, 170.906, 171.144, 171.477, 171.82, 172.114, 172.431, 172.723, 173.024, 173.295, 173.548, 173.807, 174.052, 174.324, 174.578, 174.848, 175.112, 175.417, 175.707, 176.296, 176.607, 176.836, 177.07, 177.505, 177.792, 178.114, 178.465, 178.711, 179.03, 179.304, 179.569, 179.926, 180.289, 180.678, 181.0, 181.295, 181.568, 181.864, 182.265, 182.598, 182.918, 183.186, 183.563, 183.853, 184.188, 184.528, 184.89, 185.27, 185.613, 185.954, 186.227, 186.581, 186.904, 187.189, 187.531, 187.884, 188.24, 188.565, 188.911, 189.233, 189.546, 189.865, 190.188, 190.803, 191.233, 191.594, 191.889, 192.181, 192.465, 192.747, 193.097, 193.731, 194.132, 194.497, 194.802, 195.127, 195.436, 195.791, 196.086, 196.428, 196.768, 197.109, 197.418, 197.757, 198.068, 198.517, 198.858, 199.17, 199.932, 200.289, 200.67, 200.939, 201.721, 202.097, 202.428, 202.682, 202.941, 203.195, 203.491, 203.77, 204.093, 204.355, 204.601, 205.0, 205.362, 205.741, 206.08, 206.33, 206.709, 207.094, 207.503, 207.911, 208.295, 208.703, 209.007, 209.237, 209.654, 210.085, 210.297, 210.672, 211.046, 211.439, 211.867, 212.26, 212.676, 212.899, 213.274, 213.719, 213.978, 214.237, 214.632, 214.88, 215.14, 215.374, 215.604, 215.868, 216.335, 216.602, 216.848, 217.128, 217.397, 217.633, 217.886, 218.197, 218.45, 218.717, 218.965, 219.241, 219.503, 219.71, 220.132, 220.354, 220.587, 220.904, 221.161, 221.48, 221.797, 222.115, 222.391, 222.672, 222.921, 223.239, 223.529, 223.763, 224.05, 224.351, 224.635, 224.888, 225.17, 225.463, 225.667, 225.95, 226.177, 226.741, 227.004, 227.278, 227.533, 227.769, 228.026, 228.285, 228.523, 228.735, 228.969, 229.227, 229.497, 229.985, 230.321, 230.636, 230.91, 231.183, 231.425, 231.672, 231.891, 232.133, 232.351, 232.802, 233.045, 233.446, 233.727, 234.0, 234.254, 234.584, 234.821, 235.349, 235.679, 235.947, 236.211, 236.467, 236.753, 237.009, 237.232, 237.486, 237.821, 238.108, 238.351, 238.652, 239.233, 239.491, 239.78, 240.039, 240.299, 240.558, 240.774, 240.988, 241.212, 241.592, 241.883, 242.199, 242.451, 242.702, 242.977, 243.347, 243.713, 244.009, 244.298, 244.576, 244.851, 245.334, 245.666, 245.971, 246.264, 246.538, 246.806, 247.15, 247.495, 247.814, 248.049, 248.557, 248.848, 249.214, 249.518, 249.755, 250.107, 250.43, 250.727, 251.027, 251.346, 251.722, 252.031, 252.327, 252.568, 252.885, 253.185, 253.463, 253.731, 253.984, 254.218, 254.518, 254.881, 255.18, 255.49, 255.763, 256.044, 256.288, 256.557, 256.796, 257.103, 257.405, 257.733, 258.002, 258.321, 258.568, 259.201, 259.483, 259.785, 260.034, 260.293, 260.861, 261.192, 261.52, 261.851, 262.133, 262.442, 262.758, 263.076, 263.399, 263.74, 264.049, 264.373, 264.655, 264.99, 265.308, 265.686, 265.919, 266.304, 266.635, 266.98, 267.264, 267.531, 267.798, 268.035, 268.27, 268.507, 268.823, 269.093, 269.398, 269.651, 269.927, 270.163, 270.377, 270.602, 271.072, 271.336, 271.582, 271.819, 272.069, 272.31, 272.807, 273.085, 273.323, 273.61, 273.866, 274.126, 274.525, 274.81, 275.222, 275.471, 275.917, 276.199, 276.46, 276.761, 277.009, 277.223, 277.5, 277.753, 277.975, 278.277, 278.553, 278.793, 279.059, 279.552, 279.871, 280.16, 280.401, 280.868, 281.178, 281.444, 281.744, 281.994, 282.262, 282.543, 282.81, 283.073, 283.489, 283.902, 284.197, 284.468, 284.753, 285.021, 285.271, 285.518, 285.791, 286.077, 286.375, 286.979, 287.264, 287.552, 287.833, 288.119, 288.394, 288.652, 288.906, 289.245, 289.552, 289.84, 290.128, 290.414, 290.693, 290.936, 291.161, 291.531, 291.837, 292.15, 292.372, 292.603, 292.894, 293.185, 293.493, 293.782, 294.063, 294.352, 294.628, 294.958, 295.255, 295.51, 295.742, 296.082, 296.396, 296.714, 296.949, 297.522, 297.835, 298.124, 298.366, 298.629, 298.861, 299.086, 299.32, 299.535, 299.755, 300.182, 300.443, 300.867, 301.142, 301.432, 301.652, 301.865, 302.087, 302.315, 302.762, 303.058, 303.345, 303.617, 303.921, 304.169, 304.872, 305.196, 305.511, 305.808, 306.713, 307.017, 307.294, 307.514, 307.811, 308.053, 308.331, 308.583, 309.236, 309.498, 309.758, 310.046, 310.336, 310.571, 310.805, 311.247, 311.525, 311.748, 312.058, 312.325, 312.79, 313.09, 313.399, 313.695, 313.94, 314.483, 314.818, 315.128, 315.346, 315.609, 315.858, 316.111, 316.441, 316.738, 317.038, 317.32, 317.549, 317.822, 318.25, 318.545, 318.825, 319.103, 319.361, 319.65, 319.912, 320.357, 320.616, 320.946, 321.219, 321.466, 321.716, 321.971, 322.231, 322.476, 322.706, 322.955, 323.191, 323.404, 323.618, 323.968, 324.238, 324.57, 324.855, 325.119, 325.386, 325.851, 326.226, 326.499, 326.747, 327.018, 327.24, 327.444, 327.67, 327.906, 328.192, 328.46, 328.766, 329.022, 329.277, 329.686, 330.001, 330.309, 330.589, 330.871, 331.122, 331.366, 331.595, 331.807, 332.376, 332.656, 332.925, 333.207, 333.451, 333.924, 334.212, 334.455, 334.949, 335.188, 335.418, 335.741, 336.004, 336.263, 336.52, 336.75, 336.965, 337.424, 337.745, 338.048, 338.353, 338.6, 338.848, 339.167, 339.42, 339.779, 340.051, 340.311, 340.556, 340.771, 341.175, 341.52, 341.824, 342.157, 342.385, 342.797, 343.176, 343.458, 343.791, 344.017, 344.572, 344.89, 345.188, 345.452, 345.726, 346.004, 346.239, 346.548, 346.854, 347.171, 347.601, 347.952, 348.216, 348.581, 349.04, 349.442, 349.782, 350.126, 350.445, 350.68, 350.928, 351.168, 351.742, 352.041, 352.284, 352.583, 353.119, 353.403, 353.67, 353.939, 354.165, 354.423, 354.652, 355.201, 355.51, 355.797, 356.061, 356.29, 356.504, 356.723, 357.164, 357.439, 357.7, 357.933, 358.362, 358.605, 359.027, 359.29, 359.511]"
mmgp4tj5hwk1cr,80,33831,33.831,0.9342105263157895,0.25,,,
mmgp4tj5hwk1cr,103,45603,45.603,0.8181818181818181,0.6,,,
mmgp4tj5hwk1cr,208,84198,84.198,0.9672131147540983,0.65,,,
mmgp4tj5hwk1cr,255,103683,103.683,0.92,0.4,,,
mmgp4tj5hwk1cr,302,124368,124.368,0.8611111111111112,0.85,,,
mmgp4tj5hwk1cr,323,134372,134.372,0.5357142857142857,0.55,,,
mmgp4tj5hwk1cr,354,143719,143.719,0.8372093023255813,0.75,,,
mmgp4tj5hwk1cr,390,157005,157.005,0.8095238095238095,1.0,,,
mmgp4tj5hwk1cr,428,171911,171.911,0.6896551724137931,0.7,,,
mmgp4tj5hwk1cr,461,181948,181.948,0.7692307692307692,0.55,,,
mmgp4tj5hwk1cr,502,196941,196.941,0.9387755102040817,0.3,,,
mmgp4tj5hwk1cr,555,214841,214.841,0.8909090909090909,0.5,,,
mmgp4tj5hwk1cr,596,229123,229.123,0.8148148148148149,0.0,,,
mmgp4tj5hwk1cr,631,242494,242.494,0.7272727272727273,0.25,,,
mmgp4tj5hwk1cr,665,254725,254.725,0.8888888888888888,0.45,,,
mmgp4tj5hwk1cr,706,269152,269.152,0.8,0.5,,,
mmgp4tj5hwk1cr,727,276814,276.814,0.782608695652174,0.35,,,
mmgp4tj5hwk1cr,752,285727,285.727,0.8148148148148149,0.55,,,
mmgp4tj5hwk1cr,780,295043,295.043,0.8709677419354839,0.75,,,
mmgp4tj5hwk1cr,826,311986,311.986,0.92,0.9,,,
mmgp4tj5hwk1cr,850,320156,320.156,0.8148148148148149,0.5,,,
mmgp4tj5hwk1cr,873,328602,328.602,0.5925925925925926,0.45,,,
mmgp4tj5hwk1cr,908,338662,338.662,0.9111111111111111,0.65,,,
mmgp4tj5hwk1cr,936,347461,347.461,0.8387096774193549,1.0,,,
mmgp4tj5hwk1cr,-1,0,0.0,0.0,0.0,"[0.0, 0.9999999999999999, 0.9999999999999999, 1.0, 0.0, 0.0, 0.0, 0.0, 0.0, 0.0, 0.0, 0.0, 0.0, 0.0, 0.0, 0.0, 0.0, 0.0, 0.0, 0.0, 0.0, 0.0, 0.0, 0.0, 0.0, 0.0, 0.0, 0.0, 0.0, 0.0, 0.0, 0.0, 0.0, 0.0, 0.0, 0.0, 0.0, 0.0, 0.0, 0.0, 0.0, 0.0, 0.0, 0.0, 0.0, 0.0, 0.0, 0.0, 0.0, 0.0, 0.0, 0.0, 0.0, 0.0, 0.0, 0.0, 0.0, 0.0, 0.0, 0.0, 0.0, 0.0, 0.7413793103448276, 0.0, 0.0, 0.0, 0.0, 0.0, 0.0, 0.0, 0.0, 0.0, 0.0, 0.0, 0.0, 0.0, 0.0, 0.0, 0.0, 0.0, 0.9342105263157895, 0.0, 0.0, 0.0, 0.0, 0.0, 0.0, 0.0, 0.0, 0.0, 0.0, 0.0, 0.0, 0.0, 0.0, 0.0, 0.0, 0.0, 0.0, 0.0, 0.0, 0.0, 0.0, 0.8181818181818181, 0.0, 0.0, 0.0, 0.0, 0.0, 0.0, 0.0, 0.0, 0.0, 0.0, 0.0, 0.0, 0.0, 0.0, 0.0, 0.0, 0.0, 0.0, 0.0, 0.0, 0.0, 0.0, 0.0, 0.0, 0.0, 0.0, 0.0, 0.0, 0.0, 0.0, 0.0, 0.0, 0.0, 0.0, 0.0, 0.0, 0.0, 0.0, 0.0, 0.0, 0.0, 0.0, 0.0, 0.0, 0.0, 0.0, 0.0, 0.0, 0.0, 0.0, 0.0, 0.0, 0.0, 0.0, 0.0, 0.0, 0.0, 0.0, 0.0, 0.0, 0.0, 0.0, 0.0, 0.0, 0.0, 0.0, 0.0, 0.0, 0.0, 0.0, 0.0, 0.0, 0.0, 0.0, 0.0, 0.0, 0.0, 0.0, 0.0, 0.0, 0.0, 0.0, 0.0, 0.0, 0.0, 0.0, 0.0, 0.0, 0.0, 0.0, 0.0, 0.0, 0.0, 0.0, 0.0, 0.0, 0.0, 0.0, 0.0, 0.0, 0.0, 0.0, 0.0, 0.0, 0.9672131147540983, 0.0, 0.0, 0.0, 0.0, 0.0, 0.0, 0.0, 0.0, 0.0, 0.0, 0.0, 0.0, 0.0, 0.0, 0.0, 0.0, 0.0, 0.0, 0.0, 0.0, 0.0, 0.0, 0.0, 0.0, 0.0, 0.0, 0.0, 0.0, 0.0, 0.0, 0.0, 0.0, 0.0, 0.0, 0.0, 0.0, 0.0, 0.0, 0.0, 0.0, 0.0, 0.0, 0.0, 0.0, 0.0, 0.0, 0.92, 0.0, 0.0, 0.0, 0.0, 0.0, 0.0, 0.0, 0.0, 0.0, 0.0, 0.0, 0.0, 0.0, 0.0, 0.0, 0.0, 0.0, 0.0, 0.5909090909090908, 0.0, 0.0, 0.0, 0.0, 0.0, 0.0, 0.0, 0.0, 0.0, 0.0, 0.0, 0.0, 0.0, 0.0, 0.0, 0.0, 0.0, 0.0, 0.0, 0.0, 0.0, 0.0, 0.0, 0.0, 0.0, 0.0, 0.0, 0.8611111111111112, 0.0, 0.0, 0.0, 0.0, 0.0, 0.0, 0.0, 0.0, 0.0, 0.0, 0.0, 0.0, 0.0, 0.0, 0.0, 0.0, 0.0, 0.0, 0.0, 0.0, 0.5357142857142857, 0.0, 0.0, 0.0, 0.0, 0.0, 0.0, 0.0, 0.0, 0.0, 0.0, 0.0, 0.0, 0.0, 0.0, 0.0, 0.0, 0.0, 0.0, 0.0, 0.0, 0.0, 0.0, 0.0, 0.0, 0.0, 0.0, 0.0, 0.0, 0.0, 0.0, 0.8372093023255813, 0.0, 0.0, 0.0, 0.0, 0.0, 0.0, 0.0, 0.0, 0.0, 0.0, 0.0, 0.0, 0.0, 0.0, 0.0, 0.0, 0.0, 0.0, 0.0, 0.0, 0.0, 0.0, 0.0, 0.0, 0.0, 0.0, 0.0, 0.0, 0.0, 0.0, 0.0, 0.0, 0.0, 0.0, 0.0, 0.8095238095238095, 0.0, 0.0, 0.0, 0.0, 0.0, 0.0, 0.0, 0.0, 0.0, 0.0, 0.0, 0.0, 0.7, 0.0, 0.0, 0.0, 0.0, 0.0, 0.0, 0.0, 0.0, 0.0, 0.0, 0.0, 0.0, 0.0, 0.0, 0.0, 0.0, 0.0, 0.0, 0.0, 0.0, 0.0, 0.0, 0.0, 0.0, 0.6896551724137931, 0.0, 0.0, 0.0, 0.0, 0.0, 0.0, 0.0, 0.0, 0.0, 0.0, 0.0, 0.0, 0.0, 0.0, 0.0, 0.0, 0.0, 0.0, 0.0, 0.0, 0.0, 0.0, 0.0, 0.0, 0.0, 0.0, 0.0, 0.0, 0.0, 0.0, 0.0, 0.0, 0.7692307692307692, 0.0, 0.0, 0.0, 0.0, 0.0, 0.0, 0.0, 0.0, 0.0, 0.0, 0.0, 0.0, 0.0, 0.0, 0.0, 0.0, 0.0, 0.0, 0.0, 0.0, 0.0, 0.0, 0.0, 0.0, 0.0, 0.0, 0.0, 0.0, 0.0, 0.0, 0.0, 0.0, 0.0, 0.0, 0.0, 0.0, 0.0, 0.0, 0.0, 0.0, 0.9387755102040817, 0.5095406364624674, 0.0, 0.0, 0.0, 0.0, 0.0, 0.0, 0.0, 0.0, 0.0, 0.0, 0.0, 0.0, 0.0, 0.0, 0.0, 0.0, 0.0, 0.0, 0.0, 0.0, 0.0, 0.6, 0.0, 0.0, 0.0, 0.0, 0.0, 0.0, 0.0, 0.0, 0.0, 0.0, 0.0, 0.0, 0.0, 0.7435897435897436, 0.0, 0.0, 0.0, 0.0, 0.0, 0.0, 0.0, 0.0, 0.0, 0.0, 0.0, 0.0, 0.0, 0.0, 0.0, 0.8909090909090909, 0.0, 0.0, 0.0, 0.0, 0.0, 0.0, 0.0, 0.0, 0.0, 0.0, 0.0, 0.0, 0.0, 0.0, 0.0, 0.0, 0.0, 0.0, 0.0, 0.0, 0.0, 0.0, 0.0, 0.0, 0.5666666666666667, 0.0, 0.0, 0.0, 0.0, 0.0, 0.0, 0.0, 0.0, 0.0, 0.0, 0.0, 0.0, 0.0, 0.0, 0.0, 0.8148148148148149, 0.0, 0.0, 0.0, 0.0, 0.0, 0.0, 0.0, 0.0, 0.0, 0.0, 0.0, 0.0, 0.0, 0.0, 0.736842105263158, 0.0, 0.0, 0.0, 0.0, 0.0, 0.0, 0.0, 0.0, 0.0, 0.0, 0.0, 0.0, 0.0, 0.0, 0.0, 0.0, 0.0, 0.0, 0.0, 0.7272727272727273, 0.0, 0.0, 0.0, 0.0, 0.0, 0.0, 0.0, 0.0, 0.0, 0.0, 0.0, 0.0, 0.0, 0.0, 0.0, 0.0, 0.0, 0.0, 0.0, 0.0, 0.0, 0.0, 0.0, 0.0, 0.0, 0.0, 0.0, 0.0, 0.0, 0.0, 0.0, 0.0, 0.0, 0.8888888888888888, 0.0, 0.0, 0.0, 0.0, 0.0, 0.0, 0.0, 0.0, 0.0, 0.0, 0.0, 0.0, 0.0, 0.0, 0.0, 0.0, 0.0, 0.0, 0.7727272727272727, 0.0, 0.0, 0.0, 0.0, 0.0, 0.0, 0.0, 0.0, 0.0, 0.0, 0.0, 0.0, 0.0, 0.0, 0.0, 0.0, 0.0, 0.0, 0.0, 0.0, 0.0, 0.8, 0.0, 0.0, 0.0, 0.0, 0.0, 0.0, 0.0, 0.0, 0.0, 0.0, 0.0, 0.0, 0.0, 0.0, 0.0, 0.0, 0.0, 0.0, 0.0, 0.0, 0.782608695652174, 0.0, 0.0, 0.0, 0.0, 0.0, 0.0, 0.0, 0.0, 0.0, 0.0, 0.0, 0.0, 0.0, 0.0, 0.0, 0.0, 0.0, 0.0, 0.0, 0.0, 0.0, 0.0, 0.0, 0.0, 0.8148148148148149, 0.0, 0.0, 0.0, 0.0, 0.0, 0.0, 0.0, 0.0, 0.0, 0.0, 0.0, 0.0, 0.0, 0.0, 0.0, 0.0, 0.0, 0.0, 0.0, 0.0, 0.0, 0.0, 0.0, 0.0, 0.0, 0.0, 0.0, 0.8709677419354839, 0.0, 0.0, 0.0, 0.0, 0.0, 0.0, 0.0, 0.0, 0.0, 0.0, 0.6190476190476191, 0.0, 0.0, 0.0, 0.0, 0.0, 0.0, 0.0, 0.0, 0.0, 0.0, 0.0, 0.0, 0.0, 0.0, 0.0, 0.0, 0.0, 0.0, 0.0, 0.0, 0.0, 0.0, 0.0, 0.0, 0.0, 0.0, 0.0, 0.0, 0.0, 0.0, 0.0, 0.0, 0.0, 0.0, 0.92, 0.0, 0.0, 0.0, 0.0, 0.0, 0.0, 0.0, 0.0, 0.0, 0.0, 0.0, 0.0, 0.0, 0.0, 0.0, 0.0, 0.0, 0.0, 0.0, 0.0, 0.0, 0.0, 0.0, 0.8148148148148149, 0.0, 0.0, 0.0, 0.0, 0.0, 0.0, 0.0, 0.0, 0.0, 0.0, 0.0, 0.0, 0.0, 0.0, 0.0, 0.0, 0.0, 0.0, 0.0, 0.0, 0.0, 0.0, 0.5925925925925926, 0.0, 0.0, 0.0, 0.0, 0.0, 0.0, 0.0, 0.0, 0.0, 0.0, 0.0, 0.0, 0.0, 0.0, 0.0, 0.0, 0.0, 0.0, 0.0, 0.0, 0.0, 0.0, 0.0, 0.0, 0.0, 0.0, 0.0, 0.0, 0.0, 0.0, 0.0, 0.0, 0.0, 0.0, 0.9111111111111111, 0.0, 0.0, 0.0, 0.0, 0.0, 0.0, 0.0, 0.0, 0.0, 0.0, 0.0, 0.0, 0.0, 0.0, 0.0, 0.0, 0.0, 0.0, 0.0, 0.0, 0.0, 0.0, 0.0, 0.0, 0.0, 0.0, 0.0, 0.8387096774193549, 0.0, 0.0, 0.0, 0.0, 0.0, 0.0, 0.0, 0.0, 0.0, 0.0, 0.0, 0.7058823529411764, 0.0, 0.0, 0.0, 0.0, 0.0, 0.0, 0.0, 0.0, 0.0, 0.0, 0.0, 0.0, 0.0, 0.0, 0.0, 0.0, 0.0, 0.0, 0.0, 0.0, 0.0, 0.0]","[1.0, 1.0, 1.0, 0.75, 0.6, 0.5, 0.4285714285714285, 0.375, 0.3333333333333333, 0.3, 0.2727272727272727, 0.25, 0.2307692307692307, 0.2857142857142857, 0.3333333333333333, 0.375, 0.4117647058823529, 0.4444444444444444, 0.4736842105263157, 0.5, 0.5, 0.5, 0.45, 0.45, 0.45, 0.45, 0.45, 0.45, 0.45, 0.45, 0.45, 0.45, 0.5, 0.5, 0.5, 0.5, 0.5, 0.5, 0.45, 0.4, 0.35, 0.3, 0.3, 0.3, 0.3, 0.35, 0.4, 0.45, 0.5, 0.55, 0.55, 0.55, 0.5, 0.5, 0.5, 0.5, 0.5, 0.5, 0.55, 0.6, 0.6, 0.6, 0.6, 0.6, 0.6, 0.55, 0.5, 0.45, 0.4, 0.35, 0.4, 0.45, 0.5, 0.5, 0.45, 0.4, 0.35, 0.3, 0.25, 0.2, 0.25, 0.25, 0.3, 0.3, 0.35, 0.4, 0.45, 0.5, 0.5, 0.5, 0.5, 0.5, 0.5, 0.45, 0.45, 0.45, 0.5, 0.55, 0.6, 0.6, 0.55, 0.55, 0.55, 0.6, 0.6, 0.55, 0.5, 0.45, 0.5, 0.55, 0.55, 0.5, 0.45, 0.45, 0.5, 0.55, 0.55, 0.5, 0.45, 0.45, 0.5, 0.55, 0.5, 0.45, 0.4, 0.45, 0.45, 0.5, 0.45, 0.45, 0.4, 0.45, 0.45, 0.5, 0.45, 0.45, 0.4, 0.45, 0.45, 0.5, 0.45, 0.45, 0.45, 0.5, 0.5, 0.5, 0.5, 0.5, 0.5, 0.5, 0.5, 0.5, 0.5, 0.5, 0.5, 0.5, 0.5, 0.5, 0.55, 0.5, 0.55, 0.5, 0.55, 0.5, 0.55, 0.5, 0.55, 0.5, 0.55, 0.5, 0.55, 0.5, 0.5, 0.5, 0.5, 0.5, 0.5, 0.5, 0.45, 0.5, 0.45, 0.5, 0.45, 0.45, 0.45, 0.45, 0.45, 0.45, 0.45, 0.45, 0.45, 0.45, 0.5, 0.45, 0.5, 0.45, 0.5, 0.45, 0.5, 0.45, 0.5, 0.45, 0.5, 0.55, 0.55, 0.6, 0.6, 0.65, 0.65, 0.7, 0.65, 0.7, 0.65, 0.7, 0.65, 0.7, 0.65, 0.65, 0.65, 0.65, 0.65, 0.65, 0.65, 0.6, 0.6, 0.55, 0.55, 0.5, 0.5, 0.45, 0.5, 0.5, 0.55, 0.55, 0.6, 0.6, 0.65, 0.65, 0.65, 0.65, 0.65, 0.65, 0.6, 0.65, 0.6, 0.65, 0.6, 0.65, 0.6, 0.6, 0.6, 0.55, 0.5, 0.45, 0.45, 0.4, 0.4, 0.4, 0.4, 0.4, 0.4, 0.4, 0.45, 0.45, 0.5, 0.5, 0.55, 0.55, 0.6, 0.65, 0.6, 0.6, 0.65, 0.7, 0.65, 0.65, 0.65, 0.7, 0.65, 0.65, 0.6, 0.6, 0.55, 0.5, 0.5, 0.5, 0.5, 0.45, 0.45, 0.45, 0.5, 0.55, 0.55, 0.55, 0.6, 0.65, 0.65, 0.65, 0.7, 0.75, 0.8, 0.85, 0.85, 0.85, 0.8, 0.8, 0.75, 0.8, 0.75, 0.7, 0.7, 0.65, 0.65, 0.65, 0.65, 0.6, 0.6, 0.6, 0.55, 0.55, 0.55, 0.5, 0.55, 0.55, 0.6, 0.55, 0.6, 0.6, 0.6, 0.65, 0.65, 0.65, 0.65, 0.6, 0.6, 0.6, 0.55, 0.55, 0.55, 0.55, 0.5, 0.55, 0.55, 0.6, 0.6, 0.65, 0.65, 0.65, 0.7, 0.7, 0.7, 0.75, 0.75, 0.8, 0.75, 0.8, 0.8, 0.75, 0.8, 0.8, 0.85, 0.85, 0.8, 0.75, 0.75, 0.7, 0.7, 0.65, 0.65, 0.65, 0.6, 0.6, 0.6, 0.6, 0.65, 0.65, 0.7, 0.75, 0.75, 0.75, 0.75, 0.75, 0.8, 0.85, 0.85, 0.9, 0.9, 0.95, 0.95, 0.95, 1.0, 1.0, 1.0, 1.0, 0.95, 0.9, 0.85, 0.8, 0.75, 0.7, 0.65, 0.65, 0.6, 0.6, 0.55, 0.55, 0.5, 0.45, 0.45, 0.4, 0.35, 0.35, 0.35, 0.35, 0.4, 0.45, 0.45, 0.5, 0.5, 0.55, 0.6, 0.6, 0.65, 0.65, 0.7, 0.65, 0.7, 0.75, 0.7, 0.75, 0.8, 0.8, 0.8, 0.8, 0.8, 0.8, 0.85, 0.85, 0.9, 0.9, 0.9, 0.9, 0.9, 0.9, 0.9, 0.9, 0.85, 0.8, 0.8, 0.8, 0.75, 0.75, 0.7, 0.65, 0.65, 0.65, 0.65, 0.65, 0.6, 0.6, 0.55, 0.55, 0.5, 0.45, 0.45, 0.5, 0.55, 0.55, 0.55, 0.55, 0.6, 0.55, 0.55, 0.55, 0.5, 0.45, 0.4, 0.4, 0.45, 0.45, 0.5, 0.5, 0.55, 0.6, 0.6, 0.6, 0.6, 0.65, 0.65, 0.65, 0.6, 0.6, 0.6, 0.6, 0.6, 0.6, 0.6, 0.55, 0.5, 0.45, 0.4, 0.35, 0.3, 0.25, 0.2, 0.15, 0.15, 0.15, 0.2, 0.2, 0.25, 0.25, 0.3, 0.3, 0.35, 0.35, 0.4, 0.4, 0.45, 0.45, 0.45, 0.45, 0.45, 0.45, 0.45, 0.5, 0.45, 0.4, 0.35, 0.3, 0.25, 0.25, 0.2, 0.2, 0.15, 0.15, 0.1, 0.1, 0.05, 0.05, 0.05, 0.1, 0.15, 0.2, 0.2, 0.15, 0.15, 0.2, 0.25, 0.3, 0.35, 0.4, 0.4, 0.45, 0.45, 0.5, 0.55, 0.6, 0.65, 0.7, 0.7, 0.65, 0.6, 0.55, 0.55, 0.55, 0.55, 0.5, 0.45, 0.4, 0.35, 0.35, 0.4, 0.4, 0.45, 0.45, 0.45, 0.4, 0.35, 0.3, 0.3, 0.3, 0.3, 0.3, 0.3, 0.3, 0.3, 0.3, 0.3, 0.3, 0.3, 0.25, 0.2, 0.15, 0.1, 0.05, 0.0, 0.0, 0.0, 0.0, 0.0, 0.0, 0.05, 0.1, 0.15, 0.2, 0.25, 0.3, 0.35, 0.4, 0.45, 0.5, 0.55, 0.6, 0.65, 0.65, 0.7, 0.7, 0.75, 0.75, 0.75, 0.75, 0.7, 0.65, 0.6, 0.55, 0.5, 0.45, 0.4, 0.35, 0.3, 0.25, 0.2, 0.2, 0.2, 0.2, 0.15, 0.15, 0.1, 0.1, 0.1, 0.1, 0.1, 0.1, 0.1, 0.1, 0.1, 0.1, 0.1, 0.1, 0.1, 0.1, 0.1, 0.05, 0.0, 0.0, 0.0, 0.05, 0.1, 0.15, 0.2, 0.25, 0.3, 0.35, 0.4, 0.45, 0.45, 0.5, 0.5, 0.55, 0.55, 0.55, 0.55, 0.55, 0.55, 0.55, 0.55, 0.5, 0.45, 0.4, 0.35, 0.3, 0.25, 0.2, 0.15, 0.1, 0.1, 0.05, 0.05, 0.0, 0.0, 0.0, 0.0, 0.0, 0.0, 0.0, 0.0, 0.05, 0.1, 0.15, 0.2, 0.25, 0.3, 0.35, 0.4, 0.45, 0.5, 0.55, 0.6, 0.65, 0.7, 0.75, 0.8, 0.8, 0.8, 0.85, 0.9, 0.85, 0.8, 0.75, 0.7, 0.65, 0.6, 0.55, 0.5, 0.45, 0.4, 0.35, 0.3, 0.25, 0.2, 0.15, 0.1, 0.1, 0.1, 0.05, 0.0, 0.0, 0.0, 0.05, 0.1, 0.15, 0.2, 0.25, 0.25, 0.25, 0.25, 0.3, 0.35, 0.4, 0.45, 0.5, 0.55, 0.55, 0.55, 0.55, 0.55, 0.55, 0.55, 0.5, 0.5, 0.5, 0.5, 0.5, 0.55, 0.6, 0.6, 0.6, 0.55, 0.5, 0.45, 0.4, 0.4, 0.45, 0.5, 0.55, 0.6, 0.65, 0.7, 0.75, 0.75, 0.7, 0.65, 0.6, 0.55, 0.5, 0.55, 0.55, 0.6, 0.65, 0.7, 0.7, 0.7, 0.7, 0.7, 0.7, 0.7, 0.7, 0.7, 0.7, 0.65, 0.65, 0.65, 0.65, 0.65, 0.65, 0.6, 0.55, 0.55, 0.55, 0.55, 0.6, 0.6, 0.6, 0.6, 0.6, 0.6, 0.6, 0.6, 0.6, 0.65, 0.65, 0.7, 0.75, 0.8, 0.85, 0.9, 0.95, 0.95, 0.95, 0.95, 0.95, 0.95, 0.9, 0.85, 0.8, 0.75, 0.75, 0.7, 0.7, 0.7, 0.75, 0.75, 0.75, 0.75, 0.7, 0.65, 0.6, 0.55, 0.5, 0.5, 0.5, 0.5, 0.55, 0.6, 0.65, 0.7, 0.7, 0.75, 0.7, 0.65, 0.6, 0.55, 0.5, 0.45, 0.45, 0.45, 0.45, 0.45, 0.45, 0.45, 0.45, 0.45, 0.45, 0.45, 0.45, 0.45, 0.4, 0.35, 0.35, 0.35, 0.35, 0.35, 0.35, 0.35, 0.35, 0.35, 0.35, 0.35, 0.35, 0.3, 0.25, 0.25, 0.25, 0.25, 0.25, 0.25, 0.3, 0.3, 0.3, 0.3, 0.35, 0.35, 0.4, 0.45, 0.5, 0.55, 0.6, 0.65, 0.7, 0.75, 0.75, 0.7, 0.65, 0.6, 0.55, 0.5, 0.5, 0.55, 0.6, 0.65, 0.65, 0.7, 0.7, 0.7, 0.7, 0.7, 0.7, 0.7, 0.7, 0.7, 0.75, 0.8, 0.85, 0.9, 0.95, 1.0, 1.0, 0.95, 0.9, 0.85, 0.8, 0.75, 0.7, 0.65, 0.6, 0.55, 0.55, 0.5, 0.5, 0.45, 0.45, 0.4, 0.35, 0.3, 0.25, 0.2, 0.15, 0.15, 0.15, 0.15, 0.15, 0.15, 0.15, 0.15, 0.15, 0.15, 0.1, 0.1, 0.05, 0.05]","[1.719, 2.316, 3.054, 3.619, 4.368, 4.977, 5.548, 6.067, 6.563, 7.007, 7.329, 7.592, 7.862, 8.46, 9.187, 9.748, 10.123, 10.44, 10.779, 11.068, 11.399, 11.696, 12.061, 12.317, 12.543, 12.789, 13.009, 13.217, 13.436, 13.65, 13.879, 14.107, 14.638, 15.008, 15.212, 15.425, 15.821, 16.041, 16.508, 16.717, 17.119, 17.326, 17.709, 17.924, 18.142, 18.468, 18.859, 19.233, 19.611, 20.011, 20.298, 20.516, 20.911, 21.43, 21.93, 22.674, 23.128, 23.377, 23.595, 23.847, 24.468, 24.837, 25.156, 25.451, 25.768, 26.103, 26.487, 26.817, 27.153, 27.493, 28.415, 28.896, 29.34, 29.76, 30.652, 31.098, 31.458, 31.794, 32.533, 33.037, 33.831, 34.524, 35.105, 35.63, 36.398, 36.893, 37.541, 38.512, 38.965, 39.345, 39.751, 40.148, 40.695, 41.219, 41.631, 42.254, 42.771, 43.179, 43.651, 44.126, 44.522, 44.894, 45.269, 45.603, 45.89, 46.258, 46.582, 46.899, 47.225, 47.548, 47.859, 48.19, 48.485, 48.786, 49.141, 49.429, 49.717, 50.059, 50.299, 50.585, 50.887, 51.162, 51.996, 52.524, 53.608, 54.09, 54.623, 55.102, 55.561, 56.008, 56.417, 56.803, 57.287, 57.695, 58.087, 58.477, 58.859, 59.243, 59.634, 59.957, 60.354, 60.676, 61.013, 61.344, 61.676, 61.98, 62.314, 62.655, 63.001, 63.345, 63.7, 63.97, 64.294, 64.596, 64.919, 65.176, 65.53, 65.759, 66.364, 66.717, 67.031, 67.436, 67.784, 68.174, 69.272, 69.783, 70.214, 70.633, 70.888, 71.242, 71.468, 71.765, 72.27, 72.512, 72.973, 73.362, 73.751, 74.123, 74.5, 74.821, 75.17, 75.508, 75.851, 76.416, 76.743, 77.219, 77.557, 77.907, 78.202, 78.525, 78.8, 79.118, 79.379, 79.717, 79.999, 80.316, 80.574, 80.876, 81.141, 81.474, 81.724, 82.028, 82.345, 82.828, 83.295, 83.557, 83.776, 83.991, 84.198, 84.759, 85.092, 85.359, 85.629, 86.359, 86.65, 86.972, 87.354, 88.075, 88.468, 88.865, 89.267, 89.677, 90.124, 90.483, 90.893, 91.293, 91.638, 92.042, 92.579, 93.161, 93.948, 94.387, 94.745, 95.042, 95.315, 95.561, 96.018, 96.51, 96.865, 97.191, 97.501, 97.841, 98.378, 98.683, 99.221, 99.499, 99.859, 100.406, 100.747, 101.405, 101.794, 102.257, 102.573, 102.822, 103.315, 103.683, 103.973, 104.296, 104.603, 104.955, 105.241, 105.577, 106.022, 106.348, 106.619, 106.898, 107.177, 107.479, 108.404, 108.99, 109.499, 109.879, 110.288, 110.628, 111.041, 111.369, 112.013, 112.558, 113.039, 114.181, 114.646, 115.24, 116.172, 116.595, 117.352, 117.87, 118.467, 119.175, 120.342, 120.729, 120.975, 121.198, 121.41, 121.639, 121.86, 122.081, 122.497, 122.707, 122.921, 123.299, 123.656, 124.033, 124.368, 124.904, 125.376, 126.004, 126.305, 126.577, 126.843, 127.995, 128.618, 129.122, 129.55, 130.258, 130.81, 131.276, 131.891, 132.175, 132.493, 132.954, 133.186, 133.47, 133.916, 134.372, 134.807, 135.268, 135.67, 135.893, 136.177, 136.587, 136.82, 137.104, 137.424, 137.681, 137.965, 138.223, 138.699, 138.92, 139.204, 139.483, 139.783, 140.027, 140.276, 140.505, 140.742, 140.966, 141.377, 141.786, 141.995, 142.215, 142.424, 142.826, 143.202, 143.428, 143.719, 144.087, 144.837, 145.216, 145.791, 146.063, 146.298, 146.521, 146.851, 147.362, 147.859, 148.279, 148.75, 149.157, 149.54, 149.97, 150.391, 150.799, 151.165, 151.418, 151.643, 151.849, 152.228, 152.607, 152.971, 153.176, 153.544, 153.926, 154.29, 154.664, 155.045, 155.434, 155.812, 156.203, 156.581, 156.789, 157.005, 157.388, 157.771, 158.143, 158.625, 159.37, 160.08, 160.317, 160.53, 160.92, 161.326, 161.954, 162.343, 162.763, 163.042, 163.28, 163.548, 164.984, 165.281, 165.648, 166.155, 166.446, 166.715, 166.959, 167.202, 167.416, 167.914, 168.283, 168.613, 168.874, 169.114, 169.35, 169.571, 169.813, 170.026, 170.4, 170.739, 171.408, 171.911, 172.666, 173.266, 173.723, 173.944, 174.155, 174.363, 174.591, 174.826, 175.045, 175.268, 175.483, 175.69, 175.907, 176.124, 176.524, 176.911, 177.306, 177.568, 177.823, 178.29, 178.586, 178.874, 179.149, 179.425, 179.929, 180.172, 180.39, 180.661, 180.904, 181.171, 181.423, 181.702, 181.948, 182.243, 182.727, 182.979, 183.183, 183.407, 183.728, 184.377, 185.004, 185.457, 186.028, 186.403, 186.78, 187.415, 187.713, 187.932, 188.69, 188.9, 189.399, 189.609, 189.816, 190.255, 190.477, 190.846, 191.213, 191.417, 191.837, 192.114, 192.454, 192.767, 193.152, 193.365, 193.767, 193.977, 194.33, 194.703, 195.074, 195.453, 195.825, 196.192, 196.562, 196.941, 197.334, 197.712, 198.082, 198.55, 198.761, 199.158, 199.37, 199.761, 200.063, 200.865, 201.245, 201.684, 202.011, 202.328, 202.655, 202.974, 203.284, 203.559, 203.804, 204.021, 204.417, 204.625, 204.938, 205.272, 205.516, 205.957, 206.169, 206.583, 206.997, 207.403, 207.62, 208.006, 208.218, 208.616, 209.025, 209.425, 209.825, 210.035, 210.283, 210.555, 210.958, 211.325, 211.572, 211.821, 212.183, 212.41, 212.629, 212.868, 213.079, 213.51, 214.002, 214.42, 214.841, 215.089, 215.474, 215.926, 216.137, 216.739, 216.952, 217.156, 217.548, 217.925, 218.312, 218.517, 218.894, 219.285, 219.498, 219.893, 220.19, 220.41, 220.833, 221.231, 221.441, 221.661, 222.068, 222.447, 222.832, 223.222, 223.585, 223.961, 224.327, 224.706, 225.076, 225.448, 225.813, 226.177, 226.552, 226.922, 227.302, 227.661, 228.036, 228.402, 228.74, 229.123, 229.516, 229.872, 230.255, 230.621, 230.975, 231.263, 231.63, 232.013, 232.399, 232.779, 233.156, 233.527, 233.745, 234.12, 234.514, 234.895, 235.509, 235.745, 236.14, 236.611, 237.012, 237.29, 237.589, 237.827, 238.152, 238.531, 238.914, 239.31, 239.701, 240.073, 240.463, 240.847, 241.245, 241.472, 242.494, 242.925, 243.224, 243.623, 244.271, 244.65, 245.043, 245.265, 245.609, 246.006, 246.392, 246.785, 247.164, 247.539, 247.886, 248.242, 248.587, 248.947, 249.308, 249.657, 250.028, 250.376, 250.727, 251.064, 251.416, 251.626, 251.9, 252.263, 252.634, 252.991, 253.394, 253.793, 254.015, 254.339, 254.725, 255.26, 255.541, 255.901, 256.191, 256.498, 256.738, 257.098, 257.417, 257.801, 258.176, 258.516, 258.732, 259.092, 259.46, 259.807, 260.198, 260.536, 260.886, 261.247, 261.608, 261.986, 262.437, 262.773, 263.125, 263.472, 263.833, 264.21, 264.585, 264.952, 265.323, 265.672, 265.891, 266.248, 266.623, 266.983, 267.351, 267.702, 268.046, 268.407, 268.781, 269.152, 269.52, 269.881, 270.287, 270.679, 271.076, 271.282, 271.561, 271.859, 272.301, 272.575, 273.168, 273.538, 273.901, 274.266, 274.618, 274.981, 275.351, 275.711, 276.083, 276.454, 276.814, 277.174, 277.533, 277.88, 278.242, 278.58, 278.959, 279.407, 279.736, 280.074, 280.429, 280.746, 281.055, 281.393, 281.753, 282.126, 282.648, 283.105, 283.494, 283.888, 284.218, 284.583, 284.803, 285.145, 285.522, 285.727, 286.126, 286.484, 286.843, 287.231, 287.589, 287.981, 288.369, 288.688, 288.912, 289.288, 289.502, 289.722, 290.247, 290.551, 290.846, 291.146, 291.449, 291.767, 292.047, 292.35, 292.735, 292.948, 293.354, 293.559, 293.924, 294.293, 294.676, 295.043, 295.333, 295.718, 296.059, 296.441, 296.818, 297.296, 297.912, 298.586, 298.905, 299.329, 299.77, 300.447, 300.995, 301.29, 301.597, 301.826, 302.045, 302.309, 302.565, 302.808, 303.172, 303.554, 303.923, 304.306, 304.675, 305.033, 305.39, 305.826, 306.042, 306.249, 306.651, 306.861, 307.198, 307.483, 307.962, 308.231, 308.607, 308.979, 309.347, 309.75, 310.003, 310.504, 310.865, 311.236, 311.619, 311.986, 312.366, 312.755, 313.102, 313.476, 313.845, 314.066, 314.316, 314.753, 315.144, 315.374, 315.64, 316.188, 316.617, 317.142, 317.464, 317.782, 318.101, 318.401, 318.729, 318.96, 319.234, 319.472, 319.776, 320.156, 320.376, 320.777, 321.17, 321.57, 321.975, 322.384, 322.786, 323.187, 323.729, 324.087, 324.296, 324.516, 324.727, 324.936, 325.143, 325.545, 325.941, 326.154, 326.532, 327.003, 327.622, 328.147, 328.602, 329.089, 329.522, 329.966, 330.26, 330.491, 330.717, 330.961, 331.224, 331.477, 331.689, 331.935, 332.186, 332.403, 332.639, 332.865, 333.085, 333.318, 333.602, 333.858, 334.074, 334.285, 334.506, 334.718, 334.964, 335.255, 335.529, 335.732, 336.135, 336.665, 336.899, 337.314, 337.7, 337.913, 338.272, 338.662, 339.04, 339.438, 339.699, 340.076, 340.28, 340.649, 341.011, 341.389, 341.797, 342.199, 342.601, 342.816, 343.032, 343.251, 343.465, 343.676, 343.893, 344.103, 344.315, 344.524, 344.91, 345.304, 345.686, 346.069, 346.451, 346.843, 347.253, 347.461, 347.863, 348.333, 348.728, 349.12, 349.522, 349.73, 350.346, 350.569, 350.98, 351.397, 351.701, 351.972, 352.216, 352.449, 353.137, 353.363, 353.576, 353.914, 354.292, 354.66, 355.035, 355.392, 355.759, 356.131, 356.511, 356.878, 357.258, 357.613, 358.0, 358.369, 358.776, 359.172, 359.569, 359.971]"
mmgp5kmoz5itw5,27,23985,23.985,0.8148148148148149,0.4,,,
mmgp5kmoz5itw5,78,59013,59.013,0.8108108108108107,1.0,,,
mmgp5kmoz5itw5,110,82892,82.892,0.8840579710144928,1.0,,,
mmgp5kmoz5itw5,144,225699,225.699,0.8048780487804879,0.65,,,
mmgp5kmoz5itw5,189,251834,251.834,0.9,0.15,,,
mmgp5kmoz5itw5,218,274606,274.606,0.75,0.3,,,
mmgp5kmoz5itw5,253,318180,318.18,0.7727272727272727,0.4,,,
mmgp5kmoz5itw5,291,359413,359.413,0.8780487804878049,0.6,,,
mmgp5kmoz5itw5,-1,0,0.0,0.0,0.0,"[0.0, 0.9999999999999999, 1.0, 1.0, 0.0, 0.0, 0.0, 0.0, 0.0, 0.0, 0.0, 0.0, 0.0, 0.0, 0.0, 0.0, 0.0, 0.0, 0.0, 0.0, 0.0, 0.0, 0.0, 0.0, 0.0, 0.0, 0.0, 0.8148148148148149, 0.0, 0.0, 0.0, 0.0, 0.0, 0.0, 0.0, 0.0, 0.0, 0.0, 0.0, 0.0, 0.0, 0.0, 0.0, 0.0, 0.7619047619047619, 0.0, 0.0, 0.0, 0.0, 0.0, 0.0, 0.0, 0.0, 0.0, 0.0, 0.0, 0.0, 0.0, 0.0, 0.0, 0.0, 0.0, 0.0, 0.0, 0.5652173913043479, 0.0, 0.0, 0.0, 0.0, 0.0, 0.0, 0.0, 0.0, 0.0, 0.0, 0.0, 0.0, 0.0, 0.8108108108108107, 0.0, 0.0, 0.0, 0.0, 0.0, 0.0, 0.0, 0.0, 0.0, 0.0, 0.0, 0.0, 0.0, 0.0, 0.0, 0.0, 0.7962962962962963, 0.0, 0.0, 0.0, 0.0, 0.0, 0.0, 0.0, 0.0, 0.0, 0.0, 0.0, 0.0, 0.0, 0.0, 0.8840579710144928, 0.0, 0.0, 0.0, 0.0, 0.0, 0.0, 0.0, 0.0, 0.0, 0.0, 0.0, 0.0, 0.0, 0.0, 0.0, 0.0, 0.0, 0.0, 0.0, 0.0, 0.0, 0.0, 0.0, 0.0, 0.0, 0.0, 0.0, 0.0, 0.0, 0.0, 0.0, 0.0, 0.0, 0.8048780487804879, 0.0, 0.0, 0.0, 0.0, 0.0, 0.0, 0.0, 0.0, 0.0, 0.0, 0.0, 0.0, 0.0, 0.0, 0.0, 0.0, 0.0, 0.0, 0.0, 0.0, 0.0, 0.0, 0.0, 0.0, 0.0, 0.0, 0.0, 0.0, 0.0, 0.0, 0.0, 0.0, 0.0, 0.0, 0.0, 0.0, 0.0, 0.0, 0.0, 0.0, 0.0, 0.0, 0.0, 0.0, 0.9, 0.0, 0.0, 0.0, 0.0, 0.0, 0.0, 0.0, 0.0, 0.0, 0.0, 0.0, 0.6666666666666667, 0.0, 0.0, 0.0, 0.0, 0.0, 0.0, 0.0, 0.0, 0.0, 0.0, 0.0, 0.0, 0.0, 0.0, 0.0, 0.0, 0.75, 0.0, 0.0, 0.0, 0.0, 0.0, 0.0, 0.0, 0.0, 0.0, 0.0, 0.0, 0.0, 0.0, 0.0, 0.0, 0.736842105263158, 0.0, 0.0, 0.0, 0.0, 0.0, 0.0, 0.0, 0.0, 0.0, 0.0, 0.0, 0.0, 0.0, 0.0, 0.0, 0.0, 0.0, 0.0, 0.7727272727272727, 0.0, 0.0, 0.0, 0.0, 0.0, 0.0, 0.0, 0.0, 0.0, 0.0, 0.0, 0.0, 0.0, 0.0, 0.0, 0.0, 0.0, 0.0, 0.0, 0.0, 0.0, 0.0, 0.0, 0.0, 0.0, 0.0, 0.0, 0.0, 0.0, 0.0, 0.0, 0.0, 0.0, 0.0, 0.0, 0.0, 0.0, 0.8780487804878049]","[1.0, 0.5, 0.6666666666666666, 0.75, 0.8, 0.8333333333333334, 0.8571428571428571, 0.875, 0.7777777777777778, 0.8, 0.8181818181818182, 0.8333333333333334, 0.8461538461538461, 0.7857142857142857, 0.8, 0.8125, 0.8235294117647058, 0.8333333333333334, 0.7894736842105263, 0.75, 0.7, 0.7, 0.65, 0.6, 0.55, 0.5, 0.45, 0.4, 0.4, 0.35, 0.35, 0.35, 0.35, 0.4, 0.4, 0.4, 0.4, 0.4, 0.45, 0.5, 0.55, 0.6, 0.65, 0.7, 0.75, 0.8, 0.85, 0.9, 0.95, 1.0, 0.95, 0.9, 0.85, 0.8, 0.75, 0.7, 0.65, 0.6, 0.6, 0.6, 0.6, 0.6, 0.6, 0.6, 0.6, 0.6, 0.6, 0.6, 0.6, 0.6, 0.65, 0.7, 0.75, 0.8, 0.85, 0.9, 0.95, 1.0, 1.0, 1.0, 1.0, 0.95, 0.9, 0.85, 0.8, 0.75, 0.7, 0.65, 0.65, 0.65, 0.65, 0.65, 0.65, 0.65, 0.65, 0.65, 0.65, 0.65, 0.65, 0.65, 0.65, 0.7, 0.75, 0.8, 0.85, 0.9, 0.95, 1.0, 1.0, 1.0, 1.0, 1.0, 1.0, 1.0, 1.0, 1.0, 1.0, 1.0, 0.95, 0.9, 0.85, 0.85, 0.85, 0.85, 0.85, 0.85, 0.85, 0.85, 0.85, 0.85, 0.85, 0.85, 0.85, 0.85, 0.85, 0.85, 0.8, 0.75, 0.75, 0.75, 0.75, 0.7, 0.65, 0.65, 0.65, 0.65, 0.65, 0.6, 0.55, 0.5, 0.45, 0.45, 0.45, 0.45, 0.45, 0.4, 0.4, 0.4, 0.4, 0.4, 0.4, 0.4, 0.4, 0.35, 0.3, 0.3, 0.3, 0.35, 0.4, 0.45, 0.5, 0.5, 0.5, 0.45, 0.4, 0.4, 0.4, 0.4, 0.4, 0.4, 0.4, 0.4, 0.4, 0.4, 0.4, 0.35, 0.3, 0.25, 0.2, 0.15, 0.15, 0.15, 0.15, 0.2, 0.25, 0.3, 0.35, 0.4, 0.45, 0.5, 0.55, 0.6, 0.65, 0.7, 0.75, 0.75, 0.75, 0.75, 0.75, 0.75, 0.7, 0.65, 0.6, 0.55, 0.5, 0.45, 0.4, 0.35, 0.3, 0.25, 0.2, 0.15, 0.15, 0.15, 0.15, 0.2, 0.25, 0.3, 0.35, 0.4, 0.45, 0.5, 0.55, 0.6, 0.65, 0.7, 0.7, 0.7, 0.7, 0.7, 0.7, 0.75, 0.75, 0.75, 0.75, 0.75, 0.7, 0.65, 0.6, 0.55, 0.5, 0.45, 0.4, 0.4, 0.4, 0.4, 0.45, 0.5, 0.55, 0.6, 0.65, 0.6, 0.55, 0.5, 0.45, 0.4, 0.4, 0.4, 0.4, 0.4, 0.4, 0.4, 0.4, 0.35, 0.3, 0.3, 0.3, 0.3, 0.3, 0.25, 0.2, 0.2, 0.2, 0.25, 0.3, 0.35, 0.4, 0.45, 0.5, 0.55, 0.6, 0.6]","[1.572, 2.773, 4.087, 5.322, 6.688, 8.189, 9.557, 10.751, 11.72, 13.215, 14.212, 15.282, 16.427, 17.314, 18.232, 18.486, 18.83, 19.048, 20.307, 21.08, 21.467, 21.735, 22.052, 22.281, 22.961, 23.191, 23.67, 23.985, 24.309, 24.529, 25.503, 25.73, 26.104, 27.325, 28.044, 28.843, 29.659, 30.385, 31.154, 31.822, 32.426, 33.054, 33.683, 34.193, 34.627, 35.146, 35.562, 36.262, 36.666, 37.395, 38.198, 38.929, 39.649, 40.242, 40.707, 41.032, 41.259, 42.241, 43.625, 44.206, 44.649, 45.069, 46.085, 46.685, 47.386, 48.352, 49.383, 50.85, 51.834, 52.602, 53.322, 54.08, 54.769, 55.512, 56.228, 56.927, 57.594, 58.286, 59.013, 59.745, 60.558, 61.87, 62.883, 63.627, 64.292, 64.956, 65.657, 66.422, 67.55, 68.2, 68.857, 69.489, 70.284, 71.048, 71.767, 72.415, 73.114, 73.868, 74.511, 75.197, 75.883, 76.581, 77.393, 78.125, 79.083, 79.792, 80.427, 81.012, 81.643, 82.284, 82.892, 83.77, 85.216, 85.856, 86.404, 86.944, 87.367, 87.827, 89.315, 89.966, 90.698, 92.246, 93.314, 94.674, 95.809, 96.79, 97.81, 99.003, 99.855, 101.115, 105.449, 219.487, 219.932, 220.322, 220.814, 221.217, 222.309, 223.073, 223.37, 223.588, 224.021, 224.351, 224.739, 225.361, 225.699, 226.014, 226.228, 227.537, 227.895, 228.267, 228.665, 229.242, 229.607, 229.944, 230.247, 231.252, 231.623, 231.989, 232.376, 233.239, 233.59, 234.009, 234.93, 235.301, 235.525, 236.328, 236.677, 237.079, 237.563, 237.901, 238.307, 238.84, 239.259, 240.099, 240.475, 240.875, 242.036, 242.651, 243.206, 243.768, 245.052, 245.87, 246.535, 247.203, 247.974, 248.626, 249.22, 249.871, 250.59, 251.834, 253.12, 253.898, 254.644, 255.397, 256.574, 257.308, 257.914, 258.573, 259.202, 259.831, 260.493, 261.245, 261.955, 262.593, 263.192, 263.921, 264.266, 264.652, 265.853, 266.558, 267.232, 267.967, 269.023, 269.853, 270.788, 271.698, 272.941, 273.821, 274.606, 275.44, 276.191, 277.236, 278.781, 280.946, 282.201, 282.903, 283.649, 297.169, 297.852, 298.488, 299.278, 300.02, 301.545, 302.312, 303.41, 304.1, 305.66, 306.324, 306.943, 307.493, 308.186, 309.555, 310.172, 310.672, 311.157, 311.726, 312.826, 313.446, 314.131, 314.838, 315.504, 316.179, 316.859, 318.18, 318.904, 322.974, 323.644, 324.365, 325.028, 325.653, 326.76, 328.165, 329.773, 330.478, 331.422, 332.322, 333.052, 335.089, 335.967, 338.558, 339.562, 340.382, 341.15, 342.192, 343.03, 344.394, 345.111, 345.781, 346.441, 347.541, 348.229, 348.889, 349.785, 351.12, 352.018, 352.9, 353.627, 354.563, 355.883, 356.847, 357.744, 359.413]"
mmgp92mez7ni28,43,30527,30.527,0.813953488372093,0.9,,,
mmgp92mez7ni28,97,48818,48.818,0.8125,0.6,,,
mmgp92mez7ni28,136,61225,61.225,0.9090909090909091,0.35,,,
mmgp92mez7ni28,176,72871,72.871,0.9069767441860466,0.65,,,
mmgp92mez7ni28,226,86985,86.985,0.9047619047619048,0.7,,,
mmgp92mez7ni28,254,95846,95.846,0.9512195121951219,0.75,,,
mmgp92mez7ni28,286,105045,105.045,0.8333333333333334,0.85,,,
mmgp92mez7ni28,358,125777,125.777,0.9351851851851852,0.8,,,
mmgp92mez7ni28,397,136868,136.868,0.9659863945578231,0.45,,,
mmgp92mez7ni28,437,148524,148.524,0.6666666666666667,0.6,,,
mmgp92mez7ni28,472,159070,159.07,0.8809523809523809,0.75,,,
mmgp92mez7ni28,530,177600,177.6,0.7727272727272727,0.45,,,
mmgp92mez7ni28,564,187464,187.464,0.868421052631579,0.3,,,
mmgp92mez7ni28,590,194958,194.958,0.8666666666666667,0.65,,,
mmgp92mez7ni28,618,202838,202.838,0.9137931034482758,0.7,,,
mmgp92mez7ni28,669,216842,216.842,0.8235294117647058,0.15,,,
mmgp92mez7ni28,705,226565,226.565,0.7619047619047619,0.3,,,
mmgp92mez7ni28,752,239674,239.674,0.8431372549019608,0.5,,,
mmgp92mez7ni28,774,245686,245.686,0.896551724137931,0.3,,,
mmgp92mez7ni28,800,252680,252.68,0.7857142857142857,0.5,,,
mmgp92mez7ni28,833,262727,262.727,0.782608695652174,0.6,,,
mmgp92mez7ni28,881,276724,276.724,0.9285714285714286,0.65,,,
mmgp92mez7ni28,920,287760,287.76,0.8571428571428572,0.4,,,
mmgp92mez7ni28,973,303152,303.152,0.8837209302325582,0.45,,,
mmgp92mez7ni28,996,310488,310.488,0.782608695652174,0.5,,,
mmgp92mez7ni28,1026,318955,318.955,0.8235294117647058,0.6,,,
mmgp92mez7ni28,1061,328486,328.486,0.868421052631579,0.45,,,
mmgp92mez7ni28,1090,336832,336.832,0.6470588235294117,0.4,,,
mmgp92mez7ni28,1126,346160,346.16,0.8518518518518519,0.85,,,
mmgp92mez7ni28,-1,0,0.0,0.0,0.0,"[0.0, 0.9999999999999999, 1.0, 1.0, 0.0, 0.0, 0.0, 0.0, 0.0, 0.0, 0.0, 0.0, 0.0, 0.0, 0.0, 0.0, 0.0, 0.0, 0.0, 0.0, 0.0, 0.0, 0.0, 0.0, 0.0, 0.0, 0.0, 0.0, 0.0, 0.0, 0.0, 0.0, 0.0, 0.0, 0.0, 0.0, 0.0, 0.0, 0.0, 0.0, 0.0, 0.0, 0.0, 0.813953488372093, 0.0, 0.0, 0.0, 0.0, 0.0, 0.0, 0.0, 0.0, 0.0, 0.0, 0.0, 0.0, 0.0, 0.0, 0.0, 0.0, 0.0, 0.0, 0.6153846153846154, 0.0, 0.0, 0.0, 0.0, 0.0, 0.0, 0.0, 0.0, 0.0, 0.0, 0.0, 0.0, 0.0, 0.0, 0.0, 0.0, 0.0, 0.0, 0.6470588235294117, 0.0, 0.0, 0.0, 0.0, 0.0, 0.0, 0.0, 0.0, 0.0, 0.0, 0.0, 0.0, 0.0, 0.0, 0.0, 0.8125, 0.0, 0.0, 0.0, 0.0, 0.0, 0.0, 0.0, 0.0, 0.0, 0.0, 0.0, 0.0, 0.0, 0.0, 0.0, 0.0, 0.0, 0.0, 0.0, 0.0, 0.0, 0.0, 0.0, 0.0, 0.0, 0.0, 0.0, 0.0, 0.0, 0.0, 0.0, 0.0, 0.0, 0.0, 0.0, 0.0, 0.0, 0.0, 0.9090909090909091, 0.0, 0.0, 0.0, 0.0, 0.0, 0.0, 0.0, 0.0, 0.0, 0.0, 0.0, 0.0, 0.0, 0.0, 0.0, 0.0, 0.0, 0.0, 0.0, 0.0, 0.0, 0.0, 0.0, 0.0, 0.0, 0.0, 0.0, 0.0, 0.0, 0.0, 0.0, 0.0, 0.0, 0.0, 0.0, 0.0, 0.0, 0.0, 0.0, 0.9069767441860466, 0.0, 0.0, 0.0, 0.0, 0.0, 0.0, 0.0, 0.0, 0.0, 0.0, 0.0, 0.0, 0.0, 0.0, 0.0, 0.0, 0.0, 0.0, 0.0, 0.0, 0.0, 0.0, 0.0, 0.0, 0.0, 0.0, 0.0, 0.0, 0.0, 0.0, 0.0, 0.0, 0.0, 0.0, 0.0, 0.0, 0.0, 0.0, 0.0, 0.0, 0.0, 0.0, 0.0, 0.0, 0.0, 0.0, 0.0, 0.0, 0.0, 0.9047619047619048, 0.0, 0.0, 0.0, 0.0, 0.0, 0.0, 0.0, 0.0, 0.0, 0.0, 0.0, 0.0, 0.0, 0.0, 0.0, 0.0, 0.0, 0.0, 0.0, 0.0, 0.0, 0.0, 0.0, 0.0, 0.0, 0.0, 0.0, 0.9512195121951219, 0.0, 0.0, 0.0, 0.0, 0.0, 0.0, 0.0, 0.0, 0.0, 0.0, 0.0, 0.0, 0.0, 0.0, 0.0, 0.0, 0.0, 0.0, 0.0, 0.0, 0.0, 0.0, 0.0, 0.7142857142857143, 0.0, 0.0, 0.0, 0.0, 0.0, 0.0, 0.0, 0.8333333333333334, 0.0, 0.0, 0.0, 0.0, 0.0, 0.0, 0.0, 0.0, 0.0, 0.0, 0.0, 0.0, 0.0, 0.0, 0.0, 0.0, 0.0, 0.7592592592592593, 0.0, 0.0, 0.0, 0.0, 0.0, 0.0, 0.0, 0.0, 0.0, 0.0, 0.0, 0.0, 0.0, 0.0, 0.0, 0.0, 0.0, 0.0, 0.0, 0.0, 0.0, 0.0, 0.0, 0.0, 0.0, 0.0, 0.0, 0.0, 0.0, 0.0, 0.0, 0.0, 0.0, 0.0, 0.0, 0.0, 0.0, 0.0, 0.0, 0.0, 0.0, 0.0, 0.0, 0.0, 0.0, 0.0, 0.0, 0.0, 0.0, 0.0, 0.0, 0.0, 0.0, 0.9351851851851852, 0.0, 0.0, 0.0, 0.0, 0.0, 0.0, 0.0, 0.0, 0.0, 0.0, 0.0, 0.0, 0.0, 0.0, 0.0, 0.0, 0.0, 0.0, 0.0, 0.0, 0.0, 0.0, 0.0, 0.0, 0.0, 0.0, 0.0, 0.0, 0.0, 0.0, 0.0, 0.0, 0.0, 0.0, 0.0, 0.0, 0.0, 0.0, 0.9659863945578231, 0.0, 0.0, 0.0, 0.0, 0.0, 0.0, 0.0, 0.0, 0.0, 0.0, 0.0, 0.0, 0.0, 0.0, 0.0, 0.0, 0.0, 0.0, 0.8260869565217391, 0.0, 0.0, 0.0, 0.0, 0.0, 0.0, 0.0, 0.0, 0.0, 0.0, 0.0, 0.0, 0.0, 0.0, 0.0, 0.0, 0.0, 0.0, 0.0, 0.0, 0.6666666666666667, 0.0, 0.0, 0.0, 0.0, 0.0, 0.0, 0.0, 0.0, 0.0, 0.0, 0.0, 0.0, 0.0, 0.0, 0.0, 0.0, 0.0, 0.0, 0.0, 0.0, 0.0, 0.0, 0.0, 0.0, 0.0, 0.0, 0.0, 0.0, 0.0, 0.0, 0.0, 0.0, 0.0, 0.0, 0.8809523809523809, 0.0, 0.0, 0.0, 0.0, 0.0, 0.0, 0.0, 0.0, 0.0, 0.0, 0.0, 0.0, 0.0, 0.0, 0.0, 0.0, 0.0, 0.0, 0.0, 0.7916666666666666, 0.0, 0.0, 0.0, 0.0, 0.0, 0.0, 0.0, 0.0, 0.0, 0.0, 0.0, 0.0, 0.0, 0.0, 0.0, 0.0, 0.0, 0.0, 0.7619047619047619, 0.0, 0.0, 0.0, 0.0, 0.0, 0.0, 0.0, 0.0, 0.0, 0.0, 0.0, 0.0, 0.0, 0.0, 0.0, 0.0, 0.0, 0.0, 0.7727272727272727, 0.0, 0.0, 0.0, 0.0, 0.0, 0.0, 0.0, 0.0, 0.0, 0.0, 0.0, 0.0, 0.0, 0.0, 0.0, 0.0, 0.0, 0.6818181818181819, 0.0, 0.0, 0.0, 0.0, 0.0, 0.0, 0.0, 0.0, 0.0, 0.0, 0.0, 0.0, 0.0, 0.0, 0.0, 0.868421052631579, 0.0, 0.0, 0.0, 0.0, 0.0, 0.0, 0.0, 0.0, 0.0, 0.0, 0.0, 0.0, 0.0, 0.0, 0.0, 0.0, 0.0, 0.0, 0.0, 0.0, 0.0, 0.0, 0.0, 0.0, 0.0, 0.8666666666666667, 0.0, 0.0, 0.0, 0.0, 0.0, 0.0, 0.0, 0.0, 0.0, 0.0, 0.0, 0.0, 0.0, 0.0, 0.0, 0.0, 0.0, 0.7083333333333333, 0.0, 0.0, 0.0, 0.0, 0.0, 0.0, 0.0, 0.0, 0.0, 0.9137931034482758, 0.0, 0.0, 0.0, 0.0, 0.0, 0.0, 0.0, 0.0, 0.0, 0.0, 0.0, 0.0, 0.0, 0.0, 0.0, 0.0, 0.0, 0.0, 0.0, 0.7727272727272727, 0.0, 0.0, 0.0, 0.0, 0.0, 0.0, 0.0, 0.0, 0.0, 0.0, 0.0, 0.0, 0.0, 0.0, 0.0, 0.0, 0.0, 0.0, 0.0, 0.0, 0.5833333333333333, 0.0, 0.0, 0.0, 0.0, 0.0, 0.0, 0.0, 0.0, 0.0, 0.8235294117647058, 0.0, 0.0, 0.0, 0.0, 0.0, 0.0, 0.0, 0.0, 0.0, 0.0, 0.0, 0.0, 0.0, 0.0, 0.0, 0.0, 0.0, 0.7727272727272727, 0.0, 0.0, 0.0, 0.0, 0.0, 0.0, 0.0, 0.0, 0.0, 0.0, 0.0, 0.0, 0.0, 0.0, 0.0, 0.0, 0.0, 0.7619047619047619, 0.0, 0.0, 0.0, 0.0, 0.0, 0.0, 0.0, 0.0, 0.0, 0.0, 0.0, 0.0, 0.0, 0.0, 0.0, 0.0, 0.0, 0.0, 0.0, 0.0, 0.0, 0.0, 0.0, 0.0, 0.0, 0.0, 0.0, 0.0, 0.0, 0.0, 0.0, 0.0, 0.0, 0.0, 0.0, 0.0, 0.0, 0.0, 0.0, 0.0, 0.0, 0.0, 0.0, 0.0, 0.0, 0.0, 0.8431372549019608, 0.0, 0.0, 0.0, 0.0, 0.0, 0.0, 0.0, 0.0, 0.0, 0.0, 0.0, 0.0, 0.0, 0.0, 0.0, 0.0, 0.0, 0.0, 0.0, 0.0, 0.0, 0.896551724137931, 0.0, 0.0, 0.0, 0.0, 0.0, 0.0, 0.0, 0.0, 0.0, 0.0, 0.0, 0.0, 0.0, 0.0, 0.0, 0.0, 0.0, 0.0, 0.0, 0.0, 0.0, 0.0, 0.0, 0.0, 0.0, 0.7857142857142857, 0.0, 0.0, 0.0, 0.0, 0.0, 0.0, 0.0, 0.0, 0.0, 0.0, 0.0, 0.0, 0.0, 0.736842105263158, 0.0, 0.0, 0.0, 0.0, 0.0, 0.0, 0.0, 0.0, 0.0, 0.0, 0.0, 0.0, 0.0, 0.0, 0.0, 0.0, 0.0, 0.0, 0.782608695652174, 0.0, 0.0, 0.0, 0.0, 0.0, 0.0, 0.0, 0.0, 0.0, 0.0, 0.0, 0.0, 0.0, 0.0, 0.0, 0.0, 0.0, 0.0, 0.0, 0.0, 0.0, 0.0, 0.0, 0.0, 0.0, 0.0, 0.0, 0.0, 0.0, 0.0, 0.0, 0.0, 0.0, 0.0, 0.0, 0.0, 0.0, 0.0, 0.0, 0.0, 0.0, 0.0, 0.0, 0.0, 0.0, 0.0, 0.0, 0.9285714285714286, 0.0, 0.0, 0.0, 0.0, 0.0, 0.0, 0.0, 0.0, 0.0, 0.0, 0.0, 0.0, 0.0, 0.0, 0.0, 0.0, 0.0, 0.0, 0.0, 0.0, 0.0, 0.0, 0.0, 0.0, 0.0, 0.0, 0.8333333333333334, 0.0, 0.0, 0.0, 0.0, 0.0, 0.0, 0.0, 0.0, 0.0, 0.0, 0.0, 0.8571428571428572, 0.0, 0.0, 0.0, 0.0, 0.0, 0.0, 0.0, 0.0, 0.0, 0.0, 0.0, 0.0, 0.7777777777777778, 0.0, 0.0, 0.0, 0.0, 0.0, 0.0, 0.0, 0.0, 0.0, 0.0, 0.0, 0.0, 0.0, 0.0, 0.0, 0.0, 0.0, 0.0, 0.0, 0.0, 0.0, 0.0, 0.0, 0.0, 0.0, 0.0, 0.0, 0.0, 0.84375, 0.0, 0.0, 0.0, 0.0, 0.0, 0.0, 0.0, 0.0, 0.0, 0.0, 0.8837209302325582, 0.0, 0.0, 0.0, 0.0, 0.0, 0.0, 0.0, 0.0, 0.0, 0.0, 0.0, 0.0, 0.0, 0.0, 0.0, 0.0, 0.0, 0.0, 0.0, 0.0, 0.0, 0.0, 0.782608695652174, 0.0, 0.0, 0.0, 0.0, 0.0, 0.0, 0.0, 0.0, 0.0, 0.0, 0.0, 0.0, 0.0, 0.0, 0.0, 0.0, 0.0, 0.7142857142857143, 0.0, 0.0, 0.0, 0.0, 0.0, 0.0, 0.0, 0.0, 0.0, 0.0, 0.0, 0.8235294117647058, 0.0, 0.0, 0.0, 0.0, 0.0, 0.0, 0.0, 0.0, 0.0, 0.0, 0.0, 0.0, 0.0, 0.0, 0.0, 0.0, 0.0, 0.0, 0.0, 0.0, 0.0, 0.0, 0.0, 0.0, 0.0, 0.0, 0.0, 0.0, 0.0, 0.0, 0.0, 0.0, 0.0, 0.0, 0.868421052631579, 0.0, 0.0, 0.0, 0.0, 0.0, 0.0, 0.0, 0.0, 0.0, 0.0, 0.0, 0.0, 0.0, 0.0, 0.0, 0.0, 0.7142857142857143, 0.0, 0.0, 0.0, 0.0, 0.0, 0.0, 0.0, 0.0, 0.0, 0.0, 0.0, 0.6470588235294117, 0.0, 0.0, 0.0, 0.0, 0.0, 0.0, 0.0, 0.0, 0.0, 0.0, 0.0, 0.0, 0.0, 0.0, 0.0, 0.0, 0.0, 0.0, 0.0, 0.0, 0.0, 0.0, 0.0, 0.0, 0.0, 0.0, 0.0, 0.0, 0.0, 0.0, 0.0, 0.0, 0.0, 0.0, 0.0, 0.8518518518518519, 0.0, 0.0, 0.0, 0.0, 0.0, 0.0, 0.0, 0.0, 0.0, 0.0, 0.0, 0.0, 0.0, 0.0, 0.0, 0.0, 0.0, 0.7619047619047619, 0.0, 0.0, 0.0, 0.0, 0.0, 0.0, 0.0, 0.0, 0.0, 0.0, 0.0, 0.0, 0.0, 0.0, 0.0, 0.0, 0.0, 0.0, 0.0, 0.0, 0.0, 0.0, 0.0, 0.0, 0.0, 0.0, 0.0, 0.0, 0.0, 0.0, 0.0]","[1.0, 1.0, 0.6666666666666666, 0.75, 0.8, 0.8333333333333334, 0.8571428571428571, 0.875, 0.7777777777777778, 0.8, 0.7272727272727273, 0.75, 0.6923076923076923, 0.7142857142857143, 0.6666666666666666, 0.6875, 0.6470588235294118, 0.6666666666666666, 0.631578947368421, 0.65, 0.6, 0.6, 0.6, 0.55, 0.5, 0.5, 0.45, 0.45, 0.5, 0.5, 0.55, 0.55, 0.6, 0.6, 0.65, 0.65, 0.7, 0.7, 0.75, 0.75, 0.8, 0.8, 0.85, 0.9, 0.95, 0.95, 1.0, 1.0, 0.95, 0.9, 0.85, 0.8, 0.75, 0.7, 0.65, 0.65, 0.65, 0.65, 0.65, 0.65, 0.65, 0.65, 0.65, 0.6, 0.55, 0.5, 0.45, 0.45, 0.5, 0.5, 0.5, 0.5, 0.5, 0.5, 0.5, 0.45, 0.4, 0.35, 0.3, 0.25, 0.25, 0.25, 0.25, 0.3, 0.35, 0.4, 0.4, 0.35, 0.3, 0.35, 0.4, 0.45, 0.5, 0.55, 0.6, 0.6, 0.6, 0.6, 0.6, 0.6, 0.6, 0.6, 0.6, 0.6, 0.6, 0.55, 0.55, 0.55, 0.55, 0.5, 0.5, 0.5, 0.5, 0.5, 0.5, 0.55, 0.55, 0.55, 0.55, 0.55, 0.5, 0.5, 0.5, 0.5, 0.5, 0.55, 0.6, 0.65, 0.65, 0.65, 0.6, 0.55, 0.5, 0.45, 0.4, 0.35, 0.35, 0.35, 0.35, 0.4, 0.45, 0.45, 0.45, 0.45, 0.45, 0.45, 0.45, 0.45, 0.5, 0.5, 0.5, 0.5, 0.5, 0.5, 0.5, 0.5, 0.5, 0.5, 0.5, 0.45, 0.4, 0.35, 0.3, 0.3, 0.3, 0.3, 0.3, 0.3, 0.3, 0.35, 0.4, 0.45, 0.5, 0.55, 0.6, 0.65, 0.65, 0.65, 0.65, 0.65, 0.65, 0.65, 0.65, 0.6, 0.55, 0.5, 0.45, 0.45, 0.45, 0.45, 0.45, 0.45, 0.45, 0.45, 0.45, 0.45, 0.5, 0.5, 0.5, 0.5, 0.5, 0.5, 0.5, 0.5, 0.5, 0.5, 0.55, 0.55, 0.55, 0.55, 0.55, 0.55, 0.55, 0.5, 0.45, 0.4, 0.35, 0.35, 0.35, 0.4, 0.45, 0.5, 0.55, 0.6, 0.65, 0.7, 0.7, 0.7, 0.65, 0.6, 0.55, 0.5, 0.45, 0.45, 0.5, 0.55, 0.6, 0.6, 0.6, 0.55, 0.5, 0.45, 0.45, 0.45, 0.45, 0.45, 0.45, 0.45, 0.5, 0.55, 0.6, 0.65, 0.7, 0.75, 0.75, 0.75, 0.7, 0.7, 0.7, 0.7, 0.7, 0.7, 0.65, 0.6, 0.55, 0.55, 0.55, 0.55, 0.55, 0.55, 0.55, 0.55, 0.55, 0.55, 0.55, 0.5, 0.5, 0.5, 0.55, 0.6, 0.65, 0.7, 0.75, 0.8, 0.85, 0.85, 0.85, 0.85, 0.85, 0.8, 0.75, 0.7, 0.65, 0.6, 0.55, 0.55, 0.55, 0.55, 0.55, 0.55, 0.55, 0.55, 0.55, 0.55, 0.55, 0.55, 0.55, 0.55, 0.55, 0.6, 0.65, 0.7, 0.75, 0.8, 0.8, 0.8, 0.8, 0.8, 0.75, 0.7, 0.65, 0.65, 0.65, 0.65, 0.65, 0.65, 0.65, 0.65, 0.65, 0.65, 0.65, 0.6, 0.55, 0.5, 0.5, 0.5, 0.5, 0.5, 0.55, 0.6, 0.65, 0.65, 0.65, 0.65, 0.65, 0.65, 0.65, 0.65, 0.65, 0.65, 0.65, 0.7, 0.75, 0.8, 0.85, 0.85, 0.85, 0.85, 0.8, 0.75, 0.7, 0.65, 0.6, 0.6, 0.6, 0.6, 0.6, 0.6, 0.6, 0.6, 0.6, 0.6, 0.6, 0.6, 0.6, 0.6, 0.6, 0.6, 0.65, 0.7, 0.75, 0.8, 0.8, 0.75, 0.7, 0.65, 0.65, 0.65, 0.65, 0.65, 0.65, 0.6, 0.55, 0.5, 0.45, 0.45, 0.45, 0.45, 0.4, 0.35, 0.3, 0.25, 0.25, 0.3, 0.35, 0.4, 0.4, 0.4, 0.4, 0.4, 0.4, 0.45, 0.5, 0.55, 0.6, 0.65, 0.7, 0.7, 0.75, 0.8, 0.85, 0.9, 0.95, 0.95, 0.95, 0.9, 0.85, 0.8, 0.75, 0.7, 0.65, 0.6, 0.55, 0.55, 0.55, 0.55, 0.55, 0.6, 0.6, 0.6, 0.6, 0.6, 0.6, 0.55, 0.5, 0.5, 0.5, 0.5, 0.5, 0.5, 0.55, 0.6, 0.65, 0.65, 0.65, 0.65, 0.65, 0.6, 0.55, 0.5, 0.45, 0.4, 0.4, 0.45, 0.5, 0.55, 0.6, 0.65, 0.7, 0.75, 0.75, 0.75, 0.75, 0.75, 0.75, 0.75, 0.75, 0.8, 0.85, 0.9, 0.95, 1.0, 0.95, 0.9, 0.85, 0.8, 0.75, 0.7, 0.65, 0.6, 0.55, 0.5, 0.45, 0.4, 0.35, 0.3, 0.25, 0.2, 0.2, 0.2, 0.2, 0.2, 0.25, 0.3, 0.35, 0.4, 0.45, 0.5, 0.55, 0.6, 0.65, 0.7, 0.75, 0.8, 0.85, 0.9, 0.95, 1.0, 1.0, 1.0, 0.95, 0.9, 0.85, 0.8, 0.75, 0.7, 0.65, 0.6, 0.55, 0.5, 0.45, 0.45, 0.45, 0.45, 0.45, 0.45, 0.45, 0.45, 0.45, 0.45, 0.5, 0.55, 0.6, 0.65, 0.7, 0.7, 0.7, 0.7, 0.7, 0.7, 0.7, 0.65, 0.6, 0.6, 0.6, 0.6, 0.6, 0.6, 0.6, 0.55, 0.5, 0.45, 0.4, 0.35, 0.3, 0.3, 0.3, 0.3, 0.3, 0.3, 0.35, 0.4, 0.45, 0.45, 0.45, 0.45, 0.45, 0.45, 0.4, 0.4, 0.4, 0.4, 0.4, 0.4, 0.4, 0.45, 0.5, 0.55, 0.6, 0.65, 0.65, 0.6, 0.55, 0.5, 0.45, 0.4, 0.35, 0.3, 0.3, 0.3, 0.3, 0.3, 0.3, 0.3, 0.3, 0.3, 0.3, 0.3, 0.3, 0.3, 0.3, 0.35, 0.4, 0.45, 0.5, 0.55, 0.6, 0.65, 0.7, 0.75, 0.8, 0.85, 0.9, 0.95, 1.0, 1.0, 1.0, 1.0, 0.95, 0.9, 0.85, 0.8, 0.75, 0.7, 0.65, 0.6, 0.55, 0.5, 0.45, 0.4, 0.35, 0.35, 0.35, 0.35, 0.35, 0.35, 0.35, 0.35, 0.4, 0.45, 0.5, 0.55, 0.6, 0.6, 0.6, 0.6, 0.6, 0.6, 0.6, 0.6, 0.6, 0.55, 0.5, 0.45, 0.4, 0.35, 0.3, 0.25, 0.2, 0.15, 0.1, 0.05, 0.0, 0.0, 0.0, 0.0, 0.0, 0.05, 0.1, 0.15, 0.2, 0.25, 0.3, 0.35, 0.4, 0.45, 0.5, 0.55, 0.6, 0.65, 0.7, 0.75, 0.75, 0.75, 0.75, 0.75, 0.75, 0.7, 0.65, 0.6, 0.55, 0.5, 0.45, 0.4, 0.35, 0.3, 0.25, 0.25, 0.25, 0.25, 0.25, 0.25, 0.3, 0.35, 0.4, 0.4, 0.4, 0.4, 0.4, 0.4, 0.4, 0.4, 0.4, 0.4, 0.4, 0.4, 0.4, 0.4, 0.4, 0.4, 0.4, 0.4, 0.4, 0.35, 0.3, 0.3, 0.3, 0.3, 0.3, 0.3, 0.3, 0.3, 0.3, 0.35, 0.4, 0.45, 0.5, 0.5, 0.5, 0.5, 0.5, 0.5, 0.5, 0.55, 0.6, 0.6, 0.6, 0.6, 0.6, 0.6, 0.6, 0.6, 0.6, 0.55, 0.55, 0.55, 0.55, 0.55, 0.55, 0.55, 0.5, 0.45, 0.4, 0.35, 0.3, 0.3, 0.3, 0.3, 0.3, 0.3, 0.3, 0.3, 0.3, 0.3, 0.25, 0.2, 0.15, 0.1, 0.1, 0.1, 0.15, 0.2, 0.25, 0.3, 0.35, 0.4, 0.45, 0.5, 0.5, 0.5, 0.5, 0.5, 0.5, 0.5, 0.5, 0.5, 0.5, 0.5, 0.45, 0.4, 0.35, 0.3, 0.25, 0.2, 0.15, 0.1, 0.1, 0.1, 0.15, 0.2, 0.25, 0.25, 0.25, 0.25, 0.25, 0.25, 0.25, 0.3, 0.35, 0.4, 0.45, 0.5, 0.55, 0.6, 0.65, 0.7, 0.65, 0.6, 0.55, 0.5, 0.45, 0.45, 0.45, 0.45, 0.45, 0.45, 0.45, 0.4, 0.35, 0.35, 0.35, 0.35, 0.35, 0.35, 0.35, 0.35, 0.35, 0.35, 0.35, 0.35, 0.35, 0.35, 0.35, 0.35, 0.35, 0.35, 0.4, 0.45, 0.5, 0.5, 0.5, 0.5, 0.45, 0.4, 0.35, 0.35, 0.4, 0.45, 0.5, 0.55, 0.6, 0.65, 0.65, 0.65, 0.65, 0.65, 0.6, 0.55, 0.5, 0.45, 0.4, 0.4, 0.45, 0.5, 0.55, 0.55, 0.55, 0.55, 0.55, 0.55, 0.55, 0.55, 0.6, 0.65, 0.7, 0.75, 0.8, 0.8, 0.8, 0.8, 0.8, 0.75, 0.7, 0.65, 0.6, 0.55, 0.5, 0.45, 0.4, 0.4, 0.4, 0.4, 0.4, 0.4, 0.4, 0.4, 0.4, 0.45, 0.5, 0.55, 0.6, 0.65, 0.7, 0.75, 0.8, 0.8, 0.8, 0.8, 0.8, 0.75, 0.7, 0.65, 0.65, 0.65, 0.65, 0.65, 0.65, 0.65, 0.65, 0.65, 0.65, 0.65, 0.65, 0.65, 0.65, 0.7, 0.75, 0.8, 0.85, 0.9, 0.95, 1.0, 1.0, 0.95, 0.9, 0.85, 0.8, 0.75, 0.7, 0.65, 0.6, 0.55, 0.5, 0.45, 0.4, 0.35, 0.3, 0.25, 0.2, 0.15, 0.1, 0.05, 0.0, 0.0, 0.0, 0.0, 0.0, 0.05, 0.1, 0.15, 0.2, 0.25, 0.3, 0.35, 0.4, 0.45, 0.5, 0.55, 0.55, 0.55, 0.55, 0.55, 0.55, 0.55, 0.55, 0.55, 0.55, 0.5, 0.45, 0.4, 0.35, 0.3, 0.25, 0.25, 0.25, 0.25, 0.25, 0.25, 0.3, 0.35, 0.4, 0.45, 0.5, 0.55, 0.6, 0.6, 0.6, 0.6, 0.6, 0.6, 0.65, 0.7, 0.75, 0.75, 0.75, 0.75, 0.75, 0.75, 0.75, 0.75, 0.75, 0.75, 0.75, 0.75, 0.75, 0.8, 0.85, 0.9, 0.95, 1.0, 1.0, 0.95, 0.9, 0.85, 0.8, 0.75, 0.7, 0.65, 0.6, 0.55, 0.5, 0.45, 0.45, 0.45, 0.45, 0.45, 0.45, 0.45, 0.45, 0.45, 0.45, 0.5, 0.55, 0.6, 0.65, 0.7, 0.75, 0.75, 0.75, 0.75, 0.75, 0.75, 0.7, 0.65, 0.6, 0.55, 0.5, 0.45, 0.4, 0.4, 0.4, 0.4, 0.4, 0.4, 0.4, 0.4, 0.4, 0.45, 0.5, 0.55, 0.6, 0.6, 0.6, 0.6, 0.6, 0.6, 0.6, 0.6, 0.6, 0.55, 0.55, 0.55, 0.55, 0.55, 0.55, 0.55, 0.55, 0.55, 0.55, 0.55, 0.55, 0.6, 0.65, 0.7, 0.75, 0.8, 0.85, 0.9, 0.95, 1.0, 1.0, 1.0, 1.0, 1.0, 1.0, 0.95, 0.9, 0.85, 0.8, 0.75, 0.7, 0.65, 0.6, 0.55, 0.5, 0.45, 0.4, 0.4, 0.4, 0.4, 0.4, 0.4, 0.4, 0.4, 0.35, 0.35, 0.35, 0.35, 0.35, 0.35, 0.35, 0.35, 0.35, 0.35, 0.4, 0.45, 0.5, 0.5, 0.5, 0.5, 0.5, 0.5, 0.5, 0.5, 0.55, 0.6]","[1.306, 2.274, 2.951, 3.67, 4.224, 5.059, 5.966, 6.848, 7.594, 8.404, 9.24, 10.031, 10.808, 11.524, 12.283, 12.965, 13.773, 14.364, 15.084, 15.652, 16.353, 16.924, 17.601, 18.098, 18.972, 19.842, 20.639, 21.293, 22.025, 22.643, 23.298, 23.972, 24.631, 25.366, 26.077, 26.774, 27.486, 28.179, 28.86, 29.484, 29.819, 30.04, 30.313, 30.527, 30.906, 31.269, 31.473, 31.847, 32.513, 32.759, 33.148, 33.363, 33.683, 33.935, 34.296, 34.808, 35.054, 35.271, 35.685, 36.036, 36.387, 36.759, 37.113, 37.705, 38.079, 38.464, 38.815, 39.173, 39.471, 39.982, 40.363, 40.743, 41.125, 41.333, 41.72, 42.06, 42.302, 42.68, 43.022, 43.247, 43.599, 43.837, 44.042, 44.412, 44.621, 44.844, 45.428, 45.9, 46.249, 46.622, 46.843, 47.052, 47.267, 47.623, 47.843, 48.373, 48.594, 48.818, 49.024, 49.4, 49.74, 50.015, 50.236, 50.45, 50.663, 50.991, 51.208, 51.66, 52.101, 52.493, 52.861, 53.107, 53.321, 53.568, 53.774, 53.999, 54.349, 54.557, 54.891, 55.254, 55.667, 56.451, 56.674, 57.132, 57.489, 57.887, 58.126, 58.508, 59.147, 59.368, 59.586, 59.812, 60.019, 60.227, 60.613, 60.832, 61.225, 61.486, 61.932, 62.318, 62.548, 62.761, 63.146, 63.413, 63.627, 64.05, 64.331, 64.722, 64.96, 65.474, 65.683, 66.163, 66.376, 66.589, 66.826, 67.234, 67.656, 67.891, 68.128, 68.522, 68.769, 69.007, 69.227, 69.559, 69.825, 70.04, 70.257, 70.576, 70.986, 71.213, 71.438, 71.655, 71.864, 72.086, 72.369, 72.602, 72.871, 73.094, 73.326, 73.551, 73.796, 74.08, 74.31, 74.538, 74.935, 75.213, 75.419, 75.73, 75.953, 76.372, 76.746, 76.962, 77.374, 77.584, 77.808, 78.034, 78.264, 78.603, 78.818, 79.187, 79.606, 79.812, 80.079, 80.315, 80.562, 80.971, 81.55, 81.77, 82.01, 82.245, 82.458, 82.846, 83.073, 83.403, 83.633, 83.904, 84.33, 84.741, 84.963, 85.27, 85.52, 85.786, 86.027, 86.242, 86.484, 86.734, 86.985, 87.267, 87.76, 88.026, 88.29, 88.523, 88.754, 89.04, 89.384, 89.643, 89.99, 90.283, 90.503, 90.909, 91.19, 91.703, 92.204, 92.424, 92.798, 93.118, 93.511, 93.937, 94.324, 94.564, 94.778, 95.041, 95.249, 95.636, 95.846, 96.07, 96.737, 96.964, 97.19, 97.492, 97.892, 98.099, 98.306, 98.568, 98.787, 99.255, 99.483, 99.704, 99.942, 100.177, 100.399, 100.636, 100.846, 101.238, 101.477, 101.804, 102.231, 102.523, 102.957, 103.26, 103.481, 103.712, 103.932, 104.154, 104.393, 104.836, 105.045, 105.343, 105.552, 105.86, 106.077, 106.407, 106.841, 107.064, 107.273, 107.574, 107.778, 107.994, 108.548, 108.829, 109.114, 109.341, 109.582, 109.812, 110.018, 110.282, 110.726, 110.99, 111.2, 111.426, 111.664, 111.94, 112.152, 112.417, 112.753, 112.971, 113.233, 113.663, 114.156, 114.369, 114.767, 114.98, 115.221, 115.472, 115.694, 115.924, 116.152, 116.4, 116.654, 116.874, 117.08, 117.592, 117.836, 118.364, 118.576, 119.078, 119.311, 119.583, 120.058, 120.366, 120.582, 120.92, 121.354, 121.581, 121.813, 122.322, 122.545, 122.88, 123.093, 123.306, 123.602, 123.815, 124.138, 124.346, 124.786, 125.045, 125.268, 125.56, 125.777, 125.987, 126.263, 126.482, 126.878, 127.33, 127.574, 127.806, 128.036, 128.305, 128.537, 128.766, 128.996, 129.208, 129.478, 129.682, 129.919, 130.472, 130.676, 131.078, 131.504, 131.727, 132.112, 132.354, 132.674, 132.918, 133.176, 133.425, 133.738, 134.001, 134.32, 134.526, 134.94, 135.505, 135.75, 135.976, 136.217, 136.421, 136.642, 136.868, 137.101, 137.415, 137.646, 137.927, 138.19, 138.583, 138.897, 139.107, 139.354, 139.674, 139.915, 140.212, 140.754, 141.18, 141.409, 141.65, 141.909, 142.116, 142.338, 142.736, 143.442, 143.66, 143.918, 144.173, 144.402, 144.644, 145.031, 145.343, 145.552, 145.797, 146.023, 146.235, 146.518, 146.736, 146.962, 147.354, 147.593, 147.89, 148.318, 148.524, 148.853, 149.211, 149.424, 149.64, 149.988, 150.687, 150.984, 151.203, 151.448, 151.67, 151.888, 152.127, 152.611, 152.848, 153.126, 153.348, 153.603, 153.849, 154.259, 154.6, 154.821, 155.278, 155.483, 155.699, 155.996, 156.296, 156.72, 156.967, 157.24, 157.451, 157.762, 157.973, 158.22, 158.664, 159.07, 159.434, 159.832, 160.05, 160.448, 160.679, 160.899, 161.11, 161.338, 161.798, 162.338, 162.556, 162.761, 163.189, 163.427, 163.852, 164.129, 164.55, 164.927, 165.152, 165.55, 165.784, 166.232, 166.458, 166.744, 166.966, 167.736, 167.982, 168.482, 168.705, 169.127, 169.34, 169.631, 169.842, 170.154, 170.377, 170.652, 170.861, 171.094, 171.407, 171.838, 172.058, 172.304, 172.662, 173.031, 173.432, 173.64, 174.026, 174.507, 174.884, 175.188, 175.418, 175.652, 176.124, 176.558, 176.882, 177.146, 177.38, 177.6, 178.486, 178.724, 178.948, 179.22, 179.466, 179.751, 179.964, 180.213, 180.43, 180.738, 180.951, 181.158, 181.393, 181.813, 182.096, 182.339, 182.588, 182.808, 183.05, 183.284, 183.502, 183.815, 184.097, 184.347, 184.606, 184.844, 185.071, 185.327, 185.68, 185.919, 186.37, 186.593, 187.07, 187.464, 187.679, 188.084, 188.303, 188.538, 188.83, 189.43, 189.688, 189.898, 190.208, 190.412, 190.696, 190.926, 191.152, 191.7, 191.941, 192.195, 192.418, 192.651, 192.869, 193.225, 193.716, 193.986, 194.219, 194.438, 194.739, 194.958, 195.279, 195.536, 195.759, 196.071, 196.488, 196.822, 197.206, 197.622, 198.068, 198.299, 198.549, 198.783, 198.997, 199.218, 199.509, 199.759, 200.059, 200.28, 200.698, 200.957, 201.172, 201.441, 201.653, 201.87, 202.111, 202.409, 202.613, 202.838, 203.116, 203.32, 203.607, 204.048, 204.33, 204.536, 204.766, 205.048, 205.26, 205.542, 205.774, 205.992, 206.222, 206.525, 206.754, 206.96, 207.186, 207.396, 207.633, 207.896, 208.276, 208.546, 209.189, 209.426, 209.648, 209.876, 210.094, 210.355, 210.571, 210.782, 210.996, 211.225, 211.471, 211.694, 212.158, 212.379, 212.691, 213.092, 213.326, 213.72, 213.953, 214.185, 214.389, 214.787, 215.167, 215.448, 215.672, 215.914, 216.132, 216.444, 216.842, 217.104, 217.33, 217.539, 217.786, 218.032, 218.261, 218.47, 219.102, 219.332, 219.548, 219.824, 220.05, 220.382, 220.772, 221.06, 221.488, 221.718, 221.922, 222.198, 222.425, 222.676, 222.898, 223.424, 223.634, 223.848, 224.073, 224.287, 224.493, 224.739, 225.148, 225.362, 225.571, 225.867, 226.096, 226.331, 226.565, 226.785, 227.076, 227.307, 227.581, 227.86, 228.125, 228.361, 228.606, 228.821, 229.271, 229.501, 229.801, 230.02, 230.366, 230.777, 230.982, 231.207, 231.456, 231.677, 232.033, 232.261, 232.713, 232.958, 233.267, 233.694, 233.919, 234.325, 234.602, 234.815, 235.031, 235.237, 235.457, 235.741, 236.146, 236.363, 236.593, 236.909, 237.376, 237.672, 238.005, 238.216, 238.438, 238.746, 238.956, 239.172, 239.398, 239.674, 239.9, 240.142, 240.41, 240.865, 241.127, 241.346, 241.609, 241.844, 242.064, 242.333, 242.549, 243.046, 243.38, 243.598, 243.812, 244.086, 244.3, 244.542, 244.762, 245.155, 245.359, 245.686, 246.1, 246.326, 246.585, 246.792, 247.011, 247.224, 247.455, 247.665, 247.887, 248.11, 248.328, 248.541, 248.768, 249.272, 249.508, 249.726, 249.93, 250.143, 250.392, 250.617, 250.917, 251.364, 251.619, 252.048, 252.466, 252.68, 252.892, 253.176, 253.401, 253.82, 254.042, 254.253, 254.47, 254.694, 254.914, 255.146, 255.361, 255.667, 256.026, 256.24, 256.634, 257.196, 257.434, 257.731, 257.95, 258.164, 258.686, 258.9, 259.227, 259.436, 259.707, 260.113, 260.776, 261.01, 261.38, 261.856, 262.295, 262.508, 262.727, 263.058, 263.263, 263.777, 264.007, 264.23, 264.478, 264.729, 264.974, 265.225, 265.45, 265.716, 265.944, 266.216, 266.42, 266.647, 267.309, 267.53, 267.746, 267.973, 268.184, 268.448, 268.678, 269.101, 269.352, 269.576, 269.814, 270.107, 270.328, 270.748, 270.977, 271.192, 271.596, 272.11, 272.327, 272.71, 272.929, 273.133, 273.342, 273.838, 274.279, 274.669, 275.345, 275.554, 275.76, 276.016, 276.227, 276.507, 276.724, 277.012, 277.242, 277.492, 277.707, 277.936, 278.154, 278.486, 278.865, 279.081, 279.79, 280.082, 280.483, 280.796, 281.214, 281.419, 281.73, 282.12, 282.338, 282.581, 282.788, 282.993, 283.253, 283.507, 283.748, 283.999, 284.267, 284.488, 284.72, 285.14, 285.354, 285.78, 285.993, 286.207, 286.419, 286.642, 286.858, 287.085, 287.466, 287.76, 287.975, 288.223, 288.492, 288.712, 288.963, 289.247, 289.48, 289.719, 290.026, 290.26, 290.472, 290.742, 290.949, 291.155, 291.676, 291.905, 292.217, 292.462, 292.688, 292.905, 293.121, 293.61, 293.906, 294.316, 294.542, 294.972, 295.222, 295.558, 295.776, 295.982, 296.404, 296.736, 297.337, 297.72, 297.938, 298.297, 298.722, 299.034, 299.241, 299.624, 299.866, 300.167, 300.513, 300.741, 300.981, 301.233, 301.5, 301.72, 302.052, 302.274, 302.68, 302.93, 303.152, 303.443, 303.693, 303.973, 304.197, 304.409, 304.789, 305.326, 305.534, 305.745, 306.131, 306.507, 307.068, 307.476, 307.939, 308.172, 308.42, 308.658, 309.084, 309.318, 309.527, 309.743, 310.113, 310.488, 310.736, 311.014, 311.238, 311.483, 311.724, 311.958, 312.24, 312.456, 312.74, 312.96, 313.195, 313.409, 313.82, 314.235, 314.445, 314.851, 315.278, 315.541, 315.782, 316.052, 316.289, 316.524, 316.774, 317.222, 317.445, 317.765, 317.979, 318.432, 318.687, 318.955, 319.189, 319.416, 319.71, 320.212, 320.447, 320.794, 321.003, 321.224, 321.432, 321.652, 321.922, 322.152, 322.387, 322.718, 323.084, 323.323, 323.617, 323.843, 324.065, 324.318, 324.545, 324.782, 325.011, 325.295, 325.783, 326.009, 326.439, 326.653, 326.873, 327.089, 327.307, 327.719, 327.924, 328.273, 328.486, 328.808, 329.051, 329.293, 329.509, 329.767, 329.996, 330.244, 330.731, 330.96, 331.21, 331.424, 331.667, 331.939, 332.158, 332.412, 332.937, 333.179, 333.646, 334.019, 334.249, 334.485, 334.712, 334.939, 335.172, 335.416, 335.751, 335.985, 336.52, 336.832, 337.086, 337.302, 337.518, 337.753, 338.024, 338.262, 338.495, 338.74, 338.979, 339.232, 339.525, 339.774, 340.102, 340.452, 340.862, 341.072, 341.277, 341.539, 341.756, 342.216, 342.518, 342.751, 342.997, 343.285, 343.515, 343.749, 343.978, 344.22, 344.462, 344.668, 344.924, 345.138, 345.448, 345.686, 345.932, 346.16, 346.389, 346.597, 347.01, 347.214, 347.646, 347.864, 348.07, 348.294, 348.95, 349.454, 349.666, 349.91, 350.128, 350.347, 350.569, 350.775, 351.023, 351.238, 351.467, 351.686, 352.08, 352.33, 352.598, 352.865, 353.202, 353.426, 353.666, 354.16, 354.472, 354.899, 355.19, 355.408, 355.638, 355.901, 356.152, 356.558, 356.792, 357.168, 357.442, 357.701, 357.927, 358.152, 358.384, 358.612, 358.83, 359.203, 359.419, 359.658, 359.898]"
mmgp978syi159c,32,12519,12.519,0.8666666666666667,0.45,,,
mmgp978syi159c,76,27646,27.646,0.8148148148148149,0.45,,,
mmgp978syi159c,103,37222,37.222,0.7666666666666666,0.65,,,
mmgp978syi159c,175,60589,60.589,0.9206349206349207,0.65,,,
mmgp978syi159c,203,72077,72.077,0.9340659340659341,0.35,,,
mmgp978syi159c,226,79813,79.813,0.75,0.6,,,
mmgp978syi159c,301,107101,107.101,0.9390243902439024,0.7,,,
mmgp978syi159c,351,126277,126.277,0.9024390243902439,0.5,,,
mmgp978syi159c,372,134020,134.02,0.782608695652174,0.75,,,
mmgp978syi159c,408,146388,146.388,0.5128205128205128,0.6,,,
mmgp978syi159c,458,165572,165.572,0.8805970149253731,0.85,,,
mmgp978syi159c,499,181172,181.172,0.8333333333333334,0.8,,,
mmgp978syi159c,536,197180,197.18,0.8666666666666667,0.25,,,
mmgp978syi159c,575,212179,212.179,0.8372093023255813,0.55,,,
mmgp978syi159c,597,220067,220.067,0.7241379310344828,0.3,,,
mmgp978syi159c,626,229971,229.971,0.8787878787878788,0.55,,,
mmgp978syi159c,650,237931,237.931,0.8076923076923077,0.3,,,
mmgp978syi159c,680,248796,248.796,0.6176470588235294,0.6,,,
mmgp978syi159c,707,258259,258.259,0.5128205128205128,0.35,,,
mmgp978syi159c,748,273003,273.003,0.8135593220338984,0.55,,,
mmgp978syi159c,769,280995,280.995,0.8571428571428572,0.3,,,
mmgp978syi159c,810,296866,296.866,0.9605263157894737,0.65,,,
mmgp978syi159c,850,311410,311.41,0.8571428571428572,0.45,,,
mmgp978syi159c,894,327666,327.666,0.6938775510204082,0.55,,,
mmgp978syi159c,-1,0,0.0,0.0,0.0,"[0.0, 0.9999999999999999, 1.0, 1.0, 0.0, 0.0, 0.0, 0.0, 0.0, 0.0, 0.0, 0.0, 0.0, 0.0, 0.0, 0.0, 0.0, 0.0, 0.0, 0.0, 0.0, 0.0, 0.0, 0.0, 0.0, 0.0, 0.0, 0.0, 0.0, 0.0, 0.0, 0.0, 0.8666666666666667, 0.0, 0.0, 0.0, 0.0, 0.0, 0.0, 0.0, 0.0, 0.0, 0.0, 0.0, 0.0, 0.0, 0.0, 0.0, 0.0, 0.0, 0.0, 0.0, 0.7727272727272727, 0.0, 0.0, 0.0, 0.0, 0.0, 0.0, 0.0, 0.0, 0.0, 0.0, 0.0, 0.0, 0.0, 0.0, 0.0, 0.0, 0.0, 0.0, 0.0, 0.0, 0.0, 0.0, 0.0, 0.8148148148148149, 0.0, 0.0, 0.0, 0.0, 0.0, 0.0, 0.0, 0.0, 0.0, 0.0, 0.0, 0.0, 0.0, 0.0, 0.0, 0.0, 0.0, 0.0, 0.0, 0.0, 0.0, 0.0, 0.0, 0.0, 0.0, 0.0, 0.7666666666666666, 0.0, 0.0, 0.0, 0.0, 0.0, 0.0, 0.0, 0.0, 0.0, 0.0, 0.0, 0.0, 0.0, 0.0, 0.0, 0.0, 0.0, 0.0, 0.0, 0.5384615384615384, 0.0, 0.0, 0.0, 0.0, 0.0, 0.0, 0.0, 0.0, 0.0, 0.0, 0.0, 0.0, 0.0, 0.0, 0.0, 0.0, 0.0, 0.0, 0.0, 0.0, 0.0, 0.0, 0.0, 0.0, 0.0, 0.0, 0.0, 0.0, 0.0, 0.0, 0.0, 0.0, 0.0, 0.0, 0.0, 0.0, 0.0, 0.0, 0.0, 0.0, 0.0, 0.0, 0.0, 0.0, 0.0, 0.0, 0.0, 0.0, 0.0, 0.0, 0.0, 0.9206349206349207, 0.0, 0.0, 0.0, 0.0, 0.0, 0.0, 0.0, 0.0, 0.0, 0.0, 0.0, 0.0, 0.0, 0.0, 0.0, 0.0, 0.0, 0.0, 0.0, 0.0, 0.0, 0.0, 0.0, 0.0, 0.0, 0.0, 0.0, 0.9340659340659341, 0.0, 0.0, 0.0, 0.0, 0.0, 0.0, 0.0, 0.0, 0.0, 0.0, 0.0, 0.0, 0.0, 0.0, 0.0, 0.0, 0.0, 0.0, 0.0, 0.0, 0.0, 0.0, 0.75, 0.0, 0.0, 0.0, 0.0, 0.0, 0.0, 0.0, 0.0, 0.0, 0.0, 0.0, 0.0, 0.0, 0.0, 0.0, 0.0, 0.0, 0.0, 0.0, 0.0, 0.0, 0.0, 0.0, 0.0, 0.0, 0.0, 0.0, 0.0, 0.0, 0.0, 0.0, 0.0, 0.0, 0.0, 0.0, 0.0, 0.0, 0.0, 0.0, 0.0, 0.0, 0.0, 0.0, 0.0, 0.0, 0.0, 0.0, 0.0, 0.0, 0.0, 0.0, 0.0, 0.0, 0.0, 0.0, 0.0, 0.0, 0.0, 0.0, 0.0, 0.0, 0.0, 0.0, 0.0, 0.0, 0.0, 0.0, 0.0, 0.0, 0.0, 0.0, 0.0, 0.0, 0.0, 0.9390243902439024, 0.0, 0.0, 0.0, 0.0, 0.0, 0.0, 0.0, 0.0, 0.0, 0.0, 0.0, 0.0, 0.0, 0.0, 0.0, 0.0, 0.0, 0.0, 0.0, 0.0, 0.0, 0.0, 0.0, 0.0, 0.0, 0.0, 0.0, 0.0, 0.0, 0.0, 0.0, 0.0, 0.0, 0.0, 0.0, 0.0, 0.0, 0.0, 0.0, 0.0, 0.0, 0.0, 0.0, 0.0, 0.0, 0.0, 0.0, 0.0, 0.0, 0.9024390243902439, 0.0, 0.0, 0.0, 0.0, 0.0, 0.0, 0.0, 0.0, 0.0, 0.0, 0.0, 0.0, 0.0, 0.0, 0.0, 0.0, 0.0, 0.0, 0.0, 0.0, 0.782608695652174, 0.0, 0.0, 0.0, 0.0, 0.0, 0.0, 0.0, 0.0, 0.0, 0.0, 0.0, 0.0, 0.0, 0.0, 0.0, 0.0, 0.0, 0.0, 0.0, 0.0, 0.0, 0.0, 0.0, 0.0, 0.0, 0.0, 0.0, 0.0, 0.0, 0.0, 0.0, 0.0, 0.0, 0.0, 0.0, 0.5128205128205128, 0.0, 0.0, 0.0, 0.0, 0.0, 0.0, 0.0, 0.0, 0.0, 0.0, 0.0, 0.0, 0.0, 0.0, 0.0, 0.0, 0.0, 0.0, 0.0, 0.0, 0.0, 0.0, 0.0, 0.0, 0.0, 0.0, 0.0, 0.0, 0.0, 0.0, 0.0, 0.0, 0.0, 0.0, 0.0, 0.0, 0.0, 0.0, 0.0, 0.0, 0.0, 0.0, 0.0, 0.0, 0.0, 0.0, 0.0, 0.0, 0.0, 0.8805970149253731, 0.0, 0.0, 0.0, 0.0, 0.0, 0.0, 0.0, 0.0, 0.0, 0.7692307692307692, 0.0, 0.0, 0.0, 0.0, 0.0, 0.0, 0.0, 0.0, 0.0, 0.8518518518518519, 0.0, 0.0, 0.0, 0.0, 0.0, 0.0, 0.0, 0.0, 0.0, 0.0, 0.0, 0.0, 0.0, 0.0, 0.0, 0.0, 0.0, 0.0, 0.0, 0.0, 0.8333333333333334, 0.0, 0.0, 0.0, 0.0, 0.0, 0.0, 0.0, 0.0, 0.0, 0.0, 0.0, 0.0, 0.0, 0.0, 0.0, 0.0, 0.0, 0.0, 0.0, 0.0, 0.0, 0.0, 0.0, 0.0, 0.0, 0.0, 0.0, 0.0, 0.0, 0.0, 0.0, 0.0, 0.0, 0.0, 0.0, 0.0, 0.8666666666666667, 0.0, 0.0, 0.0, 0.0, 0.0, 0.0, 0.0, 0.0, 0.0, 0.0, 0.0, 0.0, 0.0, 0.0, 0.0, 0.0, 0.0, 0.0, 0.0, 0.0, 0.0, 0.0, 0.0, 0.0, 0.0, 0.8333333333333334, 0.0, 0.0, 0.0, 0.0, 0.0, 0.0, 0.0, 0.0, 0.0, 0.0, 0.0, 0.0, 0.8372093023255813, 0.0, 0.0, 0.0, 0.0, 0.0, 0.0, 0.0, 0.0, 0.0, 0.0, 0.0, 0.0, 0.0, 0.0, 0.0, 0.0, 0.0, 0.0, 0.0, 0.0, 0.0, 0.7241379310344828, 0.0, 0.0, 0.0, 0.0, 0.0, 0.0, 0.0, 0.0, 0.0, 0.0, 0.0, 0.0, 0.0, 0.0, 0.0, 0.0, 0.0, 0.0, 0.0, 0.0, 0.0, 0.0, 0.0, 0.0, 0.0, 0.0, 0.0, 0.0, 0.8787878787878788, 0.0, 0.0, 0.0, 0.0, 0.0, 0.0, 0.0, 0.0, 0.0, 0.0, 0.0, 0.0, 0.0, 0.0, 0.0, 0.0, 0.0, 0.0, 0.0, 0.0, 0.0, 0.0, 0.0, 0.8076923076923077, 0.0, 0.0, 0.0, 0.0, 0.0, 0.0, 0.0, 0.0, 0.0, 0.0, 0.0, 0.0, 0.0, 0.0, 0.0, 0.0, 0.0, 0.0, 0.0, 0.0, 0.0, 0.0, 0.0, 0.0, 0.0, 0.0, 0.0, 0.0, 0.0, 0.6176470588235294, 0.0, 0.0, 0.0, 0.0, 0.0, 0.0, 0.0, 0.0, 0.0, 0.0, 0.0, 0.0, 0.0, 0.0, 0.0, 0.0, 0.0, 0.0, 0.0, 0.0, 0.0, 0.0, 0.0, 0.0, 0.0, 0.0, 0.5128205128205128, 0.0, 0.0, 0.0, 0.0, 0.0, 0.0, 0.0, 0.0, 0.0, 0.0, 0.0, 0.0, 0.0, 0.0, 0.0, 0.0, 0.0, 0.0, 0.0, 0.0, 0.0, 0.0, 0.0, 0.0, 0.0, 0.0, 0.0, 0.0, 0.0, 0.0, 0.0, 0.0, 0.0, 0.0, 0.0, 0.0, 0.0, 0.0, 0.0, 0.0, 0.8135593220338984, 0.0, 0.0, 0.0, 0.0, 0.0, 0.0, 0.0, 0.0, 0.0, 0.0, 0.0, 0.0, 0.0, 0.0, 0.0, 0.0, 0.0, 0.0, 0.0, 0.0, 0.8571428571428572, 0.0, 0.0, 0.0, 0.0, 0.0, 0.0, 0.0, 0.0, 0.0, 0.0, 0.0, 0.0, 0.0, 0.0, 0.0, 0.0, 0.0, 0.0, 0.0, 0.0, 0.0, 0.0, 0.0, 0.0, 0.0, 0.0, 0.0, 0.0, 0.0, 0.0, 0.0, 0.0, 0.0, 0.0, 0.0, 0.0, 0.0, 0.0, 0.0, 0.0, 0.9605263157894737, 0.5032183445548488, 0.0, 0.0, 0.0, 0.0, 0.0, 0.0, 0.0, 0.0, 0.0, 0.0, 0.0, 0.0, 0.0, 0.0, 0.0, 0.0, 0.0, 0.0, 0.0, 0.0, 0.0, 0.0, 0.0, 0.0, 0.0, 0.0, 0.0, 0.0, 0.0, 0.0, 0.0, 0.0, 0.0, 0.0, 0.0, 0.0, 0.0, 0.0, 0.8571428571428572, 0.0, 0.0, 0.0, 0.0, 0.0, 0.0, 0.0, 0.0, 0.0, 0.0, 0.0, 0.0, 0.0, 0.0, 0.0, 0.0, 0.0, 0.0, 0.0, 0.0, 0.0, 0.0, 0.0, 0.0, 0.0, 0.0, 0.0, 0.0, 0.0, 0.0, 0.0, 0.0, 0.0, 0.0, 0.0, 0.0, 0.0, 0.0, 0.0, 0.0, 0.0, 0.0, 0.0, 0.6938775510204082, 0.0, 0.0, 0.0, 0.0, 0.0, 0.0, 0.0, 0.0, 0.0, 0.0, 0.0, 0.0, 0.0, 0.0, 0.0, 0.0, 0.0, 0.0, 0.0, 0.0, 0.0, 0.0, 0.0, 0.0, 0.0, 0.0, 0.0, 0.0, 0.0, 0.0, 0.0, 0.0, 0.0, 0.0, 0.0, 0.0, 0.0, 0.0, 0.0, 0.0, 0.0, 0.0, 0.0, 0.0, 0.0, 0.0, 0.0, 0.0, 0.0, 0.0, 0.0, 0.0, 0.0, 0.0, 0.0, 0.0, 0.0, 0.0, 0.0, 0.0, 0.0, 0.0, 0.0, 0.0, 0.0, 0.0, 0.0, 0.0, 0.0, 0.0, 0.0, 0.0, 0.0, 0.0, 0.0, 0.0, 0.0, 0.0, 0.0, 0.0, 0.0]","[1.0, 0.5, 0.3333333333333333, 0.25, 0.2, 0.1666666666666666, 0.1428571428571428, 0.125, 0.1111111111111111, 0.1, 0.0909090909090909, 0.0833333333333333, 0.0769230769230769, 0.0714285714285714, 0.0666666666666666, 0.0625, 0.0588235294117647, 0.0555555555555555, 0.0526315789473684, 0.05, 0.0, 0.0, 0.0, 0.0, 0.05, 0.1, 0.15, 0.2, 0.25, 0.3, 0.35, 0.4, 0.45, 0.5, 0.5, 0.5, 0.5, 0.55, 0.6, 0.65, 0.65, 0.65, 0.65, 0.65, 0.6, 0.55, 0.5, 0.45, 0.4, 0.35, 0.3, 0.25, 0.2, 0.15, 0.15, 0.15, 0.15, 0.1, 0.05, 0.0, 0.0, 0.0, 0.0, 0.0, 0.0, 0.0, 0.0, 0.05, 0.1, 0.15, 0.2, 0.25, 0.3, 0.35, 0.4, 0.45, 0.45, 0.45, 0.45, 0.45, 0.45, 0.45, 0.45, 0.45, 0.45, 0.45, 0.45, 0.45, 0.45, 0.45, 0.45, 0.45, 0.45, 0.45, 0.45, 0.45, 0.5, 0.55, 0.6, 0.6, 0.6, 0.6, 0.6, 0.65, 0.7, 0.7, 0.7, 0.7, 0.7, 0.7, 0.65, 0.6, 0.55, 0.5, 0.45, 0.45, 0.45, 0.45, 0.45, 0.5, 0.5, 0.5, 0.5, 0.45, 0.4, 0.45, 0.5, 0.5, 0.45, 0.4, 0.4, 0.4, 0.4, 0.45, 0.5, 0.5, 0.5, 0.45, 0.4, 0.4, 0.45, 0.5, 0.5, 0.5, 0.5, 0.5, 0.5, 0.45, 0.45, 0.5, 0.55, 0.55, 0.55, 0.5, 0.5, 0.5, 0.5, 0.5, 0.5, 0.5, 0.5, 0.5, 0.55, 0.55, 0.55, 0.55, 0.55, 0.55, 0.55, 0.55, 0.55, 0.6, 0.6, 0.65, 0.65, 0.65, 0.6, 0.6, 0.65, 0.6, 0.55, 0.55, 0.55, 0.55, 0.55, 0.55, 0.55, 0.6, 0.6, 0.55, 0.55, 0.5, 0.55, 0.55, 0.5, 0.45, 0.5, 0.5, 0.45, 0.45, 0.45, 0.4, 0.35, 0.35, 0.35, 0.3, 0.25, 0.2, 0.25, 0.3, 0.3, 0.35, 0.35, 0.35, 0.4, 0.45, 0.4, 0.4, 0.4, 0.45, 0.5, 0.5, 0.5, 0.55, 0.6, 0.6, 0.6, 0.65, 0.65, 0.6, 0.55, 0.55, 0.55, 0.5, 0.45, 0.4, 0.4, 0.4, 0.45, 0.45, 0.45, 0.5, 0.55, 0.5, 0.5, 0.55, 0.6, 0.55, 0.5, 0.5, 0.5, 0.45, 0.4, 0.45, 0.5, 0.55, 0.6, 0.65, 0.6, 0.55, 0.55, 0.55, 0.55, 0.6, 0.6, 0.6, 0.6, 0.65, 0.65, 0.65, 0.65, 0.65, 0.65, 0.6, 0.55, 0.5, 0.45, 0.4, 0.4, 0.45, 0.45, 0.45, 0.45, 0.45, 0.45, 0.45, 0.45, 0.45, 0.45, 0.45, 0.45, 0.45, 0.45, 0.45, 0.5, 0.55, 0.6, 0.65, 0.7, 0.7, 0.7, 0.7, 0.7, 0.65, 0.6, 0.55, 0.55, 0.55, 0.6, 0.65, 0.7, 0.7, 0.7, 0.75, 0.75, 0.75, 0.75, 0.75, 0.75, 0.75, 0.75, 0.75, 0.75, 0.8, 0.85, 0.85, 0.8, 0.8, 0.8, 0.8, 0.8, 0.85, 0.9, 0.9, 0.9, 0.9, 0.9, 0.9, 0.85, 0.8, 0.8, 0.8, 0.8, 0.8, 0.75, 0.75, 0.75, 0.7, 0.65, 0.6, 0.55, 0.5, 0.45, 0.4, 0.35, 0.3, 0.25, 0.25, 0.3, 0.35, 0.35, 0.35, 0.35, 0.3, 0.35, 0.4, 0.45, 0.5, 0.55, 0.6, 0.65, 0.7, 0.75, 0.8, 0.85, 0.9, 0.95, 0.95, 0.95, 0.95, 0.95, 0.9, 0.85, 0.85, 0.85, 0.85, 0.8, 0.8, 0.8, 0.8, 0.75, 0.7, 0.65, 0.65, 0.65, 0.65, 0.65, 0.65, 0.65, 0.65, 0.65, 0.7, 0.75, 0.8, 0.75, 0.7, 0.7, 0.65, 0.6, 0.55, 0.55, 0.55, 0.6, 0.6, 0.6, 0.6, 0.6, 0.6, 0.6, 0.6, 0.6, 0.6, 0.6, 0.55, 0.55, 0.55, 0.6, 0.65, 0.7, 0.7, 0.7, 0.7, 0.7, 0.7, 0.7, 0.7, 0.65, 0.6, 0.6, 0.6, 0.6, 0.6, 0.6, 0.65, 0.7, 0.7, 0.65, 0.6, 0.6, 0.65, 0.7, 0.75, 0.75, 0.75, 0.75, 0.75, 0.8, 0.85, 0.85, 0.8, 0.75, 0.7, 0.65, 0.65, 0.65, 0.7, 0.75, 0.8, 0.8, 0.8, 0.8, 0.8, 0.75, 0.7, 0.65, 0.6, 0.55, 0.5, 0.45, 0.45, 0.45, 0.5, 0.55, 0.55, 0.55, 0.55, 0.55, 0.55, 0.5, 0.45, 0.4, 0.4, 0.45, 0.5, 0.55, 0.6, 0.65, 0.7, 0.75, 0.8, 0.85, 0.8, 0.75, 0.7, 0.65, 0.6, 0.55, 0.5, 0.5, 0.5, 0.55, 0.55, 0.55, 0.55, 0.55, 0.55, 0.5, 0.45, 0.4, 0.4, 0.4, 0.45, 0.45, 0.45, 0.45, 0.45, 0.45, 0.45, 0.5, 0.55, 0.5, 0.45, 0.4, 0.35, 0.3, 0.25, 0.25, 0.3, 0.35, 0.35, 0.35, 0.35, 0.4, 0.45, 0.45, 0.45, 0.45, 0.45, 0.4, 0.35, 0.35, 0.35, 0.35, 0.35, 0.35, 0.35, 0.35, 0.3, 0.25, 0.2, 0.15, 0.1, 0.1, 0.1, 0.15, 0.2, 0.25, 0.3, 0.35, 0.4, 0.45, 0.45, 0.45, 0.5, 0.55, 0.55, 0.55, 0.55, 0.55, 0.55, 0.55, 0.55, 0.5, 0.5, 0.5, 0.5, 0.5, 0.5, 0.5, 0.45, 0.4, 0.4, 0.4, 0.35, 0.3, 0.3, 0.3, 0.3, 0.3, 0.3, 0.3, 0.3, 0.3, 0.25, 0.2, 0.15, 0.1, 0.05, 0.0, 0.0, 0.05, 0.1, 0.15, 0.15, 0.15, 0.2, 0.25, 0.25, 0.25, 0.25, 0.25, 0.3, 0.35, 0.4, 0.45, 0.5, 0.55, 0.6, 0.65, 0.7, 0.7, 0.7, 0.7, 0.7, 0.7, 0.65, 0.6, 0.6, 0.6, 0.65, 0.7, 0.7, 0.7, 0.65, 0.6, 0.55, 0.5, 0.45, 0.4, 0.35, 0.3, 0.3, 0.3, 0.35, 0.35, 0.35, 0.35, 0.35, 0.35, 0.3, 0.25, 0.2, 0.15, 0.15, 0.2, 0.25, 0.3, 0.35, 0.4, 0.45, 0.5, 0.5, 0.45, 0.4, 0.4, 0.4, 0.4, 0.45, 0.5, 0.55, 0.6, 0.6, 0.6, 0.6, 0.55, 0.5, 0.5, 0.5, 0.45, 0.4, 0.4, 0.4, 0.4, 0.4, 0.4, 0.4, 0.4, 0.4, 0.4, 0.35, 0.3, 0.3, 0.3, 0.3, 0.3, 0.35, 0.35, 0.35, 0.35, 0.35, 0.3, 0.25, 0.25, 0.25, 0.25, 0.25, 0.3, 0.3, 0.25, 0.25, 0.25, 0.25, 0.25, 0.25, 0.3, 0.3, 0.3, 0.25, 0.25, 0.25, 0.25, 0.25, 0.3, 0.35, 0.4, 0.4, 0.35, 0.35, 0.4, 0.4, 0.4, 0.4, 0.4, 0.45, 0.45, 0.45, 0.45, 0.5, 0.55, 0.55, 0.55, 0.55, 0.5, 0.45, 0.4, 0.4, 0.45, 0.45, 0.45, 0.5, 0.5, 0.5, 0.5, 0.45, 0.4, 0.35, 0.3, 0.25, 0.25, 0.3, 0.35, 0.4, 0.4, 0.4, 0.45, 0.5, 0.45, 0.4, 0.35, 0.3, 0.3, 0.3, 0.3, 0.35, 0.4, 0.45, 0.45, 0.45, 0.4, 0.35, 0.3, 0.3, 0.35, 0.35, 0.3, 0.25, 0.3, 0.35, 0.4, 0.45, 0.45, 0.45, 0.45, 0.4, 0.4, 0.4, 0.45, 0.5, 0.55, 0.6, 0.65, 0.65, 0.65, 0.7, 0.75, 0.8, 0.75, 0.7, 0.65, 0.6, 0.65, 0.7, 0.75, 0.8, 0.8, 0.8, 0.8, 0.8, 0.8, 0.8, 0.8, 0.8, 0.8, 0.8, 0.8, 0.8, 0.8, 0.8, 0.8, 0.8, 0.75, 0.7, 0.7, 0.7, 0.65, 0.6, 0.6, 0.6, 0.55, 0.5, 0.45, 0.45, 0.4, 0.4, 0.4, 0.35, 0.4, 0.4, 0.4, 0.45, 0.45, 0.45, 0.4, 0.4, 0.45, 0.5, 0.5, 0.45, 0.45, 0.5, 0.5, 0.5, 0.5, 0.45, 0.45, 0.5, 0.5, 0.5, 0.5, 0.5, 0.55, 0.6, 0.65, 0.65, 0.6, 0.55, 0.5, 0.5, 0.55, 0.55, 0.6, 0.6, 0.6, 0.6, 0.55, 0.5, 0.5, 0.55, 0.55, 0.5, 0.5, 0.5, 0.5, 0.5, 0.5, 0.5, 0.5, 0.5, 0.5, 0.5, 0.5, 0.45, 0.45, 0.5, 0.55, 0.6, 0.55, 0.5, 0.5, 0.55, 0.55, 0.55, 0.5, 0.45, 0.5, 0.55, 0.6, 0.65, 0.6, 0.55, 0.5, 0.5, 0.5, 0.5, 0.5, 0.5, 0.5, 0.5, 0.5, 0.45, 0.45, 0.45, 0.45, 0.5, 0.45, 0.45, 0.4, 0.35, 0.4, 0.45, 0.45, 0.45, 0.5, 0.5, 0.45, 0.4, 0.45, 0.5, 0.5, 0.5, 0.5, 0.5, 0.5, 0.45, 0.5, 0.5, 0.5, 0.5, 0.5, 0.5, 0.5, 0.5, 0.5, 0.5, 0.5, 0.5]","[1.374, 2.11, 2.75, 3.03, 3.502, 3.998, 4.222, 4.542, 4.846, 5.15, 5.47, 5.782, 6.078, 6.319, 6.606, 6.894, 7.166, 7.47, 7.75, 8.054, 8.294, 8.51, 8.79, 9.07, 9.934, 10.286, 10.614, 10.902, 11.182, 11.47, 11.798, 12.142, 12.519, 12.838, 13.126, 13.422, 13.646, 13.918, 14.446, 14.774, 15.046, 15.382, 15.686, 16.014, 16.342, 16.694, 17.078, 17.438, 17.79, 18.11, 18.446, 18.814, 19.174, 19.534, 19.87, 20.246, 20.606, 20.95, 21.302, 21.67, 22.006, 22.318, 22.606, 22.918, 23.246, 23.558, 23.91, 24.478, 24.846, 25.19, 25.534, 25.878, 26.222, 26.606, 27.006, 27.422, 27.646, 28.03, 28.374, 28.702, 29.022, 29.358, 29.694, 30.03, 30.51, 30.862, 31.07, 31.589, 31.886, 32.23, 32.55, 32.854, 33.086, 33.718, 34.029, 34.366, 34.662, 34.981, 35.286, 35.734, 36.125, 36.47, 36.79, 37.222, 37.47, 37.869, 38.174, 38.725, 39.046, 39.326, 39.662, 39.998, 40.318, 40.614, 40.902, 41.141, 41.47, 41.75, 41.989, 42.198, 42.534, 42.83, 43.181, 43.51, 43.845, 44.222, 44.534, 44.846, 45.173, 45.493, 45.949, 46.254, 46.566, 47.061, 47.389, 47.717, 47.957, 48.405, 48.645, 48.965, 49.389, 49.702, 49.989, 50.445, 50.725, 51.014, 51.221, 51.453, 51.813, 52.157, 52.485, 52.813, 53.15, 53.469, 53.789, 54.11, 54.453, 54.693, 55.021, 55.429, 55.741, 56.077, 56.413, 56.661, 56.997, 57.237, 57.55, 57.766, 58.077, 58.397, 58.693, 58.998, 59.365, 59.982, 60.285, 60.589, 60.997, 61.334, 61.829, 62.229, 62.55, 62.917, 63.246, 63.621, 63.957, 64.341, 64.645, 64.869, 65.197, 65.501, 65.918, 66.413, 66.957, 67.494, 67.813, 68.205, 68.893, 69.437, 69.781, 70.141, 70.365, 71.349, 71.733, 72.077, 72.285, 72.653, 72.997, 73.341, 74.197, 74.525, 74.845, 75.165, 75.461, 75.781, 76.117, 76.445, 76.725, 77.045, 77.357, 77.653, 77.989, 78.229, 78.557, 78.789, 79.109, 79.461, 79.813, 80.181, 80.502, 80.741, 81.061, 81.413, 81.757, 82.117, 82.477, 82.821, 83.149, 83.525, 84.245, 84.589, 84.957, 85.301, 85.629, 86.197, 86.701, 87.061, 87.381, 87.861, 88.213, 88.533, 88.853, 89.197, 89.549, 89.925, 90.285, 90.605, 90.957, 91.269, 91.541, 91.885, 92.381, 92.637, 92.845, 93.205, 93.437, 93.773, 94.101, 94.413, 94.973, 95.181, 95.501, 95.877, 96.229, 96.445, 96.885, 97.093, 97.469, 97.789, 98.165, 98.685, 99.021, 99.333, 99.645, 99.965, 100.325, 100.645, 100.949, 101.285, 102.125, 102.533, 102.789, 103.165, 103.549, 103.925, 104.653, 105.061, 105.429, 105.861, 106.277, 106.493, 106.893, 107.101, 107.389, 107.797, 108.173, 108.549, 108.957, 109.333, 109.717, 110.149, 110.397, 111.061, 111.429, 111.893, 112.277, 112.645, 113.021, 113.517, 113.909, 114.285, 114.661, 115.029, 115.389, 115.733, 116.093, 116.541, 117.061, 117.557, 117.901, 118.301, 118.693, 118.901, 119.317, 119.684, 120.044, 120.404, 120.765, 121.125, 121.573, 121.892, 122.301, 122.645, 122.989, 123.333, 123.885, 124.285, 124.572, 124.964, 125.324, 125.533, 125.917, 126.277, 126.613, 126.972, 127.301, 127.621, 127.925, 128.501, 128.868, 129.204, 129.541, 129.885, 130.229, 130.724, 131.236, 131.572, 131.932, 132.284, 132.66, 132.997, 133.34, 133.692, 134.02, 134.388, 134.605, 134.94, 135.181, 135.501, 135.836, 136.188, 136.517, 136.836, 137.156, 137.469, 137.708, 138.053, 138.532, 139.061, 139.412, 139.74, 140.132, 140.444, 140.725, 141.013, 141.373, 141.684, 142.044, 142.412, 142.78, 143.148, 143.508, 143.868, 144.26, 144.604, 145.052, 145.388, 145.717, 146.06, 146.388, 146.732, 147.092, 147.332, 149.036, 149.276, 149.66, 150.076, 150.356, 150.788, 151.132, 151.508, 151.884, 152.116, 152.34, 152.764, 153.132, 153.517, 153.852, 154.172, 154.517, 154.796, 155.132, 155.428, 155.676, 155.996, 156.324, 156.636, 157.908, 158.22, 158.548, 158.876, 159.172, 159.508, 159.836, 160.188, 160.524, 161.044, 161.412, 161.764, 162.188, 162.54, 162.868, 163.076, 163.468, 163.796, 164.132, 164.452, 164.796, 165.18, 165.572, 166.38, 166.716, 167.092, 167.428, 168.508, 168.836, 169.164, 169.508, 169.86, 170.196, 170.532, 170.892, 171.228, 171.532, 171.884, 172.252, 172.46, 172.837, 173.172, 173.508, 173.82, 174.156, 174.468, 174.788, 175.148, 175.452, 175.804, 176.148, 176.492, 176.876, 177.228, 177.58, 178.348, 178.716, 179.092, 179.46, 179.836, 180.052, 180.444, 180.964, 181.172, 181.588, 183.052, 183.436, 183.78, 184.012, 184.348, 184.556, 184.764, 185.772, 186.092, 186.788, 187.156, 187.532, 187.924, 188.284, 188.652, 189.228, 189.572, 189.932, 190.5, 190.868, 191.228, 191.86, 192.236, 192.564, 193.236, 193.62, 193.972, 194.348, 194.708, 195.18, 195.524, 195.86, 196.196, 196.532, 196.844, 197.18, 197.492, 198.7, 198.908, 199.172, 199.508, 199.916, 200.22, 200.731, 201.108, 201.484, 201.844, 202.212, 202.596, 202.956, 203.284, 203.636, 204.012, 204.371, 204.716, 205.06, 205.388, 205.732, 206.052, 206.372, 206.724, 207.42, 207.779, 208.1, 208.467, 208.852, 209.204, 209.548, 209.875, 210.204, 210.627, 210.947, 211.403, 211.763, 212.179, 212.5, 212.795, 213.084, 213.387, 213.795, 214.108, 214.332, 214.731, 215.075, 215.411, 215.635, 215.947, 216.219, 217.539, 217.875, 218.227, 218.563, 218.9, 219.3, 219.508, 219.723, 220.067, 220.42, 220.843, 221.195, 221.523, 221.883, 222.211, 222.547, 222.883, 223.244, 223.603, 223.955, 224.275, 224.516, 224.843, 225.196, 225.467, 225.803, 226.291, 226.587, 226.995, 227.3, 227.683, 227.931, 228.252, 228.588, 228.947, 229.299, 229.635, 229.971, 230.3, 230.635, 230.963, 231.291, 231.62, 231.971, 232.483, 232.723, 233.083, 233.451, 233.755, 234.107, 234.651, 234.884, 235.123, 235.428, 235.675, 236.051, 236.395, 236.763, 237.059, 237.275, 237.571, 237.931, 238.403, 238.651, 239.004, 239.675, 240.044, 240.419, 240.827, 241.203, 241.579, 241.915, 242.243, 242.587, 242.955, 243.523, 243.835, 244.187, 244.491, 244.843, 245.179, 245.523, 245.851, 246.132, 246.443, 246.779, 247.107, 247.435, 247.827, 248.155, 248.459, 248.796, 249.059, 249.339, 249.667, 249.971, 250.275, 250.683, 250.995, 251.379, 251.699, 252.107, 252.427, 252.964, 253.323, 253.667, 254.003, 254.299, 254.787, 255.131, 255.443, 255.763, 256.099, 256.435, 256.787, 257.083, 257.603, 257.939, 258.259, 258.667, 259.019, 259.323, 259.651, 259.987, 260.283, 260.644, 260.979, 261.323, 261.683, 261.987, 262.347, 262.683, 263.043, 263.259, 263.547, 264.275, 264.652, 265.044, 265.299, 265.659, 265.995, 266.339, 266.667, 267.067, 267.283, 267.627, 267.987, 268.355, 268.811, 269.203, 269.475, 269.835, 270.155, 270.586, 271.299, 271.651, 272.011, 272.339, 272.659, 273.003, 273.427, 273.795, 274.147, 274.507, 274.843, 275.195, 275.515, 275.827, 276.163, 276.507, 276.875, 277.683, 278.043, 278.363, 278.739, 279.075, 279.443, 279.795, 280.122, 280.611, 280.995, 281.323, 281.627, 281.915, 282.259, 282.499, 282.787, 283.123, 283.491, 283.819, 284.427, 284.707, 285.115, 285.427, 285.939, 286.266, 286.603, 287.099, 287.451, 287.842, 288.211, 288.522, 290.179, 290.555, 290.963, 291.323, 291.634, 292.034, 292.331, 292.667, 293.002, 293.29, 293.651, 293.995, 294.339, 294.739, 295.099, 295.459, 295.81, 296.147, 296.499, 296.866, 297.251, 297.635, 298.018, 298.339, 298.691, 298.986, 299.347, 299.659, 299.979, 300.387, 300.747, 300.963, 301.363, 301.739, 302.074, 302.45, 302.666, 303.018, 303.394, 303.738, 304.075, 304.419, 304.634, 304.922, 305.242, 306.05, 306.267, 306.602, 306.922, 307.299, 307.627, 308.034, 308.354, 308.89, 309.242, 309.707, 310.066, 310.45, 311.178, 311.41, 311.73, 312.082, 312.834, 313.186, 313.546, 313.962, 314.33, 314.562, 314.85, 315.258, 315.602, 315.946, 316.314, 316.65, 316.97, 317.315, 317.866, 318.218, 318.498, 319.018, 319.562, 319.962, 320.299, 320.706, 321.034, 321.363, 321.578, 321.915, 322.33, 322.698, 323.042, 323.37, 323.77, 324.234, 324.586, 324.938, 325.274, 325.714, 326.058, 326.41, 326.747, 326.986, 327.338, 327.666, 328.018, 328.346, 328.674, 329.21, 329.546, 329.954, 330.282, 330.65, 330.994, 331.411, 331.786, 332.106, 332.323, 332.562, 332.922, 333.25, 333.482, 333.835, 334.315, 334.674, 335.051, 335.37, 335.682, 336.019, 336.666, 337.026, 337.37, 337.762, 338.098, 338.675, 339.002, 339.306, 339.619, 339.874, 340.234, 340.73, 340.97, 341.322, 341.842, 342.194, 342.538, 342.986, 343.33, 343.682, 344.018, 344.61, 344.826, 345.282, 345.738, 346.058, 347.378, 347.77, 348.09, 348.57, 348.922, 349.522, 349.81, 350.402, 350.698, 351.434, 351.746, 352.25, 352.538, 353.018, 353.314, 353.826, 354.13, 354.562, 354.818, 355.442, 355.762, 356.178, 356.458, 357.474, 357.77, 358.074, 358.458, 358.874, 359.154, 359.474, 359.778]"
mmgp9zmmm2qlbz,55,24004,24.004,0.7173913043478262,0.35,,,
mmgp9zmmm2qlbz,101,43000,43.0,0.8448275862068966,0.55,,,
mmgp9zmmm2qlbz,129,56335,56.335,0.8888888888888888,0.3,,,
mmgp9zmmm2qlbz,160,67771,67.771,0.8717948717948718,0.25,,,
mmgp9zmmm2qlbz,183,76366,76.366,0.8666666666666667,0.55,,,
mmgp9zmmm2qlbz,213,85925,85.925,0.8787878787878788,0.75,,,
mmgp9zmmm2qlbz,244,94398,94.398,0.7916666666666666,0.7,,,
mmgp9zmmm2qlbz,311,119867,119.867,0.9428571428571428,0.45,,,
mmgp9zmmm2qlbz,403,153394,153.394,0.9,0.6,,,
mmgp9zmmm2qlbz,448,169659,169.659,0.9230769230769231,0.9,,,
mmgp9zmmm2qlbz,482,183245,183.245,0.8571428571428572,0.3,,,
mmgp9zmmm2qlbz,534,200616,200.616,0.9272727272727272,0.55,,,
mmgp9zmmm2qlbz,578,213794,213.794,0.8275862068965517,0.5,,,
mmgp9zmmm2qlbz,638,233668,233.668,0.9230769230769231,0.25,,,
mmgp9zmmm2qlbz,663,241393,241.393,0.6551724137931034,0.4,,,
mmgp9zmmm2qlbz,690,250608,250.608,0.8888888888888888,0.25,,,
mmgp9zmmm2qlbz,730,262774,262.774,0.7727272727272727,0.25,,,
mmgp9zmmm2qlbz,755,271551,271.551,0.6071428571428572,0.45,,,
mmgp9zmmm2qlbz,779,278607,278.607,0.8823529411764706,0.6,,,
mmgp9zmmm2qlbz,889,311328,311.328,0.7017543859649122,0.4,,,
mmgp9zmmm2qlbz,916,319639,319.639,0.5673758865248226,0.4,,,
mmgp9zmmm2qlbz,958,332568,332.568,0.9313725490196079,0.3,,,
mmgp9zmmm2qlbz,-1,0,0.0,0.0,0.0,"[0.0, 0.9999999999999999, 0.9999999999999999, 1.0, 0.0, 0.0, 0.0, 0.0, 0.0, 0.0, 0.0, 0.0, 0.0, 0.5384615384615384, 0.0, 0.0, 0.0, 0.0, 0.0, 0.0, 0.0, 0.0, 0.0, 0.0, 0.0, 0.0, 0.0, 0.0, 0.0, 0.0, 0.0, 0.0, 0.0, 0.0, 0.0, 0.0, 0.0, 0.0, 0.0, 0.0, 0.0, 0.0, 0.0, 0.0, 0.0, 0.0, 0.0, 0.0, 0.0, 0.0, 0.0, 0.0, 0.0, 0.0, 0.0, 0.7173913043478262, 0.0, 0.0, 0.0, 0.0, 0.0, 0.0, 0.0, 0.0, 0.0, 0.0, 0.0, 0.0, 0.0, 0.0, 0.0, 0.0, 0.0, 0.0, 0.0, 0.0, 0.0, 0.0, 0.0, 0.0, 0.0, 0.0, 0.0, 0.0, 0.0, 0.0, 0.0, 0.0, 0.0, 0.0, 0.0, 0.0, 0.0, 0.0, 0.0, 0.0, 0.0, 0.0, 0.0, 0.0, 0.0, 0.8448275862068966, 0.0, 0.0, 0.0, 0.0, 0.0, 0.0, 0.0, 0.0, 0.0, 0.0, 0.0, 0.0, 0.0, 0.0, 0.0, 0.0, 0.0, 0.0, 0.0, 0.0, 0.0, 0.0, 0.0, 0.0, 0.0, 0.0, 0.0, 0.8888888888888888, 0.0, 0.0, 0.0, 0.0, 0.0, 0.0, 0.0, 0.0, 0.0, 0.0, 0.0, 0.0, 0.0, 0.0, 0.0, 0.0, 0.0, 0.0, 0.0, 0.0, 0.0, 0.0, 0.0, 0.0, 0.0, 0.0, 0.0, 0.0, 0.0, 0.0, 0.8717948717948718, 0.0, 0.0, 0.0, 0.0, 0.0, 0.0, 0.0, 0.0, 0.0, 0.0, 0.0, 0.0, 0.0, 0.0, 0.0, 0.0, 0.0, 0.0, 0.0, 0.0, 0.0, 0.0, 0.8666666666666667, 0.0, 0.0, 0.0, 0.0, 0.0, 0.0, 0.0, 0.0, 0.0, 0.0, 0.0, 0.0, 0.0, 0.0, 0.0, 0.0, 0.0, 0.0, 0.0, 0.0, 0.0, 0.0, 0.0, 0.0, 0.0, 0.0, 0.0, 0.0, 0.0, 0.8787878787878788, 0.0, 0.0, 0.0, 0.0, 0.0, 0.0, 0.0, 0.0, 0.0, 0.0, 0.0, 0.0, 0.0, 0.8297872340425532, 0.0, 0.0, 0.0, 0.0, 0.0, 0.0, 0.0, 0.0, 0.0, 0.0, 0.0, 0.0, 0.0, 0.0, 0.0, 0.0, 0.7916666666666666, 0.0, 0.0, 0.0, 0.0, 0.0, 0.0, 0.0, 0.0, 0.0, 0.0, 0.0, 0.0, 0.0, 0.0, 0.0, 0.0, 0.0, 0.0, 0.0, 0.0, 0.0, 0.0, 0.0, 0.0, 0.0, 0.0, 0.0, 0.0, 0.0, 0.0, 0.0, 0.0, 0.0, 0.0, 0.0, 0.0, 0.0, 0.0, 0.0, 0.0, 0.0, 0.0, 0.0, 0.0, 0.0, 0.0, 0.0, 0.0, 0.0, 0.0, 0.0, 0.0, 0.0, 0.9122807017543859, 0.0, 0.0, 0.0, 0.0, 0.0, 0.0, 0.0, 0.0, 0.0, 0.0, 0.0, 0.0, 0.9428571428571428, 0.0, 0.0, 0.0, 0.0, 0.0, 0.0, 0.0, 0.0, 0.0, 0.0, 0.0, 0.0, 0.0, 0.0, 0.0, 0.0, 0.6666666666666667, 0.0, 0.0, 0.0, 0.0, 0.0, 0.0, 0.0, 0.0, 0.0, 0.0, 0.0, 0.0, 0.0, 0.0, 0.0, 0.0, 0.0, 0.0, 0.0, 0.0, 0.0, 0.0, 0.0, 0.0, 0.0, 0.0, 0.0, 0.0, 0.0, 0.0, 0.0, 0.0, 0.0, 0.0, 0.0, 0.0, 0.0, 0.0, 0.0, 0.0, 0.0, 0.0, 0.0, 0.0, 0.0, 0.0, 0.0, 0.0, 0.0, 0.0, 0.0, 0.0, 0.0, 0.0, 0.0, 0.0, 0.0, 0.0, 0.0, 0.0, 0.0, 0.0, 0.0, 0.0, 0.0, 0.0, 0.0, 0.0, 0.0, 0.0, 0.0, 0.0, 0.0, 0.0, 0.9, 0.0, 0.0, 0.0, 0.0, 0.0, 0.0, 0.0, 0.0, 0.0, 0.0, 0.0, 0.0, 0.0, 0.0, 0.0, 0.0, 0.0, 0.0, 0.0, 0.0, 0.0, 0.0, 0.0, 0.0, 0.0, 0.0, 0.0, 0.0, 0.0, 0.0, 0.0, 0.0, 0.0, 0.0, 0.0, 0.0, 0.0, 0.0, 0.0, 0.0, 0.0, 0.0, 0.0, 0.0, 0.9230769230769231, 0.0, 0.0, 0.0, 0.0, 0.0, 0.0, 0.0, 0.0, 0.0, 0.0, 0.0, 0.0, 0.0, 0.0, 0.0, 0.0, 0.0, 0.0, 0.5882352941176471, 0.0, 0.0, 0.0, 0.0, 0.0, 0.0, 0.0, 0.0, 0.0, 0.0, 0.0, 0.0, 0.0, 0.0, 0.8571428571428572, 0.0, 0.0, 0.0, 0.0, 0.0, 0.0, 0.0, 0.0, 0.0, 0.0, 0.0, 0.0, 0.0, 0.0, 0.0, 0.0, 0.0, 0.0, 0.0, 0.0, 0.0, 0.0, 0.0, 0.0, 0.0, 0.0, 0.0, 0.0, 0.0, 0.0, 0.0, 0.0, 0.0, 0.0, 0.0, 0.0, 0.0, 0.0, 0.0, 0.0, 0.0, 0.7333333333333334, 0.0, 0.0, 0.0, 0.0, 0.0, 0.0, 0.0, 0.0, 0.0, 0.9272727272727272, 0.0, 0.0, 0.0, 0.0, 0.0, 0.0, 0.0, 0.0, 0.0, 0.0, 0.0, 0.0, 0.0, 0.0, 0.0, 0.0, 0.0, 0.0, 0.7727272727272727, 0.0, 0.0, 0.0, 0.0, 0.0, 0.0, 0.0, 0.0, 0.0, 0.0, 0.0, 0.0, 0.0, 0.0, 0.0, 0.0, 0.0, 0.0, 0.0, 0.0, 0.0, 0.0, 0.0, 0.0, 0.8275862068965517, 0.0, 0.0, 0.0, 0.0, 0.0, 0.0, 0.0, 0.0, 0.0, 0.0, 0.0, 0.0, 0.0, 0.0, 0.0, 0.0, 0.0, 0.0, 0.0, 0.0, 0.0, 0.0, 0.0, 0.0, 0.0, 0.0, 0.0, 0.0, 0.0, 0.0, 0.0, 0.0, 0.0, 0.0, 0.0, 0.0, 0.0, 0.0, 0.0, 0.0, 0.0, 0.0, 0.0, 0.0, 0.0, 0.0, 0.0, 0.0, 0.0, 0.0, 0.0, 0.0, 0.0, 0.0, 0.0, 0.0, 0.0, 0.0, 0.0, 0.9230769230769231, 0.0, 0.0, 0.0, 0.0, 0.0, 0.0, 0.0, 0.0, 0.0, 0.0, 0.0, 0.0, 0.0, 0.0, 0.0, 0.0, 0.0, 0.0, 0.0, 0.0, 0.0, 0.0, 0.0, 0.0, 0.6551724137931034, 0.0, 0.0, 0.0, 0.0, 0.0, 0.0, 0.0, 0.0, 0.0, 0.0, 0.0, 0.0, 0.0, 0.0, 0.0, 0.0, 0.0, 0.0, 0.0, 0.0, 0.0, 0.0, 0.0, 0.0, 0.0, 0.0, 0.8888888888888888, 0.0, 0.0, 0.0, 0.0, 0.0, 0.0, 0.0, 0.0, 0.0, 0.0, 0.0, 0.0, 0.0, 0.0, 0.0, 0.0, 0.0, 0.0, 0.0, 0.0, 0.0, 0.76, 0.0, 0.0, 0.0, 0.0, 0.0, 0.0, 0.0, 0.0, 0.0, 0.0, 0.0, 0.0, 0.0, 0.0, 0.0, 0.0, 0.0, 0.7727272727272727, 0.0, 0.0, 0.0, 0.0, 0.0, 0.0, 0.0, 0.0, 0.0, 0.0, 0.0, 0.0, 0.0, 0.0, 0.0, 0.0, 0.0, 0.0, 0.0, 0.0, 0.0, 0.0, 0.0, 0.0, 0.6071428571428572, 0.0, 0.0, 0.0, 0.0, 0.0, 0.0, 0.0, 0.0, 0.0, 0.0, 0.0, 0.0, 0.0, 0.0, 0.0, 0.0, 0.0, 0.0, 0.0, 0.0, 0.0, 0.0, 0.0, 0.8823529411764706, 0.0, 0.0, 0.0, 0.0, 0.0, 0.0, 0.0, 0.0, 0.0, 0.0, 0.0, 0.0, 0.0, 0.0, 0.0, 0.0, 0.0, 0.0, 0.0, 0.0, 0.0, 0.0, 0.0, 0.0, 0.0, 0.0, 0.0, 0.0, 0.0, 0.0, 0.0, 0.0, 0.0, 0.0, 0.0, 0.0, 0.0, 0.0, 0.0, 0.0, 0.0, 0.0, 0.0, 0.0, 0.0, 0.0, 0.0, 0.0, 0.0, 0.0, 0.0, 0.0, 0.0, 0.0, 0.0, 0.0, 0.0, 0.0, 0.0, 0.0, 0.0, 0.0, 0.0, 0.0, 0.0, 0.0, 0.0, 0.0, 0.0, 0.0, 0.0, 0.0, 0.0, 0.0, 0.0, 0.0, 0.0, 0.0, 0.0, 0.0, 0.0, 0.0, 0.0, 0.0, 0.0, 0.0, 0.0, 0.0, 0.0, 0.0, 0.0, 0.0, 0.0, 0.0, 0.0, 0.0, 0.0, 0.0, 0.0, 0.0, 0.0, 0.0, 0.0, 0.0, 0.0, 0.0, 0.0, 0.0, 0.0, 0.7017543859649122, 0.0, 0.0, 0.0, 0.0, 0.0, 0.0, 0.0, 0.0, 0.0, 0.0, 0.0, 0.0, 0.0, 0.0, 0.0, 0.0, 0.0, 0.0, 0.0, 0.0, 0.0, 0.0, 0.0, 0.0, 0.0, 0.0, 0.5673758865248226, 0.0, 0.0, 0.0, 0.0, 0.0, 0.0, 0.0, 0.0, 0.0, 0.0, 0.0, 0.0, 0.0, 0.0, 0.0, 0.0, 0.0, 0.0, 0.0, 0.0, 0.0, 0.0, 0.0, 0.0, 0.0, 0.0, 0.0, 0.0, 0.0, 0.0, 0.0, 0.0, 0.0, 0.0, 0.0, 0.0, 0.0, 0.0, 0.0, 0.0, 0.0, 0.9313725490196079, 0.0, 0.0, 0.0, 0.0, 0.0, 0.0, 0.0, 0.0, 0.0, 0.0, 0.0, 0.0, 0.0, 0.0, 0.0, 0.0, 0.0, 0.8333333333333334, 0.0, 0.0, 0.0, 0.0, 0.0, 0.0, 0.0, 0.0, 0.0, 0.0, 0.0, 0.0, 0.0, 0.0, 0.0, 0.0, 0.0, 0.0, 0.0, 0.0, 0.0, 0.0, 0.0, 0.0, 0.0, 0.0, 0.0, 0.0, 0.0, 0.0, 0.0, 0.0, 0.0, 0.0, 0.0, 0.0, 0.0, 0.0, 0.0, 0.0, 0.0, 0.0, 0.0, 0.0, 0.0, 0.0, 0.0, 0.0, 0.0, 0.0, 0.0, 0.0, 0.0, 0.0, 0.0, 0.0, 0.0]","[0.0, 0.0, 0.0, 0.0, 0.0, 0.1666666666666666, 0.1428571428571428, 0.25, 0.3333333333333333, 0.4, 0.4545454545454545, 0.5, 0.5384615384615384, 0.5714285714285714, 0.6, 0.5625, 0.5294117647058824, 0.5, 0.4736842105263157, 0.45, 0.45, 0.45, 0.5, 0.55, 0.6, 0.6, 0.65, 0.65, 0.65, 0.65, 0.65, 0.65, 0.65, 0.6, 0.55, 0.55, 0.55, 0.55, 0.55, 0.55, 0.55, 0.55, 0.5, 0.45, 0.45, 0.45, 0.45, 0.45, 0.45, 0.45, 0.45, 0.4, 0.35, 0.35, 0.35, 0.35, 0.35, 0.35, 0.35, 0.35, 0.35, 0.35, 0.35, 0.35, 0.35, 0.35, 0.35, 0.35, 0.35, 0.35, 0.35, 0.4, 0.4, 0.4, 0.4, 0.4, 0.4, 0.4, 0.4, 0.4, 0.4, 0.4, 0.4, 0.4, 0.4, 0.4, 0.4, 0.4, 0.4, 0.4, 0.4, 0.4, 0.45, 0.5, 0.5, 0.5, 0.5, 0.5, 0.5, 0.5, 0.5, 0.55, 0.6, 0.65, 0.6, 0.6, 0.6, 0.6, 0.6, 0.6, 0.55, 0.55, 0.55, 0.5, 0.5, 0.5, 0.5, 0.5, 0.5, 0.5, 0.5, 0.45, 0.45, 0.45, 0.5, 0.45, 0.4, 0.35, 0.35, 0.3, 0.35, 0.35, 0.3, 0.35, 0.4, 0.4, 0.45, 0.5, 0.5, 0.55, 0.55, 0.55, 0.55, 0.55, 0.5, 0.55, 0.55, 0.55, 0.5, 0.5, 0.5, 0.45, 0.45, 0.4, 0.4, 0.4, 0.35, 0.3, 0.3, 0.25, 0.25, 0.25, 0.2, 0.2, 0.25, 0.25, 0.3, 0.35, 0.35, 0.4, 0.35, 0.35, 0.35, 0.35, 0.3, 0.3, 0.3, 0.3, 0.35, 0.4, 0.45, 0.5, 0.55, 0.55, 0.55, 0.55, 0.55, 0.5, 0.5, 0.45, 0.45, 0.45, 0.45, 0.45, 0.45, 0.5, 0.5, 0.55, 0.55, 0.55, 0.55, 0.55, 0.5, 0.45, 0.4, 0.4, 0.4, 0.45, 0.5, 0.55, 0.6, 0.65, 0.7, 0.75, 0.75, 0.7, 0.7, 0.65, 0.6, 0.55, 0.5, 0.45, 0.45, 0.45, 0.45, 0.4, 0.35, 0.3, 0.25, 0.25, 0.25, 0.25, 0.25, 0.25, 0.3, 0.3, 0.35, 0.35, 0.4, 0.45, 0.5, 0.55, 0.6, 0.65, 0.7, 0.75, 0.8, 0.8, 0.8, 0.75, 0.7, 0.65, 0.65, 0.65, 0.65, 0.65, 0.6, 0.65, 0.65, 0.65, 0.65, 0.65, 0.65, 0.65, 0.6, 0.6, 0.6, 0.65, 0.7, 0.7, 0.75, 0.8, 0.75, 0.7, 0.65, 0.65, 0.65, 0.65, 0.65, 0.65, 0.65, 0.65, 0.65, 0.65, 0.65, 0.6, 0.6, 0.6, 0.6, 0.65, 0.65, 0.65, 0.7, 0.75, 0.8, 0.85, 0.85, 0.85, 0.85, 0.85, 0.8, 0.75, 0.7, 0.65, 0.65, 0.7, 0.65, 0.6, 0.55, 0.5, 0.45, 0.45, 0.45, 0.45, 0.45, 0.45, 0.5, 0.5, 0.5, 0.5, 0.5, 0.55, 0.6, 0.65, 0.7, 0.7, 0.7, 0.75, 0.8, 0.8, 0.8, 0.75, 0.7, 0.7, 0.7, 0.7, 0.7, 0.7, 0.7, 0.7, 0.75, 0.75, 0.75, 0.75, 0.75, 0.7, 0.7, 0.7, 0.7, 0.75, 0.8, 0.8, 0.85, 0.85, 0.85, 0.85, 0.85, 0.85, 0.8, 0.75, 0.75, 0.75, 0.75, 0.7, 0.7, 0.7, 0.7, 0.65, 0.65, 0.65, 0.65, 0.7, 0.7, 0.7, 0.7, 0.7, 0.7, 0.7, 0.75, 0.8, 0.8, 0.8, 0.8, 0.8, 0.75, 0.75, 0.8, 0.85, 0.85, 0.85, 0.8, 0.8, 0.8, 0.8, 0.75, 0.7, 0.65, 0.6, 0.6, 0.6, 0.6, 0.6, 0.6, 0.6, 0.6, 0.65, 0.65, 0.65, 0.65, 0.6, 0.6, 0.55, 0.5, 0.45, 0.5, 0.55, 0.6, 0.65, 0.65, 0.65, 0.65, 0.65, 0.6, 0.65, 0.65, 0.6, 0.55, 0.5, 0.45, 0.5, 0.55, 0.6, 0.65, 0.7, 0.7, 0.7, 0.7, 0.7, 0.7, 0.7, 0.65, 0.65, 0.7, 0.7, 0.7, 0.75, 0.8, 0.85, 0.9, 0.9, 0.85, 0.8, 0.75, 0.7, 0.65, 0.6, 0.55, 0.55, 0.55, 0.55, 0.6, 0.6, 0.6, 0.6, 0.65, 0.65, 0.6, 0.55, 0.5, 0.5, 0.55, 0.6, 0.6, 0.6, 0.6, 0.6, 0.6, 0.55, 0.5, 0.45, 0.4, 0.35, 0.3, 0.25, 0.2, 0.2, 0.25, 0.3, 0.35, 0.35, 0.35, 0.3, 0.3, 0.35, 0.4, 0.4, 0.4, 0.4, 0.4, 0.4, 0.4, 0.4, 0.4, 0.45, 0.5, 0.5, 0.5, 0.45, 0.4, 0.35, 0.3, 0.3, 0.3, 0.25, 0.2, 0.2, 0.2, 0.2, 0.2, 0.2, 0.2, 0.2, 0.2, 0.15, 0.15, 0.15, 0.15, 0.2, 0.25, 0.3, 0.35, 0.4, 0.45, 0.5, 0.55, 0.6, 0.6, 0.6, 0.6, 0.6, 0.6, 0.6, 0.6, 0.6, 0.55, 0.5, 0.45, 0.45, 0.45, 0.4, 0.35, 0.3, 0.25, 0.2, 0.15, 0.1, 0.1, 0.1, 0.1, 0.1, 0.1, 0.1, 0.15, 0.2, 0.25, 0.3, 0.35, 0.35, 0.3, 0.3, 0.3, 0.3, 0.3, 0.35, 0.4, 0.45, 0.5, 0.5, 0.5, 0.5, 0.5, 0.55, 0.5, 0.5, 0.5, 0.5, 0.5, 0.45, 0.45, 0.45, 0.45, 0.45, 0.45, 0.4, 0.35, 0.3, 0.25, 0.3, 0.35, 0.4, 0.45, 0.45, 0.5, 0.5, 0.5, 0.45, 0.4, 0.4, 0.4, 0.4, 0.4, 0.45, 0.5, 0.5, 0.55, 0.6, 0.6, 0.6, 0.55, 0.55, 0.55, 0.55, 0.55, 0.5, 0.5, 0.5, 0.5, 0.5, 0.5, 0.5, 0.5, 0.45, 0.4, 0.4, 0.35, 0.3, 0.3, 0.25, 0.25, 0.2, 0.15, 0.1, 0.05, 0.05, 0.0, 0.0, 0.0, 0.05, 0.1, 0.15, 0.15, 0.2, 0.2, 0.25, 0.3, 0.3, 0.35, 0.35, 0.35, 0.35, 0.35, 0.4, 0.4, 0.4, 0.45, 0.5, 0.5, 0.5, 0.5, 0.5, 0.5, 0.45, 0.45, 0.45, 0.45, 0.45, 0.45, 0.45, 0.45, 0.5, 0.5, 0.45, 0.45, 0.45, 0.4, 0.35, 0.35, 0.3, 0.25, 0.2, 0.25, 0.25, 0.25, 0.2, 0.15, 0.15, 0.1, 0.1, 0.1, 0.05, 0.1, 0.1, 0.15, 0.2, 0.2, 0.25, 0.3, 0.35, 0.4, 0.45, 0.4, 0.45, 0.5, 0.55, 0.6, 0.65, 0.65, 0.65, 0.65, 0.65, 0.6, 0.6, 0.55, 0.5, 0.5, 0.45, 0.4, 0.35, 0.3, 0.25, 0.25, 0.2, 0.15, 0.1, 0.05, 0.0, 0.0, 0.0, 0.05, 0.1, 0.15, 0.2, 0.25, 0.25, 0.25, 0.3, 0.3, 0.3, 0.3, 0.3, 0.35, 0.4, 0.45, 0.45, 0.45, 0.45, 0.45, 0.45, 0.4, 0.35, 0.35, 0.35, 0.35, 0.35, 0.35, 0.3, 0.35, 0.4, 0.45, 0.5, 0.45, 0.4, 0.35, 0.35, 0.4, 0.45, 0.5, 0.55, 0.6, 0.6, 0.55, 0.5, 0.45, 0.5, 0.55, 0.6, 0.55, 0.5, 0.45, 0.4, 0.45, 0.5, 0.55, 0.6, 0.6, 0.55, 0.5, 0.45, 0.4, 0.4, 0.45, 0.5, 0.55, 0.5, 0.45, 0.4, 0.45, 0.5, 0.55, 0.6, 0.55, 0.5, 0.45, 0.4, 0.4, 0.45, 0.5, 0.5, 0.5, 0.5, 0.5, 0.5, 0.5, 0.5, 0.5, 0.5, 0.45, 0.45, 0.45, 0.45, 0.5, 0.5, 0.5, 0.5, 0.5, 0.5, 0.5, 0.55, 0.55, 0.55, 0.5, 0.45, 0.45, 0.5, 0.55, 0.55, 0.55, 0.5, 0.5, 0.5, 0.45, 0.45, 0.45, 0.5, 0.5, 0.5, 0.45, 0.4, 0.4, 0.4, 0.4, 0.45, 0.45, 0.45, 0.4, 0.4, 0.45, 0.5, 0.45, 0.4, 0.4, 0.45, 0.5, 0.45, 0.4, 0.4, 0.4, 0.4, 0.45, 0.5, 0.5, 0.45, 0.4, 0.35, 0.4, 0.45, 0.4, 0.35, 0.35, 0.4, 0.45, 0.45, 0.4, 0.4, 0.45, 0.45, 0.5, 0.5, 0.45, 0.4, 0.4, 0.45, 0.5, 0.5, 0.45, 0.4, 0.45, 0.5, 0.5, 0.45, 0.45, 0.45, 0.45, 0.5, 0.5, 0.45, 0.4, 0.4, 0.4, 0.4, 0.4, 0.35, 0.35, 0.4, 0.45, 0.45, 0.4, 0.35, 0.4, 0.4, 0.4, 0.35, 0.4, 0.35, 0.35, 0.35, 0.35, 0.4, 0.45, 0.5, 0.5, 0.5, 0.45, 0.45, 0.45, 0.45, 0.45, 0.5, 0.45, 0.45, 0.4, 0.4, 0.35, 0.35, 0.3, 0.3, 0.3, 0.3, 0.3, 0.25, 0.25, 0.25, 0.3, 0.25, 0.25, 0.25, 0.25, 0.25, 0.3, 0.35, 0.35, 0.4, 0.4, 0.45, 0.5, 0.55, 0.55, 0.55, 0.55, 0.55, 0.6, 0.6, 0.6, 0.65, 0.6, 0.65, 0.65, 0.65, 0.6, 0.6, 0.6, 0.6, 0.65, 0.6, 0.6, 0.55, 0.6, 0.55, 0.55, 0.6, 0.55, 0.6, 0.55, 0.55, 0.55, 0.5, 0.55, 0.55, 0.55, 0.55, 0.6, 0.6, 0.55, 0.55, 0.5, 0.5, 0.5, 0.55, 0.55, 0.55, 0.55, 0.5, 0.5, 0.45, 0.5, 0.55, 0.55, 0.5, 0.5, 0.45, 0.4, 0.4, 0.45, 0.45]","[1.235, 1.685, 1.977, 2.414, 2.856, 3.573, 4.182, 4.606, 5.015, 5.44, 5.664, 5.896, 6.129, 6.35, 6.58, 7.336, 7.86, 8.288, 8.561, 8.812, 9.043, 9.262, 9.818, 10.662, 11.199, 11.56, 11.909, 12.208, 12.641, 13.066, 13.312, 13.582, 13.839, 14.294, 14.64, 14.892, 15.691, 16.607, 17.201, 17.504, 17.778, 18.043, 18.304, 18.612, 19.118, 19.644, 20.01, 20.258, 20.555, 20.903, 21.226, 21.643, 21.925, 22.868, 23.717, 24.004, 24.604, 25.089, 25.545, 26.244, 26.531, 26.861, 27.176, 27.417, 27.877, 28.293, 28.565, 28.852, 29.176, 29.43, 29.732, 29.982, 30.497, 30.794, 31.064, 31.345, 32.387, 32.828, 33.464, 34.07, 34.72, 35.012, 35.387, 35.71, 36.285, 36.862, 37.139, 37.593, 37.867, 38.305, 38.649, 38.9, 39.151, 39.446, 39.816, 40.431, 40.74, 41.131, 41.57, 41.939, 42.214, 43.0, 43.348, 43.91, 44.603, 45.236, 45.661, 46.009, 46.297, 47.076, 47.863, 48.451, 48.91, 49.496, 50.478, 50.846, 51.229, 51.505, 51.79, 52.112, 52.43, 52.727, 53.106, 53.327, 53.676, 54.225, 54.919, 55.484, 55.904, 56.335, 56.734, 57.022, 57.35, 57.837, 58.083, 58.58, 58.966, 59.39, 59.98, 60.365, 60.706, 61.138, 61.544, 61.914, 62.388, 62.744, 63.078, 63.295, 63.514, 63.736, 64.142, 64.581, 64.91, 65.309, 65.88, 66.247, 66.511, 66.738, 66.975, 67.376, 67.771, 68.173, 68.555, 68.906, 69.112, 69.523, 69.941, 70.342, 71.019, 71.357, 71.653, 71.87, 72.092, 72.322, 72.54, 72.977, 73.19, 73.633, 73.934, 74.699, 75.122, 75.733, 75.951, 76.366, 76.581, 76.816, 77.039, 77.566, 77.795, 78.018, 78.242, 78.482, 78.735, 78.949, 79.161, 79.566, 79.904, 80.258, 80.566, 80.776, 80.998, 81.425, 82.101, 82.363, 82.759, 83.459, 83.675, 83.897, 84.33, 84.564, 85.006, 85.458, 85.692, 85.925, 86.409, 86.622, 86.84, 87.058, 87.274, 87.486, 87.707, 88.13, 88.351, 88.571, 88.812, 89.035, 89.261, 89.485, 89.706, 90.078, 90.303, 90.518, 90.744, 90.973, 91.191, 91.517, 92.099, 92.674, 93.002, 93.223, 93.447, 93.697, 93.922, 94.174, 94.398, 94.623, 94.852, 95.263, 95.512, 95.972, 96.2, 96.42, 97.105, 97.361, 97.585, 98.178, 98.428, 99.068, 99.282, 99.501, 99.727, 99.948, 100.169, 100.392, 100.863, 101.209, 101.907, 102.328, 102.642, 103.166, 103.774, 104.853, 105.625, 106.112, 106.337, 107.161, 107.472, 107.924, 108.21, 108.449, 108.686, 108.919, 109.152, 109.382, 109.892, 110.215, 110.667, 110.951, 111.189, 111.439, 111.707, 112.365, 112.811, 113.296, 113.585, 113.839, 114.652, 115.232, 115.455, 115.876, 116.25, 116.513, 116.759, 116.986, 117.226, 117.826, 118.198, 118.598, 118.865, 119.108, 119.365, 119.867, 120.113, 120.362, 120.596, 120.942, 121.19, 121.431, 121.66, 121.885, 122.404, 122.878, 123.174, 123.58, 123.821, 124.174, 124.979, 125.438, 125.669, 126.306, 126.57, 126.804, 127.075, 127.608, 127.939, 128.206, 128.432, 128.684, 128.924, 129.181, 129.39, 129.618, 129.873, 130.098, 130.337, 130.747, 131.151, 131.49, 131.754, 132.002, 132.249, 132.628, 133.103, 133.596, 133.986, 134.502, 134.911, 135.346, 135.695, 136.224, 136.911, 137.209, 137.79, 138.491, 139.007, 139.598, 139.995, 140.274, 140.656, 141.371, 141.705, 142.078, 142.403, 142.752, 143.038, 143.284, 143.652, 144.139, 144.41, 144.771, 145.068, 145.357, 145.604, 146.171, 146.44, 146.681, 147.373, 147.838, 148.115, 148.763, 149.18, 149.504, 149.73, 150.146, 150.479, 150.912, 151.152, 151.42, 151.729, 152.164, 152.433, 152.658, 152.891, 153.394, 153.685, 154.081, 154.328, 154.542, 154.796, 155.198, 155.443, 155.664, 155.897, 156.122, 156.573, 156.796, 157.009, 157.455, 157.745, 158.085, 158.308, 159.041, 159.471, 160.041, 160.57, 160.81, 161.052, 161.319, 161.62, 162.018, 162.283, 162.517, 162.749, 163.122, 163.442, 163.726, 164.173, 164.614, 165.084, 165.451, 165.947, 166.447, 166.961, 167.813, 168.428, 168.743, 169.011, 169.421, 169.659, 169.899, 170.502, 170.744, 171.182, 171.417, 171.652, 171.875, 172.282, 172.548, 172.771, 172.989, 173.441, 173.665, 173.907, 174.158, 174.579, 174.993, 175.355, 175.636, 175.876, 176.405, 176.611, 176.854, 177.69, 178.107, 181.083, 181.299, 181.521, 181.752, 181.972, 182.372, 182.814, 183.031, 183.245, 183.637, 183.846, 184.237, 184.451, 184.665, 184.947, 185.185, 185.43, 185.795, 186.085, 186.476, 186.868, 187.193, 187.411, 188.409, 188.644, 188.881, 189.192, 189.432, 189.769, 190.128, 190.389, 190.626, 190.862, 191.575, 191.806, 192.056, 192.355, 192.628, 193.061, 193.36, 193.624, 193.875, 194.12, 194.379, 194.626, 194.888, 195.14, 195.368, 195.652, 195.893, 196.492, 198.204, 198.486, 198.735, 198.986, 199.234, 199.653, 199.889, 200.152, 200.373, 200.616, 200.897, 201.305, 201.557, 201.806, 202.171, 202.39, 202.664, 202.895, 203.302, 203.532, 203.754, 204.011, 204.479, 204.748, 205.03, 205.448, 205.664, 206.069, 206.282, 206.494, 206.725, 206.948, 207.158, 207.376, 207.624, 208.023, 208.247, 208.893, 209.341, 209.574, 209.79, 210.04, 210.456, 211.004, 211.275, 211.57, 211.843, 212.086, 212.478, 212.718, 212.971, 213.257, 213.578, 213.794, 214.017, 214.55, 215.088, 215.461, 215.889, 216.123, 216.659, 216.888, 217.201, 217.623, 217.85, 218.075, 218.487, 218.733, 218.999, 219.301, 219.551, 219.767, 220.215, 220.633, 220.867, 221.082, 221.316, 221.562, 221.965, 222.214, 222.504, 222.746, 222.977, 223.199, 223.463, 223.877, 224.227, 224.483, 224.91, 225.297, 225.696, 226.045, 226.609, 227.216, 227.854, 228.078, 228.488, 228.725, 228.992, 229.297, 229.795, 230.038, 230.678, 230.936, 231.176, 231.405, 231.635, 231.976, 232.236, 232.662, 232.944, 233.159, 233.401, 233.668, 233.917, 234.143, 234.435, 234.69, 234.921, 235.233, 235.476, 235.732, 236.032, 236.264, 236.674, 237.08, 237.378, 237.647, 237.904, 238.132, 238.379, 238.912, 239.381, 239.637, 239.854, 240.279, 240.578, 241.096, 241.393, 241.685, 241.912, 242.178, 242.527, 243.159, 243.733, 244.33, 244.714, 244.928, 245.333, 245.578, 245.973, 246.57, 246.888, 247.114, 247.636, 248.068, 248.29, 248.54, 248.811, 249.043, 249.302, 249.536, 249.792, 250.1, 250.32, 250.608, 251.273, 251.521, 251.749, 251.984, 252.271, 252.709, 252.965, 253.4, 253.631, 254.158, 254.719, 255.0, 255.234, 255.755, 256.086, 256.316, 256.539, 256.766, 257.002, 257.296, 257.652, 257.87, 258.28, 258.511, 258.861, 259.161, 259.548, 259.951, 260.21, 260.444, 260.678, 260.914, 261.151, 261.379, 261.607, 261.838, 262.068, 262.306, 262.544, 262.774, 262.994, 263.225, 263.66, 263.892, 264.512, 264.939, 265.177, 265.601, 265.993, 266.378, 266.602, 267.019, 267.256, 267.485, 267.852, 268.574, 268.79, 269.002, 269.234, 269.535, 269.784, 270.203, 270.764, 271.172, 271.551, 271.95, 272.167, 272.406, 272.634, 273.124, 273.343, 273.765, 274.035, 274.263, 274.476, 274.93, 275.161, 275.383, 275.596, 275.828, 276.262, 276.478, 276.694, 277.052, 277.286, 277.496, 277.942, 278.191, 278.607, 279.127, 279.356, 279.591, 279.996, 280.227, 280.439, 280.871, 281.108, 281.321, 281.542, 282.038, 282.264, 282.49, 282.701, 282.957, 283.212, 283.435, 283.657, 283.908, 284.144, 284.473, 284.704, 284.929, 286.015, 286.357, 286.84, 287.201, 287.45, 287.692, 287.953, 288.289, 288.52, 288.823, 289.065, 289.382, 289.652, 289.888, 290.151, 290.439, 290.685, 290.955, 291.212, 291.429, 291.671, 291.931, 292.169, 292.45, 292.748, 292.979, 293.204, 293.418, 293.749, 294.043, 294.461, 294.9, 295.162, 295.392, 295.696, 295.991, 296.244, 296.516, 296.76, 297.026, 297.264, 297.497, 297.84, 298.084, 298.56, 298.996, 299.209, 299.78, 300.006, 300.248, 300.547, 300.789, 301.007, 301.292, 301.557, 301.791, 302.01, 302.244, 302.573, 302.826, 303.056, 303.518, 303.94, 304.233, 304.484, 304.934, 305.169, 305.434, 305.783, 306.018, 306.466, 306.699, 307.065, 307.733, 307.983, 308.306, 308.57, 308.938, 309.189, 309.417, 309.647, 310.006, 310.263, 310.548, 310.795, 311.017, 311.328, 311.559, 311.796, 312.182, 312.432, 312.727, 312.985, 313.228, 313.517, 313.759, 313.998, 314.261, 314.583, 314.813, 315.291, 315.525, 315.74, 316.1, 316.364, 316.633, 316.892, 317.19, 317.458, 318.41, 318.803, 319.061, 319.426, 319.639, 320.078, 320.311, 320.746, 320.971, 321.205, 321.457, 321.687, 322.076, 322.325, 322.539, 322.919, 323.168, 323.455, 323.741, 323.999, 324.269, 324.517, 324.787, 325.016, 325.586, 325.832, 326.13, 326.397, 326.634, 326.933, 327.145, 327.432, 327.651, 328.064, 328.645, 328.88, 329.147, 329.377, 329.594, 330.036, 330.264, 330.68, 330.896, 331.124, 331.512, 332.138, 332.568, 333.773, 334.543, 334.749, 335.027, 335.292, 335.595, 335.906, 336.405, 336.84, 337.072, 337.293, 337.519, 337.901, 338.154, 338.49, 338.771, 339.007, 339.241, 339.57, 339.974, 340.221, 340.586, 340.844, 341.174, 341.749, 341.985, 342.302, 342.601, 342.916, 343.206, 343.502, 344.264, 344.564, 345.162, 345.433, 345.734, 345.997, 346.264, 346.513, 346.798, 347.353, 347.611, 348.179, 348.726, 349.017, 350.116, 350.346, 350.723, 350.957, 351.328, 351.663, 352.011, 352.264, 352.805, 353.078, 353.307, 353.521, 353.91, 354.143, 354.514, 354.773, 355.341, 355.559, 355.789, 356.004, 356.538, 356.752, 357.035, 357.384, 357.605, 357.872, 358.168, 358.487, 359.598, 359.942]"
mmgpaypnopkm1q,27,13697,13.697,0.6666666666666667,0.35,,,
mmgpaypnopkm1q,53,24159,24.159,0.8571428571428572,0.55,,,
mmgpaypnopkm1q,77,32165,32.165,0.8076923076923077,0.35,,,
mmgpaypnopkm1q,99,40691,40.691,0.8333333333333334,0.6,,,
mmgpaypnopkm1q,133,52791,52.791,0.8611111111111112,0.35,,,
mmgpaypnopkm1q,198,77237,77.237,0.8095238095238095,0.35,,,
mmgpaypnopkm1q,249,98004,98.004,0.7727272727272727,0.7,,,
mmgpaypnopkm1q,297,116296,116.296,0.9245283018867925,0.85,,,
mmgpaypnopkm1q,323,127042,127.042,0.8275862068965517,0.55,,,
mmgpaypnopkm1q,344,135756,135.756,0.7391304347826086,0.6,,,
mmgpaypnopkm1q,392,155692,155.692,0.8235294117647058,0.45,,,
mmgpaypnopkm1q,413,165614,165.614,0.8620689655172413,0.75,,,
mmgpaypnopkm1q,442,180232,180.232,0.71875,0.45,,,
mmgpaypnopkm1q,464,189999,189.999,0.8461538461538461,0.2,,,
mmgpaypnopkm1q,485,201435,201.435,0.7916666666666666,0.55,,,
mmgpaypnopkm1q,517,214358,214.358,0.9130434782608696,0.15,,,
mmgpaypnopkm1q,551,227506,227.506,0.9230769230769231,0.55,,,
mmgpaypnopkm1q,623,259764,259.764,0.7543859649122807,0.15,,,
mmgpaypnopkm1q,652,272237,272.237,0.7906976744186046,0.5,,,
mmgpaypnopkm1q,678,283646,283.646,0.9069767441860466,0.65,,,
mmgpaypnopkm1q,713,297932,297.932,0.8947368421052632,0.3,,,
mmgpaypnopkm1q,743,309959,309.959,0.5757575757575757,0.55,,,
mmgpaypnopkm1q,781,324416,324.416,0.8333333333333334,0.35,,,
mmgpaypnopkm1q,832,343453,343.453,0.8823529411764706,0.6,,,
mmgpaypnopkm1q,859,354362,354.362,0.7916666666666666,0.6,,,
mmgpaypnopkm1q,-1,0,0.0,0.0,0.0,"[0.0, 0.9999999999999999, 0.9999999999999999, 1.0, 0.0, 0.0, 0.0, 0.0, 0.0, 0.0, 0.0, 0.0, 0.0, 0.0, 0.0, 0.0, 0.0, 0.0, 0.0, 0.0, 0.0, 0.0, 0.0, 0.0, 0.0, 0.0, 0.0, 0.6666666666666667, 0.0, 0.0, 0.0, 0.0, 0.0, 0.0, 0.0, 0.0, 0.0, 0.0, 0.0, 0.0, 0.0, 0.0, 0.0, 0.0, 0.0, 0.0, 0.0, 0.0, 0.0, 0.0, 0.0, 0.0, 0.0, 0.8571428571428572, 0.0, 0.0, 0.0, 0.0, 0.0, 0.0, 0.0, 0.0, 0.0, 0.0, 0.0, 0.0, 0.0, 0.0, 0.0, 0.0, 0.0, 0.0, 0.0, 0.0, 0.0, 0.0, 0.0, 0.8076923076923077, 0.0, 0.0, 0.0, 0.0, 0.0, 0.0, 0.0, 0.0, 0.0, 0.0, 0.0, 0.0, 0.0, 0.0, 0.0, 0.0, 0.0, 0.0, 0.0, 0.0, 0.0, 0.8333333333333334, 0.0, 0.0, 0.0, 0.0, 0.0, 0.0, 0.0, 0.0, 0.0, 0.0, 0.0, 0.0, 0.0, 0.0, 0.0, 0.0, 0.0, 0.0, 0.0, 0.5652173913043479, 0.0, 0.0, 0.0, 0.0, 0.0, 0.0, 0.0, 0.0, 0.0, 0.0, 0.0, 0.0, 0.0, 0.8611111111111112, 0.0, 0.0, 0.0, 0.0, 0.0, 0.0, 0.0, 0.0, 0.0, 0.0, 0.0, 0.0, 0.0, 0.0, 0.736842105263158, 0.0, 0.0, 0.0, 0.0, 0.0, 0.0, 0.0, 0.0, 0.0, 0.0, 0.0, 0.0, 0.0, 0.0, 0.0, 0.0, 0.0, 0.0, 0.5909090909090908, 0.0, 0.0, 0.0, 0.0, 0.0, 0.0, 0.0, 0.0, 0.0, 0.0, 0.0, 0.0, 0.0, 0.0, 0.0, 0.0, 0.72, 0.0, 0.0, 0.0, 0.0, 0.0, 0.0, 0.0, 0.0, 0.0, 0.0, 0.0, 0.0, 0.0, 0.8095238095238095, 0.0, 0.0, 0.0, 0.0, 0.0, 0.0, 0.0, 0.0, 0.0, 0.0, 0.0, 0.0, 0.0, 0.0, 0.0, 0.736842105263158, 0.0, 0.0, 0.0, 0.0, 0.0, 0.0, 0.0, 0.0, 0.0, 0.0, 0.0, 0.0, 0.0, 0.0, 0.0, 0.0, 0.7, 0.0, 0.0, 0.0, 0.0, 0.0, 0.0, 0.0, 0.0, 0.0, 0.0, 0.0, 0.0, 0.0, 0.0, 0.0, 0.0, 0.0, 0.7727272727272727, 0.0, 0.0, 0.0, 0.0, 0.0, 0.0, 0.0, 0.0, 0.0, 0.0, 0.0, 0.0, 0.0, 0.0, 0.0, 0.0, 0.0, 0.0, 0.0, 0.0, 0.0, 0.0, 0.0, 0.0, 0.0, 0.0, 0.0, 0.0, 0.0, 0.0, 0.0, 0.0, 0.0, 0.0, 0.0, 0.0, 0.0, 0.0, 0.0, 0.0, 0.0, 0.0, 0.0, 0.0, 0.0, 0.0, 0.0, 0.9245283018867925, 0.0, 0.0, 0.0, 0.0, 0.0, 0.0, 0.0, 0.0, 0.0, 0.0, 0.0, 0.0, 0.0, 0.0, 0.0, 0.0, 0.0, 0.0, 0.0, 0.0, 0.0, 0.0, 0.0, 0.0, 0.0, 0.8275862068965517, 0.0, 0.0, 0.0, 0.0, 0.0, 0.0, 0.0, 0.0, 0.0, 0.0, 0.0, 0.0, 0.0, 0.0, 0.0, 0.0, 0.0, 0.0, 0.0, 0.0, 0.7391304347826086, 0.0, 0.0, 0.0, 0.0, 0.0, 0.0, 0.0, 0.0, 0.0, 0.0, 0.0, 0.0, 0.0, 0.0, 0.0, 0.0, 0.0, 0.0, 0.0, 0.0, 0.0, 0.0, 0.0, 0.0, 0.0, 0.0, 0.0, 0.0, 0.0, 0.0, 0.0, 0.0, 0.0, 0.0, 0.0, 0.0, 0.0, 0.0, 0.0, 0.0, 0.0, 0.0, 0.0, 0.0, 0.0, 0.0, 0.0, 0.8235294117647058, 0.0, 0.0, 0.0, 0.0, 0.0, 0.0, 0.0, 0.0, 0.0, 0.0, 0.0, 0.0, 0.0, 0.0, 0.0, 0.0, 0.0, 0.0, 0.0, 0.0, 0.8620689655172413, 0.0, 0.0, 0.0, 0.0, 0.0, 0.0, 0.0, 0.0, 0.0, 0.0, 0.0, 0.0, 0.0, 0.0, 0.0, 0.0, 0.0, 0.0, 0.0, 0.0, 0.0, 0.0, 0.0, 0.0, 0.0, 0.0, 0.0, 0.0, 0.71875, 0.0, 0.0, 0.0, 0.0, 0.0, 0.0, 0.0, 0.0, 0.0, 0.0, 0.0, 0.0, 0.0, 0.0, 0.0, 0.0, 0.0, 0.0, 0.0, 0.0, 0.0, 0.8461538461538461, 0.0, 0.0, 0.0, 0.0, 0.0, 0.0, 0.0, 0.0, 0.0, 0.0, 0.0, 0.0, 0.0, 0.0, 0.0, 0.0, 0.0, 0.0, 0.0, 0.0, 0.7916666666666666, 0.0, 0.0, 0.0, 0.0, 0.0, 0.0, 0.0, 0.0, 0.0, 0.0, 0.0, 0.0, 0.0, 0.0, 0.0, 0.0, 0.0, 0.0, 0.0, 0.0, 0.0, 0.0, 0.0, 0.0, 0.0, 0.0, 0.0, 0.0, 0.0, 0.0, 0.0, 0.9130434782608696, 0.0, 0.0, 0.0, 0.0, 0.0, 0.0, 0.0, 0.0, 0.0, 0.0, 0.0, 0.0, 0.0, 0.0, 0.0, 0.0, 0.0, 0.0, 0.0, 0.0, 0.0, 0.0, 0.0, 0.0, 0.0, 0.0, 0.0, 0.0, 0.0, 0.0, 0.0, 0.0, 0.0, 0.9230769230769231, 0.0, 0.0, 0.0, 0.0, 0.0, 0.0, 0.0, 0.0, 0.0, 0.0, 0.0, 0.0, 0.0, 0.0, 0.0, 0.0, 0.0, 0.0, 0.7727272727272727, 0.0, 0.0, 0.0, 0.0, 0.0, 0.0, 0.0, 0.0, 0.0, 0.0, 0.0, 0.0, 0.0, 0.0, 0.0, 0.0, 0.0, 0.0, 0.0, 0.0, 0.0, 0.0, 0.0, 0.0, 0.0, 0.0, 0.0, 0.0, 0.0, 0.0, 0.0, 0.0, 0.0, 0.0, 0.0, 0.0, 0.0, 0.0, 0.0, 0.0, 0.0, 0.0, 0.0, 0.0, 0.0, 0.0, 0.0, 0.0, 0.0, 0.0, 0.0, 0.0, 0.7543859649122807, 0.0, 0.0, 0.0, 0.0, 0.0, 0.0, 0.0, 0.0, 0.0, 0.0, 0.0, 0.0, 0.0, 0.0, 0.0, 0.0, 0.0, 0.0, 0.0, 0.0, 0.0, 0.0, 0.0, 0.0, 0.0, 0.0, 0.0, 0.0, 0.7906976744186046, 0.0, 0.0, 0.0, 0.0, 0.0, 0.0, 0.0, 0.0, 0.0, 0.0, 0.0, 0.0, 0.0, 0.0, 0.0, 0.0, 0.0, 0.0, 0.0, 0.0, 0.0, 0.0, 0.0, 0.0, 0.0, 0.9069767441860466, 0.0, 0.0, 0.0, 0.0, 0.0, 0.0, 0.0, 0.0, 0.0, 0.0, 0.0, 0.0, 0.0, 0.0, 0.0, 0.0, 0.0, 0.0, 0.0, 0.0, 0.0, 0.0, 0.0, 0.0, 0.0, 0.0, 0.0, 0.0, 0.0, 0.0, 0.0, 0.0, 0.0, 0.0, 0.8947368421052632, 0.0, 0.0, 0.0, 0.0, 0.0, 0.0, 0.0, 0.0, 0.0, 0.0, 0.0, 0.0, 0.0, 0.0, 0.0, 0.0, 0.0, 0.0, 0.0, 0.0, 0.0, 0.0, 0.0, 0.0, 0.0, 0.0, 0.0, 0.0, 0.0, 0.5757575757575757, 0.0, 0.0, 0.0, 0.0, 0.0, 0.0, 0.0, 0.0, 0.0, 0.0, 0.0, 0.0, 0.0, 0.0, 0.0, 0.0, 0.0, 0.0, 0.0, 0.0, 0.0, 0.0, 0.0, 0.0, 0.0, 0.0, 0.0, 0.0, 0.0, 0.0, 0.0, 0.0, 0.0, 0.0, 0.0, 0.0, 0.0, 0.8333333333333334, 0.0, 0.0, 0.0, 0.0, 0.0, 0.0, 0.0, 0.0, 0.0, 0.0, 0.0, 0.0, 0.0, 0.0, 0.0, 0.5454545454545454, 0.0, 0.0, 0.0, 0.0, 0.0, 0.0, 0.0, 0.0, 0.0, 0.0, 0.0, 0.0, 0.0, 0.0, 0.0, 0.0, 0.0, 0.0, 0.0, 0.0, 0.0, 0.0, 0.0, 0.0, 0.0, 0.0, 0.0, 0.0, 0.0, 0.0, 0.0, 0.0, 0.0, 0.0, 0.8823529411764706, 0.0, 0.0, 0.0, 0.0, 0.0, 0.0, 0.0, 0.0, 0.0, 0.0, 0.0, 0.0, 0.0, 0.0, 0.0, 0.0, 0.0, 0.0, 0.0, 0.0, 0.0, 0.0, 0.0, 0.0, 0.0, 0.0, 0.7916666666666666, 0.0, 0.0, 0.0, 0.0, 0.0, 0.0, 0.0, 0.0, 0.0, 0.0, 0.0, 0.0, 0.0]","[1.0, 1.0, 1.0, 1.0, 1.0, 1.0, 1.0, 1.0, 1.0, 1.0, 0.9090909090909092, 0.8333333333333334, 0.7692307692307693, 0.7142857142857143, 0.6666666666666666, 0.6875, 0.7058823529411765, 0.7222222222222222, 0.7368421052631579, 0.75, 0.7, 0.65, 0.6, 0.55, 0.5, 0.45, 0.4, 0.35, 0.3, 0.25, 0.25, 0.25, 0.25, 0.25, 0.25, 0.25, 0.25, 0.25, 0.25, 0.2, 0.2, 0.2, 0.2, 0.2, 0.2, 0.2, 0.2, 0.25, 0.3, 0.35, 0.4, 0.45, 0.5, 0.55, 0.6, 0.6, 0.6, 0.6, 0.6, 0.65, 0.7, 0.75, 0.8, 0.85, 0.9, 0.9, 0.9, 0.85, 0.8, 0.75, 0.7, 0.65, 0.6, 0.55, 0.5, 0.45, 0.4, 0.35, 0.3, 0.25, 0.2, 0.2, 0.2, 0.2, 0.2, 0.25, 0.25, 0.25, 0.25, 0.25, 0.25, 0.25, 0.25, 0.3, 0.35, 0.4, 0.45, 0.5, 0.55, 0.6, 0.65, 0.65, 0.6, 0.55, 0.5, 0.45, 0.45, 0.5, 0.55, 0.6, 0.65, 0.7, 0.75, 0.75, 0.75, 0.75, 0.75, 0.75, 0.75, 0.75, 0.75, 0.7, 0.7, 0.7, 0.7, 0.7, 0.7, 0.65, 0.6, 0.55, 0.5, 0.45, 0.4, 0.35, 0.3, 0.3, 0.3, 0.3, 0.3, 0.3, 0.3, 0.35, 0.4, 0.45, 0.5, 0.55, 0.6, 0.65, 0.7, 0.75, 0.8, 0.85, 0.85, 0.85, 0.85, 0.8, 0.75, 0.7, 0.65, 0.6, 0.55, 0.55, 0.55, 0.55, 0.55, 0.55, 0.5, 0.45, 0.4, 0.35, 0.3, 0.25, 0.25, 0.3, 0.35, 0.4, 0.45, 0.5, 0.55, 0.6, 0.65, 0.65, 0.65, 0.65, 0.65, 0.65, 0.65, 0.65, 0.65, 0.65, 0.65, 0.65, 0.65, 0.6, 0.55, 0.5, 0.45, 0.4, 0.35, 0.3, 0.25, 0.25, 0.25, 0.25, 0.25, 0.25, 0.3, 0.35, 0.4, 0.45, 0.5, 0.55, 0.6, 0.65, 0.7, 0.75, 0.8, 0.85, 0.9, 0.9, 0.9, 0.85, 0.8, 0.75, 0.7, 0.65, 0.6, 0.55, 0.5, 0.45, 0.45, 0.45, 0.45, 0.45, 0.4, 0.35, 0.3, 0.25, 0.2, 0.25, 0.3, 0.35, 0.4, 0.45, 0.5, 0.55, 0.6, 0.65, 0.7, 0.7, 0.65, 0.6, 0.55, 0.5, 0.5, 0.5, 0.5, 0.5, 0.55, 0.55, 0.55, 0.55, 0.55, 0.55, 0.55, 0.55, 0.55, 0.55, 0.55, 0.6, 0.65, 0.65, 0.65, 0.65, 0.65, 0.65, 0.65, 0.65, 0.6, 0.55, 0.5, 0.5, 0.5, 0.5, 0.5, 0.5, 0.5, 0.5, 0.5, 0.5, 0.5, 0.55, 0.6, 0.65, 0.7, 0.75, 0.8, 0.85, 0.9, 0.95, 1.0, 1.0, 1.0, 1.0, 1.0, 1.0, 1.0, 1.0, 1.0, 1.0, 1.0, 1.0, 1.0, 1.0, 1.0, 0.95, 0.9, 0.85, 0.8, 0.75, 0.7, 0.65, 0.6, 0.55, 0.5, 0.45, 0.4, 0.35, 0.3, 0.25, 0.2, 0.2, 0.2, 0.2, 0.2, 0.25, 0.3, 0.35, 0.4, 0.45, 0.5, 0.55, 0.6, 0.6, 0.6, 0.6, 0.6, 0.6, 0.6, 0.6, 0.65, 0.65, 0.65, 0.65, 0.65, 0.65, 0.65, 0.65, 0.65, 0.65, 0.65, 0.65, 0.65, 0.7, 0.75, 0.75, 0.75, 0.75, 0.75, 0.75, 0.7, 0.7, 0.7, 0.7, 0.7, 0.7, 0.7, 0.7, 0.7, 0.7, 0.7, 0.7, 0.65, 0.6, 0.55, 0.55, 0.55, 0.55, 0.55, 0.55, 0.55, 0.5, 0.45, 0.4, 0.4, 0.4, 0.4, 0.4, 0.4, 0.4, 0.4, 0.4, 0.45, 0.5, 0.5, 0.5, 0.5, 0.5, 0.5, 0.55, 0.6, 0.65, 0.7, 0.75, 0.75, 0.7, 0.65, 0.6, 0.6, 0.6, 0.6, 0.6, 0.6, 0.6, 0.65, 0.7, 0.75, 0.8, 0.85, 0.8, 0.75, 0.7, 0.65, 0.6, 0.55, 0.55, 0.55, 0.55, 0.5, 0.45, 0.45, 0.45, 0.45, 0.45, 0.45, 0.45, 0.45, 0.45, 0.45, 0.45, 0.45, 0.45, 0.45, 0.45, 0.45, 0.45, 0.45, 0.45, 0.45, 0.45, 0.4, 0.35, 0.3, 0.25, 0.2, 0.15, 0.15, 0.15, 0.15, 0.2, 0.25, 0.3, 0.35, 0.35, 0.35, 0.35, 0.35, 0.35, 0.35, 0.35, 0.4, 0.45, 0.5, 0.55, 0.55, 0.55, 0.5, 0.45, 0.4, 0.35, 0.3, 0.3, 0.3, 0.35, 0.4, 0.45, 0.5, 0.5, 0.5, 0.5, 0.45, 0.4, 0.35, 0.3, 0.3, 0.35, 0.4, 0.45, 0.45, 0.45, 0.45, 0.4, 0.35, 0.3, 0.25, 0.2, 0.15, 0.15, 0.15, 0.15, 0.15, 0.2, 0.25, 0.3, 0.35, 0.35, 0.35, 0.3, 0.3, 0.3, 0.3, 0.3, 0.3, 0.3, 0.3, 0.3, 0.3, 0.3, 0.3, 0.3, 0.3, 0.3, 0.3, 0.3, 0.3, 0.3, 0.3, 0.35, 0.4, 0.45, 0.5, 0.55, 0.55, 0.55, 0.55, 0.55, 0.55, 0.55, 0.6, 0.65, 0.7, 0.65, 0.6, 0.55, 0.5, 0.45, 0.4, 0.35, 0.3, 0.3, 0.3, 0.3, 0.35, 0.4, 0.4, 0.4, 0.4, 0.4, 0.35, 0.3, 0.25, 0.25, 0.25, 0.25, 0.25, 0.25, 0.25, 0.3, 0.35, 0.35, 0.35, 0.35, 0.3, 0.25, 0.25, 0.25, 0.25, 0.25, 0.25, 0.3, 0.35, 0.4, 0.45, 0.45, 0.45, 0.45, 0.45, 0.4, 0.35, 0.3, 0.25, 0.2, 0.2, 0.2, 0.2, 0.2, 0.2, 0.2, 0.2, 0.15, 0.15, 0.15, 0.15, 0.15, 0.15, 0.15, 0.15, 0.15, 0.15, 0.15, 0.15, 0.15, 0.15, 0.2, 0.25, 0.3, 0.35, 0.4, 0.4, 0.4, 0.35, 0.3, 0.25, 0.25, 0.25, 0.25, 0.25, 0.25, 0.3, 0.35, 0.4, 0.45, 0.5, 0.5, 0.45, 0.4, 0.35, 0.3, 0.3, 0.3, 0.3, 0.3, 0.3, 0.35, 0.4, 0.45, 0.45, 0.45, 0.4, 0.4, 0.4, 0.4, 0.4, 0.4, 0.45, 0.5, 0.55, 0.6, 0.65, 0.65, 0.65, 0.65, 0.65, 0.6, 0.55, 0.5, 0.55, 0.6, 0.65, 0.65, 0.65, 0.65, 0.65, 0.65, 0.6, 0.55, 0.5, 0.45, 0.45, 0.5, 0.55, 0.6, 0.65, 0.7, 0.7, 0.7, 0.65, 0.6, 0.55, 0.5, 0.45, 0.4, 0.35, 0.3, 0.35, 0.4, 0.45, 0.45, 0.4, 0.35, 0.3, 0.25, 0.2, 0.15, 0.15, 0.15, 0.2, 0.25, 0.3, 0.35, 0.4, 0.45, 0.5, 0.5, 0.45, 0.4, 0.35, 0.4, 0.45, 0.5, 0.55, 0.55, 0.55, 0.55, 0.55, 0.55, 0.55, 0.55, 0.55, 0.55, 0.55, 0.55, 0.55, 0.6, 0.65, 0.7, 0.75, 0.7, 0.65, 0.6, 0.6, 0.65, 0.7, 0.75, 0.75, 0.75, 0.7, 0.65, 0.6, 0.55, 0.55, 0.55, 0.55, 0.55, 0.55, 0.5, 0.45, 0.45, 0.45, 0.45, 0.4, 0.35, 0.3, 0.25, 0.3, 0.35, 0.4, 0.45, 0.5, 0.55, 0.55, 0.55, 0.55, 0.55, 0.55, 0.6, 0.65, 0.7, 0.75, 0.8, 0.85, 0.9, 0.95, 1.0, 1.0, 1.0, 1.0, 1.0, 1.0, 1.0, 1.0, 1.0, 1.0, 1.0, 1.0, 1.0, 1.0, 1.0, 1.0, 1.0, 1.0, 1.0, 1.0, 1.0, 1.0, 0.95, 0.9, 0.85, 0.8, 0.75, 0.7, 0.65, 0.6, 0.55, 0.5, 0.45, 0.4, 0.35, 0.3, 0.25, 0.2, 0.15, 0.15, 0.15, 0.15, 0.2, 0.25, 0.25, 0.25, 0.25, 0.25, 0.25, 0.25, 0.3, 0.35, 0.4, 0.45, 0.5, 0.55, 0.6, 0.65, 0.7, 0.7, 0.7, 0.7, 0.7, 0.7, 0.75, 0.8, 0.85, 0.85, 0.85, 0.85]","[1.804, 2.147, 2.493, 2.831, 3.381, 3.629, 3.887, 4.136, 4.394, 4.716, 5.608, 5.903, 6.194, 6.475, 6.819, 9.503, 9.828, 10.128, 10.422, 10.722, 11.497, 11.789, 12.09, 12.397, 12.704, 13.016, 13.336, 13.697, 13.991, 14.324, 15.501, 15.815, 16.127, 16.461, 16.768, 17.339, 17.711, 18.085, 18.33, 19.295, 19.679, 19.934, 20.26, 20.551, 21.129, 21.578, 21.855, 22.414, 22.697, 22.946, 23.197, 23.452, 23.759, 24.159, 24.466, 24.778, 25.092, 25.444, 25.746, 26.2, 26.511, 26.794, 27.101, 27.406, 27.699, 28.401, 28.694, 28.995, 29.288, 29.596, 29.927, 30.242, 30.581, 30.934, 31.245, 31.537, 31.853, 32.165, 32.483, 32.81, 33.179, 33.895, 34.203, 34.511, 34.808, 35.133, 35.906, 36.235, 36.566, 36.859, 37.116, 37.829, 38.137, 38.828, 39.133, 39.449, 39.75, 40.065, 40.367, 40.691, 40.994, 41.274, 41.985, 42.302, 42.592, 42.937, 43.259, 43.907, 44.228, 44.528, 44.834, 45.133, 45.443, 46.106, 46.427, 46.747, 47.065, 47.381, 47.66, 47.962, 48.255, 49.002, 49.318, 49.643, 49.922, 50.242, 50.545, 50.866, 51.188, 51.509, 51.838, 52.148, 52.469, 52.791, 53.142, 53.699, 54.007, 54.298, 54.583, 54.877, 55.167, 55.507, 55.792, 56.172, 56.479, 56.775, 57.041, 57.338, 57.66, 57.992, 58.291, 58.568, 59.27, 59.602, 59.93, 60.292, 60.547, 60.865, 61.158, 61.465, 61.745, 62.242, 62.542, 62.858, 63.158, 63.474, 64.191, 64.505, 64.811, 65.103, 65.408, 66.611, 66.955, 67.852, 68.181, 68.509, 68.823, 69.153, 69.481, 69.754, 70.557, 70.917, 71.255, 71.585, 71.921, 72.272, 73.055, 73.385, 73.706, 74.023, 74.338, 74.658, 74.987, 75.32, 75.657, 75.979, 76.564, 76.922, 77.237, 77.552, 77.897, 78.559, 78.921, 79.261, 79.619, 79.969, 80.327, 80.659, 80.985, 81.322, 81.962, 82.324, 82.693, 83.029, 83.473, 83.789, 84.119, 84.489, 84.83, 85.456, 85.794, 86.125, 86.477, 86.823, 87.15, 87.478, 87.824, 88.147, 89.207, 89.539, 90.305, 90.652, 90.98, 91.309, 91.894, 92.271, 92.601, 92.946, 93.261, 93.878, 94.208, 94.549, 94.881, 95.205, 95.535, 95.888, 96.217, 96.548, 96.892, 98.004, 98.357, 98.666, 99.004, 99.355, 99.671, 99.898, 100.236, 100.704, 101.272, 101.641, 102.001, 102.34, 102.689, 103.031, 103.354, 103.698, 104.069, 104.402, 104.75, 105.087, 105.44, 106.119, 106.47, 106.788, 107.174, 107.517, 107.875, 108.199, 108.523, 108.849, 109.06, 109.634, 109.968, 110.316, 110.683, 111.067, 111.312, 111.624, 111.873, 112.118, 112.368, 112.619, 112.868, 113.187, 113.5, 115.202, 115.506, 116.296, 116.535, 118.161, 118.566, 118.889, 119.229, 119.583, 119.929, 120.261, 120.59, 120.934, 121.253, 121.586, 121.915, 122.243, 122.584, 122.92, 123.235, 124.218, 124.583, 124.927, 125.262, 125.608, 125.952, 126.315, 126.666, 127.042, 127.388, 127.757, 128.117, 128.469, 128.847, 129.199, 129.556, 130.423, 130.769, 131.128, 131.475, 131.83, 132.174, 132.535, 132.873, 133.243, 133.92, 134.261, 134.584, 135.402, 135.756, 136.101, 136.41, 136.735, 137.084, 137.355, 137.907, 138.263, 138.642, 139.008, 139.368, 139.75, 140.091, 140.45, 140.797, 141.145, 141.546, 141.797, 142.141, 142.481, 142.854, 143.665, 144.0, 144.355, 144.706, 145.047, 145.367, 146.936, 147.277, 147.61, 147.939, 148.263, 148.578, 148.948, 149.304, 149.657, 150.018, 150.381, 151.665, 152.005, 152.383, 152.777, 153.161, 153.513, 153.725, 154.651, 154.999, 155.355, 155.692, 156.085, 157.127, 157.51, 157.889, 158.254, 158.629, 159.022, 159.395, 159.781, 160.154, 160.515, 161.318, 161.689, 162.065, 162.444, 162.81, 164.273, 164.65, 165.011, 165.232, 165.614, 165.992, 167.343, 167.691, 168.079, 169.129, 169.351, 169.718, 170.099, 170.478, 170.869, 171.266, 171.649, 172.033, 172.428, 172.822, 174.764, 175.156, 175.541, 175.916, 176.283, 176.658, 177.032, 177.431, 177.798, 178.36, 178.729, 179.533, 179.9, 180.232, 180.608, 180.976, 181.351, 181.735, 182.13, 182.511, 183.282, 183.68, 184.077, 184.461, 184.865, 185.195, 185.471, 187.104, 187.464, 187.828, 188.192, 188.551, 188.911, 189.27, 189.643, 189.999, 190.337, 191.697, 192.058, 192.443, 192.831, 193.207, 193.591, 193.967, 195.168, 195.542, 195.901, 196.28, 196.633, 196.995, 197.368, 198.138, 198.491, 198.865, 199.248, 201.08, 201.435, 201.782, 202.136, 202.473, 202.817, 203.15, 203.855, 204.209, 204.563, 204.921, 205.264, 205.611, 206.295, 206.663, 207.019, 207.37, 207.723, 208.06, 208.414, 208.764, 209.542, 209.897, 210.241, 211.09, 211.489, 211.84, 212.169, 212.522, 212.876, 213.228, 213.582, 213.977, 214.358, 214.746, 215.129, 215.507, 216.293, 216.683, 216.891, 217.301, 217.514, 218.091, 218.865, 219.225, 219.6, 219.969, 220.349, 220.567, 220.78, 221.142, 221.528, 221.918, 222.136, 222.541, 222.935, 223.33, 224.163, 224.374, 224.762, 225.144, 225.356, 225.773, 226.148, 226.53, 226.91, 227.12, 227.506, 228.471, 228.869, 229.274, 229.657, 230.036, 230.425, 231.438, 231.849, 232.168, 233.007, 233.406, 233.798, 234.181, 234.573, 234.94, 235.323, 235.689, 236.465, 236.854, 237.215, 237.598, 237.988, 238.998, 239.389, 239.787, 240.172, 240.555, 240.949, 241.329, 241.72, 242.102, 242.483, 242.864, 243.249, 243.609, 244.353, 244.741, 245.134, 245.526, 245.891, 246.61, 246.978, 247.367, 247.727, 248.086, 248.47, 248.839, 249.625, 249.979, 250.365, 250.724, 251.433, 251.802, 252.166, 252.526, 252.914, 253.287, 253.668, 254.069, 254.465, 254.834, 255.209, 255.583, 255.981, 256.355, 256.738, 257.127, 257.5, 258.268, 258.658, 259.032, 259.764, 260.138, 260.515, 260.889, 261.256, 261.623, 261.993, 262.377, 262.762, 263.126, 263.945, 264.335, 264.729, 265.124, 265.515, 266.681, 267.066, 267.456, 267.825, 268.217, 268.43, 268.824, 269.262, 269.632, 270.043, 270.824, 271.219, 271.438, 271.804, 272.237, 272.633, 273.561, 273.941, 274.333, 274.732, 275.09, 275.474, 275.891, 276.264, 276.63, 277.584, 277.949, 278.301, 279.226, 279.579, 279.923, 280.625, 280.991, 281.353, 281.714, 282.061, 282.43, 282.712, 283.016, 283.331, 283.646, 284.264, 284.602, 284.968, 285.311, 285.675, 286.046, 286.407, 287.118, 287.503, 287.871, 288.275, 288.56, 288.772, 289.023, 289.228, 289.893, 290.263, 290.653, 291.066, 291.929, 292.148, 292.527, 292.839, 293.234, 293.58, 294.276, 294.9, 295.127, 295.509, 295.905, 296.119, 296.33, 296.547, 297.597, 297.932, 298.676, 298.986, 299.242, 300.03, 300.328, 300.647, 300.91, 301.268, 301.558, 301.812, 302.052, 302.378, 302.992, 303.294, 303.608, 303.864, 304.127, 304.413, 304.719, 305.425, 305.725, 305.993, 306.279, 306.902, 307.201, 307.461, 307.724, 308.403, 308.705, 309.959, 310.257, 310.611, 311.167, 311.46, 311.743, 311.987, 312.368, 312.686, 313.644, 313.955, 314.224, 314.438, 314.775, 315.376, 315.691, 315.988, 316.681, 317.042, 317.378, 317.757, 318.259, 318.559, 318.84, 319.149, 319.425, 319.712, 320.391, 320.677, 320.974, 321.288, 321.638, 322.559, 322.927, 323.254, 323.527, 323.821, 324.195, 324.416, 324.723, 325.024, 326.823, 327.201, 327.543, 327.864, 328.197, 328.543, 328.886, 329.244, 329.615, 329.95, 330.292, 330.647, 330.996, 331.334, 331.672, 331.998, 332.327, 332.649, 332.988, 333.311, 333.638, 333.973, 334.291, 334.613, 334.927, 335.266, 335.576, 335.927, 336.243, 336.569, 336.879, 337.219, 337.578, 337.909, 338.233, 338.557, 338.894, 339.204, 339.57, 339.891, 340.23, 341.072, 341.436, 341.795, 342.115, 342.463, 342.782, 343.131, 343.453, 343.813, 344.169, 344.492, 344.823, 345.175, 345.514, 345.844, 346.214, 346.536, 347.27, 347.666, 347.999, 348.351, 348.724, 349.438, 349.798, 350.129, 350.453, 350.775, 351.112, 352.165, 352.557, 352.915, 353.28, 353.645, 354.008, 354.362, 354.72, 355.081, 355.442, 355.799, 356.123, 356.499, 356.889, 357.256, 357.474, 357.817, 359.228, 359.624, 359.989]"
mmgpciu4e2yunz,42,16116,16.116,0.75,0.55,,,
mmgpciu4e2yunz,64,23612,23.612,0.7727272727272727,0.45,,,
mmgpciu4e2yunz,102,36892,36.892,0.7727272727272727,0.45,,,
mmgpciu4e2yunz,133,47724,47.724,0.7222222222222222,0.25,,,
mmgpciu4e2yunz,154,54964,54.964,0.84,0.55,,,
mmgpciu4e2yunz,175,62212,62.212,0.8333333333333334,0.3,,,
mmgpciu4e2yunz,229,80708,80.708,0.7727272727272727,0.6,,,
mmgpciu4e2yunz,265,93508,93.508,0.8333333333333334,0.65,,,
mmgpciu4e2yunz,296,104272,104.272,0.6666666666666667,0.55,,,
mmgpciu4e2yunz,333,117684,117.684,0.9142857142857143,1.0,,,
mmgpciu4e2yunz,366,129908,129.908,0.7727272727272727,0.7,,,
mmgpciu4e2yunz,387,137780,137.78,0.782608695652174,0.45,,,
mmgpciu4e2yunz,424,150700,150.7,0.7142857142857143,0.4,,,
mmgpciu4e2yunz,497,175916,175.916,0.75,0.95,,,
mmgpciu4e2yunz,522,185497,185.497,0.8275862068965517,0.55,,,
mmgpciu4e2yunz,547,195480,195.48,0.6818181818181819,0.45,,,
mmgpciu4e2yunz,571,204274,204.274,0.5161290322580645,0.25,,,
mmgpciu4e2yunz,615,219307,219.307,0.9482758620689655,0.55,,,
mmgpciu4e2yunz,655,232456,232.456,0.7777777777777778,0.45,,,
mmgpciu4e2yunz,698,247352,247.352,0.9148936170212766,0.25,,,
mmgpciu4e2yunz,723,256372,256.372,0.8571428571428572,0.0,,,
mmgpciu4e2yunz,763,272408,272.408,0.75,0.45,,,
mmgpciu4e2yunz,792,282513,282.513,0.7333333333333334,0.5,,,
mmgpciu4e2yunz,826,294368,294.368,0.5853658536585367,0.3,,,
mmgpciu4e2yunz,850,302813,302.813,0.8518518518518519,0.6,,,
mmgpciu4e2yunz,907,324384,324.384,0.95,0.3,,,
mmgpciu4e2yunz,990,351447,351.447,0.9651162790697675,0.25,,,
mmgpciu4e2yunz,-1,0,0.0,0.0,0.0,"[0.0, 0.9999999999999999, 0.9999999999999999, 1.0, 0.0, 0.0, 0.0, 0.0, 0.0, 0.0, 0.0, 0.0, 0.0, 0.0, 0.0, 0.0, 0.0, 0.0, 0.0, 0.6842105263157895, 0.0, 0.0, 0.0, 0.0, 0.0, 0.0, 0.0, 0.0, 0.0, 0.0, 0.0, 0.0, 0.0, 0.0, 0.0, 0.0, 0.0, 0.0, 0.0, 0.0, 0.0, 0.0, 0.75, 0.0, 0.0, 0.0, 0.0, 0.0, 0.0, 0.0, 0.0, 0.0, 0.0, 0.0, 0.0, 0.0, 0.0, 0.0, 0.0, 0.0, 0.0, 0.0, 0.0, 0.0, 0.7727272727272727, 0.0, 0.0, 0.0, 0.0, 0.0, 0.0, 0.0, 0.0, 0.0, 0.0, 0.0, 0.0, 0.0, 0.0, 0.0, 0.0, 0.0, 0.75, 0.0, 0.0, 0.0, 0.0, 0.0, 0.0, 0.0, 0.0, 0.0, 0.0, 0.0, 0.0, 0.0, 0.0, 0.0, 0.0, 0.0, 0.0, 0.0, 0.7727272727272727, 0.0, 0.0, 0.0, 0.0, 0.0, 0.0, 0.0, 0.0, 0.0, 0.0, 0.0, 0.0, 0.0, 0.0, 0.0, 0.0, 0.0, 0.7142857142857143, 0.0, 0.0, 0.0, 0.0, 0.0, 0.0, 0.0, 0.0, 0.0, 0.0, 0.0, 0.0, 0.7222222222222222, 0.0, 0.0, 0.0, 0.0, 0.0, 0.0, 0.0, 0.0, 0.0, 0.0, 0.0, 0.0, 0.0, 0.0, 0.0, 0.0, 0.0, 0.0, 0.0, 0.0, 0.84, 0.0, 0.0, 0.0, 0.0, 0.0, 0.0, 0.0, 0.0, 0.0, 0.0, 0.0, 0.0, 0.0, 0.0, 0.0, 0.0, 0.0, 0.0, 0.0, 0.0, 0.8333333333333334, 0.0, 0.0, 0.0, 0.0, 0.0, 0.0, 0.0, 0.0, 0.0, 0.0, 0.0, 0.0, 0.0, 0.0, 0.0, 0.0, 0.7, 0.0, 0.0, 0.0, 0.0, 0.0, 0.0, 0.0, 0.0, 0.0, 0.0, 0.0, 0.0, 0.0, 0.0, 0.0, 0.0, 0.0, 0.7619047619047619, 0.0, 0.0, 0.0, 0.0, 0.0, 0.0, 0.0, 0.0, 0.0, 0.0, 0.0, 0.0, 0.0, 0.0, 0.0, 0.0, 0.0, 0.0, 0.7727272727272727, 0.0, 0.0, 0.0, 0.0, 0.0, 0.0, 0.0, 0.0, 0.0, 0.0, 0.0, 0.0, 0.0, 0.0, 0.0, 0.736842105263158, 0.0, 0.0, 0.0, 0.0, 0.0, 0.0, 0.0, 0.0, 0.0, 0.0, 0.0, 0.0, 0.0, 0.0, 0.0, 0.0, 0.0, 0.0, 0.0, 0.8333333333333334, 0.0, 0.0, 0.0, 0.0, 0.0, 0.0, 0.0, 0.0, 0.0, 0.0, 0.0, 0.0, 0.0, 0.0, 0.0, 0.0, 0.0, 0.0, 0.0, 0.0, 0.0, 0.0, 0.0, 0.0, 0.0, 0.0, 0.0, 0.0, 0.0, 0.0, 0.6666666666666667, 0.0, 0.0, 0.0, 0.0, 0.0, 0.0, 0.0, 0.0, 0.0, 0.0, 0.0, 0.0, 0.0, 0.0, 0.0, 0.0, 0.0, 0.0, 0.0, 0.0, 0.0, 0.0, 0.0, 0.0, 0.0, 0.0, 0.0, 0.7868852459016393, 0.0, 0.0, 0.0, 0.0, 0.0, 0.0, 0.0, 0.0, 0.9142857142857143, 0.0, 0.0, 0.0, 0.0, 0.0, 0.0, 0.0, 0.0, 0.0, 0.0, 0.0, 0.0, 0.7222222222222222, 0.0, 0.0, 0.0, 0.0, 0.0, 0.0, 0.0, 0.0, 0.0, 0.0, 0.0, 0.0, 0.0, 0.0, 0.0, 0.0, 0.0, 0.0, 0.0, 0.7727272727272727, 0.0, 0.0, 0.0, 0.0, 0.0, 0.0, 0.0, 0.0, 0.0, 0.0, 0.0, 0.0, 0.0, 0.0, 0.0, 0.0, 0.0, 0.0, 0.0, 0.0, 0.782608695652174, 0.0, 0.0, 0.0, 0.0, 0.0, 0.0, 0.0, 0.0, 0.0, 0.0, 0.0, 0.0, 0.0, 0.0, 0.0, 0.0, 0.0, 0.0, 0.0, 0.7727272727272727, 0.0, 0.0, 0.0, 0.0, 0.0, 0.0, 0.0, 0.0, 0.0, 0.0, 0.0, 0.0, 0.0, 0.0, 0.0, 0.0, 0.7142857142857143, 0.0, 0.0, 0.0, 0.0, 0.0, 0.0, 0.0, 0.0, 0.0, 0.0, 0.0, 0.0, 0.6842105263157895, 0.0, 0.0, 0.0, 0.0, 0.0, 0.0, 0.0, 0.0, 0.0, 0.0, 0.0, 0.0, 0.0, 0.0, 0.0, 0.0, 0.0, 0.0, 0.0, 0.0, 0.0, 0.0, 0.0, 0.0, 0.0, 0.0, 0.0, 0.0, 0.0, 0.0, 0.0, 0.0, 0.0, 0.0, 0.0, 0.0, 0.0, 0.0, 0.0, 0.0, 0.0, 0.0, 0.0, 0.0, 0.0, 0.0, 0.0, 0.0, 0.0, 0.0, 0.0, 0.0, 0.0, 0.0, 0.0, 0.0, 0.0, 0.0, 0.746031746031746, 0.75, 0.0, 0.0, 0.0, 0.0, 0.0, 0.0, 0.0, 0.0, 0.0, 0.0, 0.0, 0.0, 0.0, 0.0, 0.0, 0.0, 0.0, 0.0, 0.0, 0.0, 0.0, 0.0, 0.0, 0.0, 0.8275862068965517, 0.0, 0.0, 0.0, 0.0, 0.0, 0.0, 0.0, 0.0, 0.0, 0.0, 0.0, 0.0, 0.0, 0.0, 0.0, 0.0, 0.0, 0.0, 0.0, 0.0, 0.0, 0.0, 0.0, 0.0, 0.6818181818181819, 0.0, 0.0, 0.0, 0.0, 0.0, 0.0, 0.0, 0.0, 0.0, 0.0, 0.0, 0.0, 0.0, 0.0, 0.0, 0.0, 0.0, 0.0, 0.0, 0.0, 0.0, 0.0, 0.0, 0.5161290322580645, 0.0, 0.0, 0.0, 0.0, 0.0, 0.0, 0.0, 0.0, 0.0, 0.0, 0.0, 0.0, 0.0, 0.0, 0.0, 0.0, 0.0, 0.0, 0.0, 0.0, 0.0, 0.0, 0.0, 0.0, 0.0, 0.0, 0.0, 0.0, 0.0, 0.0, 0.0, 0.0, 0.0, 0.0, 0.0, 0.88, 0.0, 0.0, 0.0, 0.0, 0.0, 0.0, 0.0, 0.9482758620689655, 0.0, 0.0, 0.0, 0.0, 0.0, 0.0, 0.0, 0.0, 0.0, 0.0, 0.0, 0.0, 0.0, 0.0, 0.0, 0.736842105263158, 0.0, 0.0, 0.0, 0.0, 0.0, 0.0, 0.0, 0.0, 0.0, 0.0, 0.0, 0.0, 0.0, 0.0, 0.0, 0.0, 0.0, 0.0, 0.0, 0.0, 0.0, 0.0, 0.0, 0.7777777777777778, 0.0, 0.0, 0.0, 0.0, 0.0, 0.0, 0.0, 0.0, 0.0, 0.0, 0.0, 0.0, 0.0, 0.0, 0.0, 0.0, 0.0, 0.0, 0.0, 0.0, 0.0, 0.0, 0.0, 0.0, 0.0, 0.0, 0.0, 0.0, 0.0, 0.0, 0.0, 0.0, 0.0, 0.0, 0.0, 0.0, 0.0, 0.0, 0.0, 0.0, 0.0, 0.0, 0.9148936170212766, 0.0, 0.0, 0.0, 0.0, 0.0, 0.0, 0.0, 0.0, 0.0, 0.0, 0.0, 0.0, 0.0, 0.0, 0.0, 0.0, 0.0, 0.0, 0.0, 0.0, 0.0, 0.0, 0.0, 0.0, 0.8571428571428572, 0.0, 0.0, 0.0, 0.0, 0.0, 0.0, 0.0, 0.0, 0.0, 0.0, 0.0, 0.0, 0.0, 0.0, 0.0, 0.0, 0.75, 0.0, 0.0, 0.0, 0.0, 0.0, 0.0, 0.0, 0.0, 0.0, 0.0, 0.0, 0.0, 0.0, 0.0, 0.0, 0.0, 0.0, 0.0, 0.0, 0.0, 0.0, 0.0, 0.75, 0.0, 0.0, 0.0, 0.0, 0.0, 0.0, 0.0, 0.0, 0.0, 0.0, 0.0, 0.0, 0.0, 0.0, 0.0, 0.0, 0.0, 0.0, 0.0, 0.0, 0.0, 0.0, 0.0, 0.0, 0.0, 0.0, 0.0, 0.0, 0.7333333333333334, 0.0, 0.0, 0.0, 0.0, 0.0, 0.0, 0.0, 0.0, 0.0, 0.0, 0.0, 0.0, 0.0, 0.0, 0.0, 0.0, 0.0, 0.0, 0.0, 0.0, 0.0, 0.0, 0.0, 0.0, 0.0, 0.0, 0.0, 0.0, 0.0, 0.0, 0.0, 0.0, 0.0, 0.5853658536585367, 0.0, 0.0, 0.0, 0.0, 0.0, 0.0, 0.0, 0.0, 0.0, 0.0, 0.0, 0.0, 0.0, 0.0, 0.0, 0.0, 0.0, 0.0, 0.0, 0.0, 0.0, 0.0, 0.0, 0.8518518518518519, 0.0, 0.0, 0.0, 0.0, 0.0, 0.0, 0.0, 0.0, 0.0, 0.0, 0.0, 0.0, 0.0, 0.0, 0.0, 0.0, 0.0, 0.0, 0.0, 0.0, 0.0, 0.0, 0.0, 0.0, 0.0, 0.0, 0.0, 0.0, 0.0, 0.0, 0.0, 0.0, 0.0, 0.0, 0.0, 0.0, 0.0, 0.0, 0.0, 0.0, 0.0, 0.0, 0.0, 0.0, 0.0, 0.0, 0.0, 0.0, 0.0, 0.0, 0.0, 0.0, 0.0, 0.0, 0.0, 0.0, 0.95, 0.0, 0.0, 0.0, 0.0, 0.0, 0.0, 0.0, 0.0, 0.0, 0.0, 0.0, 0.0, 0.0, 0.7567567567567568, 0.0, 0.0, 0.0, 0.0, 0.0, 0.0, 0.0, 0.0, 0.0, 0.0, 0.0, 0.0, 0.0, 0.0, 0.0, 0.0, 0.0, 0.0, 0.0, 0.0, 0.0, 0.0, 0.0, 0.0, 0.0, 0.0, 0.0, 0.0, 0.0, 0.0, 0.0, 0.0, 0.0, 0.0, 0.0, 0.0, 0.0, 0.0, 0.0, 0.0, 0.0, 0.0, 0.0, 0.0, 0.0, 0.0, 0.0, 0.0, 0.0, 0.0, 0.0, 0.0, 0.0, 0.0, 0.0, 0.0, 0.0, 0.0, 0.0, 0.0, 0.0, 0.0, 0.0, 0.0, 0.0, 0.0, 0.0, 0.0, 0.9651162790697675, 0.5185251422408849, 0.0, 0.0, 0.0, 0.0, 0.0, 0.0, 0.0, 0.0, 0.0, 0.0, 0.0, 0.0, 0.0, 0.0, 0.0, 0.7961165048543689, 0.0, 0.0, 0.0, 0.0, 0.0, 0.0, 0.0]","[1.0, 1.0, 1.0, 1.0, 1.0, 1.0, 1.0, 1.0, 1.0, 1.0, 1.0, 0.9166666666666666, 0.8461538461538461, 0.7857142857142857, 0.7333333333333333, 0.6875, 0.6470588235294118, 0.6111111111111112, 0.5789473684210527, 0.55, 0.5, 0.45, 0.4, 0.35, 0.3, 0.25, 0.2, 0.15, 0.1, 0.05, 0.0, 0.0, 0.05, 0.1, 0.15, 0.2, 0.25, 0.3, 0.35, 0.4, 0.45, 0.5, 0.55, 0.6, 0.65, 0.7, 0.75, 0.8, 0.85, 0.9, 0.95, 1.0, 1.0, 1.0, 0.95, 0.9, 0.85, 0.8, 0.75, 0.7, 0.65, 0.6, 0.55, 0.5, 0.45, 0.4, 0.35, 0.3, 0.25, 0.25, 0.25, 0.25, 0.25, 0.25, 0.3, 0.35, 0.4, 0.45, 0.5, 0.55, 0.6, 0.65, 0.7, 0.75, 0.8, 0.85, 0.9, 0.95, 1.0, 1.0, 1.0, 1.0, 0.95, 0.9, 0.85, 0.8, 0.75, 0.7, 0.65, 0.6, 0.55, 0.5, 0.45, 0.4, 0.35, 0.3, 0.3, 0.3, 0.3, 0.3, 0.3, 0.3, 0.35, 0.4, 0.45, 0.5, 0.55, 0.6, 0.65, 0.65, 0.65, 0.65, 0.65, 0.65, 0.65, 0.65, 0.6, 0.55, 0.5, 0.45, 0.4, 0.35, 0.3, 0.25, 0.25, 0.25, 0.25, 0.25, 0.25, 0.25, 0.25, 0.25, 0.25, 0.25, 0.25, 0.25, 0.25, 0.25, 0.3, 0.35, 0.4, 0.45, 0.5, 0.55, 0.55, 0.55, 0.55, 0.55, 0.55, 0.6, 0.65, 0.7, 0.7, 0.7, 0.7, 0.7, 0.7, 0.7, 0.65, 0.6, 0.55, 0.5, 0.45, 0.4, 0.35, 0.3, 0.25, 0.2, 0.15, 0.1, 0.1, 0.1, 0.15, 0.2, 0.25, 0.3, 0.35, 0.4, 0.45, 0.5, 0.55, 0.6, 0.65, 0.7, 0.75, 0.8, 0.85, 0.9, 0.9, 0.9, 0.85, 0.8, 0.75, 0.7, 0.65, 0.6, 0.55, 0.5, 0.45, 0.4, 0.35, 0.3, 0.25, 0.2, 0.15, 0.1, 0.05, 0.0, 0.05, 0.1, 0.15, 0.2, 0.25, 0.3, 0.35, 0.4, 0.45, 0.5, 0.55, 0.6, 0.65, 0.7, 0.7, 0.7, 0.7, 0.7, 0.7, 0.7, 0.65, 0.6, 0.55, 0.5, 0.45, 0.4, 0.35, 0.3, 0.3, 0.3, 0.3, 0.3, 0.3, 0.3, 0.35, 0.4, 0.4, 0.4, 0.4, 0.4, 0.4, 0.4, 0.4, 0.45, 0.5, 0.55, 0.6, 0.65, 0.65, 0.65, 0.65, 0.65, 0.65, 0.65, 0.65, 0.65, 0.7, 0.75, 0.8, 0.85, 0.9, 0.9, 0.9, 0.85, 0.8, 0.75, 0.7, 0.65, 0.6, 0.55, 0.55, 0.55, 0.55, 0.55, 0.55, 0.55, 0.55, 0.55, 0.55, 0.55, 0.55, 0.6, 0.65, 0.7, 0.75, 0.8, 0.85, 0.85, 0.85, 0.85, 0.8, 0.75, 0.7, 0.65, 0.6, 0.55, 0.55, 0.55, 0.55, 0.55, 0.55, 0.55, 0.55, 0.55, 0.55, 0.55, 0.55, 0.6, 0.65, 0.7, 0.75, 0.8, 0.85, 0.9, 0.95, 1.0, 1.0, 1.0, 1.0, 0.95, 0.9, 0.85, 0.8, 0.75, 0.7, 0.65, 0.6, 0.55, 0.5, 0.45, 0.4, 0.35, 0.3, 0.25, 0.2, 0.2, 0.2, 0.2, 0.2, 0.25, 0.3, 0.35, 0.4, 0.45, 0.5, 0.55, 0.6, 0.65, 0.7, 0.75, 0.8, 0.85, 0.9, 0.95, 1.0, 1.0, 1.0, 1.0, 1.0, 0.95, 0.9, 0.85, 0.8, 0.75, 0.7, 0.65, 0.6, 0.55, 0.5, 0.45, 0.4, 0.35, 0.3, 0.25, 0.2, 0.15, 0.1, 0.1, 0.1, 0.15, 0.2, 0.25, 0.3, 0.35, 0.4, 0.45, 0.5, 0.55, 0.6, 0.65, 0.7, 0.75, 0.75, 0.75, 0.75, 0.75, 0.75, 0.7, 0.65, 0.6, 0.55, 0.5, 0.45, 0.4, 0.4, 0.4, 0.4, 0.4, 0.4, 0.4, 0.4, 0.4, 0.45, 0.5, 0.55, 0.6, 0.65, 0.7, 0.7, 0.7, 0.7, 0.7, 0.7, 0.7, 0.65, 0.65, 0.65, 0.65, 0.65, 0.65, 0.65, 0.65, 0.65, 0.65, 0.65, 0.65, 0.65, 0.6, 0.6, 0.6, 0.6, 0.6, 0.6, 0.6, 0.65, 0.65, 0.65, 0.65, 0.65, 0.65, 0.65, 0.65, 0.65, 0.65, 0.65, 0.6, 0.55, 0.55, 0.55, 0.55, 0.6, 0.65, 0.7, 0.75, 0.75, 0.75, 0.75, 0.75, 0.75, 0.75, 0.7, 0.7, 0.7, 0.7, 0.7, 0.75, 0.8, 0.85, 0.9, 0.95, 0.95, 0.9, 0.9, 0.9, 0.9, 0.9, 0.9, 0.9, 0.9, 0.9, 0.95, 0.95, 0.95, 0.95, 0.95, 0.95, 0.9, 0.85, 0.8, 0.75, 0.7, 0.7, 0.65, 0.6, 0.55, 0.5, 0.45, 0.4, 0.35, 0.3, 0.25, 0.2, 0.15, 0.1, 0.05, 0.0, 0.0, 0.0, 0.05, 0.1, 0.15, 0.2, 0.25, 0.3, 0.35, 0.4, 0.45, 0.45, 0.45, 0.45, 0.45, 0.45, 0.45, 0.45, 0.45, 0.45, 0.45, 0.45, 0.4, 0.35, 0.3, 0.3, 0.3, 0.3, 0.3, 0.3, 0.25, 0.25, 0.25, 0.25, 0.25, 0.25, 0.25, 0.25, 0.25, 0.25, 0.25, 0.25, 0.25, 0.25, 0.25, 0.25, 0.25, 0.25, 0.25, 0.25, 0.3, 0.35, 0.4, 0.4, 0.4, 0.4, 0.4, 0.4, 0.4, 0.4, 0.4, 0.4, 0.4, 0.4, 0.4, 0.35, 0.3, 0.25, 0.2, 0.15, 0.1, 0.1, 0.1, 0.15, 0.2, 0.25, 0.3, 0.35, 0.4, 0.45, 0.5, 0.55, 0.55, 0.55, 0.55, 0.55, 0.55, 0.55, 0.55, 0.55, 0.55, 0.5, 0.45, 0.4, 0.35, 0.3, 0.25, 0.2, 0.15, 0.15, 0.15, 0.15, 0.2, 0.2, 0.2, 0.2, 0.2, 0.2, 0.2, 0.2, 0.2, 0.2, 0.2, 0.2, 0.25, 0.3, 0.35, 0.4, 0.45, 0.45, 0.45, 0.45, 0.45, 0.5, 0.55, 0.55, 0.55, 0.55, 0.55, 0.55, 0.55, 0.55, 0.55, 0.55, 0.5, 0.45, 0.4, 0.4, 0.4, 0.4, 0.4, 0.4, 0.4, 0.4, 0.4, 0.45, 0.5, 0.55, 0.6, 0.6, 0.6, 0.6, 0.6, 0.6, 0.6, 0.6, 0.6, 0.55, 0.5, 0.45, 0.4, 0.35, 0.3, 0.25, 0.25, 0.25, 0.25, 0.25, 0.25, 0.3, 0.3, 0.3, 0.3, 0.3, 0.3, 0.3, 0.3, 0.3, 0.3, 0.3, 0.3, 0.3, 0.3, 0.3, 0.25, 0.2, 0.15, 0.1, 0.05, 0.0, 0.0, 0.0, 0.0, 0.0, 0.0, 0.0, 0.0, 0.0, 0.05, 0.1, 0.15, 0.2, 0.25, 0.3, 0.35, 0.4, 0.45, 0.5, 0.55, 0.6, 0.65, 0.7, 0.75, 0.8, 0.85, 0.9, 0.95, 1.0, 1.0, 0.95, 0.9, 0.85, 0.8, 0.75, 0.7, 0.65, 0.6, 0.55, 0.5, 0.45, 0.4, 0.35, 0.3, 0.3, 0.3, 0.3, 0.3, 0.3, 0.3, 0.3, 0.3, 0.3, 0.3, 0.3, 0.3, 0.3, 0.3, 0.3, 0.3, 0.35, 0.4, 0.45, 0.5, 0.5, 0.5, 0.5, 0.5, 0.5, 0.5, 0.5, 0.5, 0.5, 0.5, 0.5, 0.55, 0.55, 0.6, 0.65, 0.7, 0.7, 0.7, 0.7, 0.65, 0.6, 0.55, 0.5, 0.45, 0.4, 0.35, 0.35, 0.35, 0.4, 0.45, 0.5, 0.5, 0.55, 0.55, 0.5, 0.45, 0.4, 0.35, 0.3, 0.3, 0.3, 0.3, 0.3, 0.3, 0.3, 0.3, 0.3, 0.3, 0.3, 0.3, 0.3, 0.3, 0.25, 0.2, 0.2, 0.2, 0.25, 0.3, 0.35, 0.4, 0.45, 0.5, 0.55, 0.6, 0.6, 0.6, 0.6, 0.6, 0.55, 0.5, 0.45, 0.45, 0.5, 0.55, 0.6, 0.65, 0.65, 0.65, 0.6, 0.55, 0.5, 0.45, 0.45, 0.45, 0.45, 0.45, 0.45, 0.45, 0.45, 0.45, 0.5, 0.5, 0.5, 0.5, 0.5, 0.5, 0.5, 0.5, 0.55, 0.6, 0.65, 0.65, 0.6, 0.55, 0.55, 0.55, 0.55, 0.55, 0.55, 0.6, 0.6, 0.6, 0.6, 0.6, 0.6, 0.55, 0.5, 0.45, 0.4, 0.35, 0.3, 0.35, 0.4, 0.45, 0.5, 0.55, 0.6, 0.6, 0.6, 0.55, 0.5, 0.45, 0.4, 0.35, 0.3, 0.3, 0.3, 0.3, 0.35, 0.4, 0.45, 0.45, 0.45, 0.45, 0.45, 0.45, 0.45, 0.45, 0.45, 0.45, 0.45, 0.45, 0.45, 0.45, 0.45, 0.45, 0.45, 0.5, 0.5, 0.5, 0.5, 0.5, 0.5, 0.5, 0.5, 0.5, 0.5, 0.5, 0.5, 0.5, 0.5, 0.5, 0.5, 0.5, 0.5, 0.5, 0.55, 0.55, 0.55, 0.55, 0.55, 0.55, 0.55, 0.55, 0.5, 0.45, 0.4, 0.4, 0.4, 0.4, 0.4, 0.4, 0.45, 0.5, 0.55, 0.6, 0.6, 0.55, 0.5, 0.45, 0.4, 0.35, 0.3, 0.25, 0.25, 0.3, 0.35, 0.4, 0.45, 0.5, 0.55, 0.6, 0.55, 0.5, 0.45, 0.4, 0.35, 0.35, 0.35, 0.35, 0.35, 0.35, 0.35, 0.35, 0.4, 0.4, 0.4, 0.4]","[0.828, 1.548, 2.076, 2.332, 2.708, 3.02, 3.316, 3.596, 3.876, 4.141, 4.405, 4.66, 4.972, 5.228, 5.532, 5.82, 6.116, 6.42, 6.724, 7.044, 7.348, 7.636, 7.94, 8.22, 8.493, 9.004, 10.364, 11.124, 11.412, 11.66, 11.908, 12.184, 13.376, 13.652, 13.924, 14.204, 14.484, 14.74, 15.013, 15.3, 15.568, 15.836, 16.116, 16.4, 16.688, 17.004, 17.251, 17.547, 17.852, 18.132, 18.403, 18.684, 18.94, 19.276, 20.7, 21.012, 21.323, 21.612, 21.908, 22.195, 22.476, 22.756, 23.027, 23.316, 23.612, 23.9, 24.192, 24.499, 24.765, 25.763, 26.084, 26.404, 26.716, 26.987, 27.292, 27.579, 27.86, 28.14, 28.452, 28.779, 29.116, 29.427, 29.74, 30.052, 30.328, 30.628, 30.947, 31.22, 31.508, 31.808, 32.075, 32.356, 33.828, 34.14, 34.464, 34.764, 35.068, 35.336, 35.628, 35.94, 36.276, 36.604, 36.892, 37.164, 37.452, 37.796, 38.461, 38.765, 39.044, 39.324, 39.605, 39.884, 40.188, 40.476, 40.772, 41.06, 41.348, 41.668, 41.948, 43.068, 43.475, 43.828, 44.132, 44.613, 44.908, 45.212, 45.508, 45.796, 46.12, 46.42, 46.765, 47.068, 47.388, 47.724, 48.388, 48.708, 49.04, 49.364, 49.7, 50.212, 50.532, 50.864, 51.204, 51.548, 51.876, 52.236, 52.58, 52.788, 53.22, 53.524, 53.844, 54.148, 54.476, 54.705, 54.964, 55.444, 55.764, 56.236, 56.584, 56.892, 57.212, 57.485, 57.868, 58.204, 58.5, 58.82, 59.172, 59.631, 60.02, 60.34, 60.66, 60.988, 61.34, 61.684, 61.892, 62.212, 62.544, 62.9, 63.22, 63.56, 64.076, 64.388, 64.74, 65.084, 65.42, 65.78, 66.14, 66.476, 66.828, 67.18, 67.531, 67.876, 68.233, 68.574, 68.908, 69.252, 69.612, 69.972, 70.444, 70.788, 71.164, 71.497, 71.82, 72.148, 72.476, 72.796, 73.124, 73.452, 73.78, 74.112, 74.432, 74.772, 75.1, 75.452, 75.788, 76.116, 76.444, 76.648, 77.147, 77.352, 77.66, 77.972, 78.316, 78.66, 78.996, 79.333, 79.692, 80.036, 80.384, 80.708, 81.028, 81.432, 82.34, 82.668, 83.036, 83.376, 83.692, 84.032, 84.404, 84.739, 85.092, 85.428, 85.765, 86.092, 86.432, 86.779, 87.195, 87.523, 87.875, 88.208, 88.548, 88.9, 89.251, 89.628, 89.916, 90.251, 90.588, 90.907, 91.244, 91.668, 91.872, 92.196, 92.524, 92.869, 93.204, 93.508, 93.851, 94.188, 94.519, 94.868, 95.224, 95.579, 95.908, 96.257, 96.616, 96.965, 97.468, 97.796, 98.06, 98.419, 98.828, 99.036, 99.389, 99.76, 100.104, 100.484, 100.836, 101.18, 101.645, 101.852, 102.188, 102.524, 102.888, 103.249, 103.58, 103.916, 104.272, 104.604, 104.932, 105.26, 105.616, 105.964, 106.292, 106.652, 107.004, 107.7, 108.053, 108.364, 108.7, 109.052, 109.408, 109.732, 110.1, 110.428, 111.052, 111.388, 111.736, 112.059, 112.444, 112.772, 113.14, 113.484, 113.821, 114.196, 114.543, 114.912, 115.244, 115.588, 115.944, 116.3, 116.632, 116.977, 117.324, 117.684, 118.048, 118.459, 118.792, 119.476, 119.724, 120.068, 120.468, 120.833, 121.192, 121.552, 121.912, 122.244, 122.584, 122.949, 123.296, 123.668, 123.996, 124.365, 124.724, 125.484, 125.864, 126.208, 126.56, 126.892, 127.228, 127.584, 127.788, 128.136, 128.492, 128.84, 129.189, 129.572, 129.908, 130.28, 130.644, 130.992, 131.325, 131.984, 132.292, 132.628, 132.948, 133.28, 133.644, 134.156, 134.524, 134.888, 135.26, 135.624, 135.98, 136.352, 136.7, 137.068, 137.42, 137.78, 138.144, 138.496, 138.836, 139.18, 139.524, 139.853, 140.164, 140.636, 140.964, 141.292, 141.612, 141.932, 142.26, 142.604, 142.94, 143.296, 143.776, 144.093, 144.42, 144.772, 145.108, 145.472, 146.085, 146.42, 146.764, 147.116, 147.488, 147.697, 148.008, 148.376, 148.708, 149.064, 149.396, 149.744, 150.02, 150.364, 150.7, 151.035, 151.371, 151.72, 152.048, 152.408, 152.735, 153.095, 153.451, 153.811, 154.155, 154.488, 154.795, 154.999, 155.324, 155.656, 155.988, 156.324, 156.675, 157.155, 157.483, 157.832, 158.156, 158.491, 158.84, 159.16, 159.54, 159.904, 160.239, 160.608, 160.963, 161.34, 161.712, 162.03, 162.372, 162.699, 163.04, 163.26, 163.6, 163.924, 164.308, 164.636, 164.955, 165.296, 165.7, 166.056, 166.396, 166.756, 167.087, 167.461, 167.796, 168.148, 168.488, 168.848, 169.125, 169.44, 169.765, 170.099, 170.448, 170.792, 171.116, 171.483, 171.796, 172.189, 172.756, 173.212, 173.42, 173.772, 174.14, 174.513, 174.848, 175.204, 175.548, 175.916, 176.264, 176.741, 177.721, 177.924, 178.244, 178.592, 178.952, 179.264, 179.635, 179.955, 180.336, 180.66, 180.875, 181.236, 181.584, 181.944, 182.492, 182.856, 183.216, 183.592, 184.04, 184.344, 184.74, 185.12, 185.497, 185.872, 186.244, 186.58, 186.944, 187.3, 187.7, 188.044, 188.416, 188.752, 189.12, 189.484, 189.868, 190.216, 191.261, 191.605, 191.916, 192.268, 192.604, 192.948, 193.284, 193.62, 193.988, 194.788, 195.14, 195.48, 195.836, 196.212, 196.58, 196.956, 197.34, 197.728, 198.092, 198.436, 198.788, 199.16, 199.516, 200.009, 200.332, 200.656, 201.004, 201.336, 201.804, 202.156, 202.512, 202.88, 203.252, 203.664, 204.052, 204.274, 204.601, 204.984, 205.32, 205.696, 206.056, 206.376, 206.78, 207.076, 207.435, 207.76, 208.092, 208.428, 208.768, 209.132, 209.468, 210.064, 210.392, 210.708, 211.052, 211.4, 211.741, 212.076, 212.408, 212.61, 212.944, 213.277, 213.592, 213.948, 214.297, 214.628, 214.976, 215.335, 215.679, 216.183, 216.451, 216.771, 217.132, 217.467, 217.827, 218.052, 218.388, 218.764, 218.982, 219.307, 219.803, 220.155, 220.496, 220.831, 221.172, 221.507, 221.867, 222.219, 222.575, 222.919, 223.124, 223.465, 223.795, 224.139, 224.379, 224.648, 224.987, 225.294, 225.64, 225.968, 226.3, 226.637, 226.876, 227.172, 227.512, 227.887, 228.204, 228.548, 228.872, 229.224, 229.568, 229.916, 230.239, 230.572, 230.908, 231.212, 231.536, 231.876, 232.248, 232.456, 232.772, 233.136, 233.444, 233.804, 234.029, 234.348, 234.7, 235.081, 235.436, 235.832, 236.192, 236.573, 236.899, 237.264, 237.604, 237.889, 238.252, 238.612, 238.984, 239.376, 239.748, 240.12, 240.476, 240.86, 241.064, 241.288, 241.632, 242.308, 242.661, 243.004, 243.344, 243.695, 244.044, 244.36, 244.728, 245.068, 245.432, 245.784, 246.14, 246.5, 246.864, 247.076, 247.352, 247.688, 248.001, 248.368, 248.724, 249.1, 249.604, 249.988, 250.312, 250.732, 251.104, 251.324, 251.7, 252.036, 252.424, 252.632, 253.004, 253.22, 253.888, 254.28, 254.648, 254.96, 255.36, 255.692, 256.024, 256.372, 256.737, 256.944, 257.552, 257.94, 258.378, 258.784, 259.017, 259.468, 260.704, 261.072, 261.952, 262.308, 262.62, 262.976, 263.312, 263.648, 263.952, 264.308, 264.62, 264.94, 265.3, 265.672, 265.984, 266.348, 266.72, 267.12, 267.484, 267.876, 268.23, 268.964, 269.34, 269.68, 270.048, 270.4, 270.74, 271.112, 271.336, 271.68, 272.06, 272.408, 272.752, 273.137, 273.44, 274.057, 274.384, 274.732, 275.06, 275.532, 275.836, 276.477, 276.812, 277.12, 277.464, 277.773, 278.096, 278.412, 278.744, 279.064, 279.298, 279.568, 279.872, 280.188, 280.552, 280.868, 281.204, 281.527, 281.843, 282.176, 282.513, 283.076, 283.38, 283.704, 284.043, 284.364, 284.991, 285.305, 285.559, 285.915, 286.256, 286.591, 286.94, 287.288, 287.687, 287.999, 288.352, 288.676, 288.995, 289.315, 289.648, 289.967, 290.312, 290.868, 291.209, 291.504, 291.816, 292.148, 292.504, 292.788, 292.996, 293.352, 293.672, 294.023, 294.368, 294.704, 295.048, 295.376, 295.708, 296.028, 296.372, 296.709, 297.055, 297.496, 297.78, 298.124, 298.464, 298.976, 299.292, 299.636, 299.976, 300.393, 300.72, 301.061, 301.384, 301.736, 302.099, 302.452, 302.813, 303.044, 303.388, 303.744, 304.096, 304.423, 304.752, 305.059, 305.268, 305.584, 305.92, 306.224, 306.552, 306.893, 307.257, 307.516, 307.86, 308.193, 308.536, 308.955, 309.264, 310.031, 310.38, 310.7, 311.02, 311.372, 311.736, 311.992, 312.327, 312.656, 313.008, 313.352, 313.712, 315.625, 315.993, 316.197, 316.559, 316.928, 317.3, 317.672, 318.024, 318.368, 318.752, 319.08, 319.428, 319.772, 320.168, 320.664, 320.984, 321.304, 321.648, 322.164, 322.577, 323.084, 323.42, 323.736, 324.044, 324.384, 324.648, 324.964, 325.264, 325.584, 325.904, 326.216, 326.856, 327.168, 327.512, 327.848, 328.172, 328.456, 328.796, 329.096, 329.44, 329.76, 330.104, 330.401, 330.724, 331.06, 331.388, 331.68, 332.001, 332.324, 332.656, 332.868, 333.072, 333.388, 333.736, 334.048, 334.356, 334.668, 334.952, 335.304, 335.751, 336.104, 336.492, 336.792, 337.112, 337.432, 337.772, 338.08, 338.376, 338.716, 339.032, 339.38, 339.672, 339.992, 340.336, 340.648, 341.004, 341.324, 341.672, 342.016, 342.313, 342.536, 342.868, 343.192, 343.536, 343.848, 344.236, 344.52, 344.872, 345.188, 345.544, 345.84, 346.168, 346.515, 346.86, 347.208, 347.54, 347.935, 348.264, 348.616, 348.952, 349.249, 349.499, 349.831, 350.143, 350.455, 350.776, 351.112, 351.447, 351.767, 352.304, 352.671, 353.0, 353.327, 353.671, 353.987, 354.335, 354.841, 355.204, 355.543, 355.88, 356.176, 356.547, 356.855, 357.207, 357.544, 357.88, 358.236, 358.584, 359.016, 359.319, 359.664, 359.984]"
mmgpgi4g1jzpv2,60,41129,41.129,0.9122807017543859,0.4,,,
mmgpgi4g1jzpv2,118,60308,60.308,0.9702970297029703,0.7,,,
mmgpgi4g1jzpv2,159,75214,75.214,0.9788732394366197,0.3,,,
mmgpgi4g1jzpv2,200,89057,89.057,0.8604651162790697,0.65,,,
mmgpgi4g1jzpv2,225,96852,96.852,0.8666666666666667,0.85,,,
mmgpgi4g1jzpv2,278,116564,116.564,0.875,0.4,,,
mmgpgi4g1jzpv2,311,126388,126.388,0.8611111111111112,0.1,,,
mmgpgi4g1jzpv2,347,136683,136.683,0.8974358974358975,0.35,,,
mmgpgi4g1jzpv2,369,143174,143.174,0.7222222222222222,0.35,,,
mmgpgi4g1jzpv2,395,152397,152.397,0.8148148148148149,0.45,,,
mmgpgi4g1jzpv2,449,171130,171.13,0.7857142857142857,0.55,,,
mmgpgi4g1jzpv2,485,183170,183.17,0.8,0.45,,,
mmgpgi4g1jzpv2,508,191459,191.459,0.8666666666666667,0.65,,,
mmgpgi4g1jzpv2,558,207190,207.19,0.782608695652174,0.25,,,
mmgpgi4g1jzpv2,592,218744,218.744,0.9230769230769231,0.6,,,
mmgpgi4g1jzpv2,639,234645,234.645,0.8571428571428572,0.6,,,
mmgpgi4g1jzpv2,686,249449,249.449,0.8387096774193549,0.5,,,
mmgpgi4g1jzpv2,707,255200,255.2,0.7391304347826086,0.35,,,
mmgpgi4g1jzpv2,737,264472,264.472,0.8235294117647058,0.15,,,
mmgpgi4g1jzpv2,795,285185,285.185,0.9183673469387755,0.25,,,
mmgpgi4g1jzpv2,833,297486,297.486,0.9069767441860466,0.65,,,
mmgpgi4g1jzpv2,923,327935,327.935,0.9411764705882353,0.25,,,
mmgpgi4g1jzpv2,973,344803,344.803,0.8461538461538461,0.2,,,
mmgpgi4g1jzpv2,1007,356585,356.585,0.6799999999999999,0.4,,,
mmgpgi4g1jzpv2,-1,0,0.0,0.0,0.0,"[0.0, 0.9999999999999999, 1.0, 0.9999999999999999, 0.0, 0.0, 0.0, 0.0, 0.0, 0.0, 0.0, 0.0, 0.0, 0.0, 0.0, 0.0, 0.0, 0.0, 0.0, 0.0, 0.0, 0.0, 0.0, 0.0, 0.0, 0.0, 0.0, 0.0, 0.0, 0.0, 0.0, 0.0, 0.0, 0.0, 0.0, 0.0, 0.0, 0.0, 0.0, 0.0, 0.0, 0.0, 0.0, 0.0, 0.0, 0.0, 0.0, 0.0, 0.0, 0.0, 0.0, 0.0, 0.0, 0.0, 0.0, 0.0, 0.0, 0.0, 0.0, 0.0, 0.9122807017543859, 0.0, 0.0, 0.0, 0.0, 0.0, 0.0, 0.0, 0.0, 0.0, 0.0, 0.0, 0.0, 0.0, 0.0, 0.0, 0.0, 0.0, 0.0, 0.0, 0.0, 0.0, 0.0, 0.0, 0.0, 0.0, 0.0, 0.0, 0.0, 0.0, 0.0, 0.0, 0.0, 0.0, 0.0, 0.0, 0.0, 0.0, 0.0, 0.0, 0.0, 0.0, 0.0, 0.0, 0.0, 0.0, 0.0, 0.0, 0.0, 0.0, 0.7634408602150538, 0.0, 0.0, 0.0, 0.0, 0.0, 0.0, 0.0, 0.9702970297029703, 0.0, 0.0, 0.0, 0.0, 0.0, 0.0, 0.0, 0.0, 0.0, 0.0, 0.0, 0.0, 0.0, 0.0, 0.0, 0.0, 0.0, 0.0, 0.0, 0.0, 0.0, 0.0, 0.0, 0.0, 0.0, 0.0, 0.0, 0.0, 0.0, 0.0, 0.0, 0.0, 0.0, 0.0, 0.0, 0.0, 0.0, 0.0, 0.0, 0.0, 0.9788732394366197, 0.6581466335440403, 0.0, 0.0, 0.0, 0.0, 0.0, 0.0, 0.0, 0.0, 0.0, 0.0, 0.0, 0.0, 0.0, 0.0, 0.0, 0.0, 0.0, 0.0, 0.0, 0.0, 0.0, 0.0, 0.0, 0.0, 0.0, 0.0, 0.0, 0.0, 0.0, 0.0, 0.0, 0.0, 0.0, 0.0, 0.0, 0.0, 0.0, 0.0, 0.0, 0.8604651162790697, 0.0, 0.0, 0.0, 0.0, 0.0, 0.0, 0.0, 0.0, 0.0, 0.0, 0.0, 0.0, 0.0, 0.0, 0.0, 0.0, 0.0, 0.0, 0.0, 0.0, 0.0, 0.0, 0.0, 0.0, 0.8666666666666667, 0.0, 0.0, 0.0, 0.0, 0.0, 0.0, 0.0, 0.0, 0.0, 0.0, 0.0, 0.0, 0.0, 0.0, 0.0, 0.0, 0.0, 0.0, 0.0, 0.0, 0.6666666666666667, 0.0, 0.0, 0.0, 0.0, 0.0, 0.0, 0.0, 0.0, 0.0, 0.0, 0.0, 0.0, 0.0, 0.0, 0.782608695652174, 0.0, 0.0, 0.0, 0.0, 0.0, 0.0, 0.0, 0.0, 0.0, 0.0, 0.0, 0.0, 0.0, 0.0, 0.0, 0.0, 0.875, 0.0, 0.0, 0.0, 0.0, 0.0, 0.0, 0.0, 0.0, 0.0, 0.0, 0.0, 0.0, 0.0, 0.0, 0.0, 0.0, 0.0, 0.0, 0.0, 0.0, 0.0, 0.0, 0.0, 0.0, 0.0, 0.0, 0.0, 0.0, 0.0, 0.0, 0.0, 0.0, 0.8611111111111112, 0.0, 0.0, 0.0, 0.0, 0.0, 0.0, 0.0, 0.0, 0.0, 0.0, 0.0, 0.0, 0.0, 0.0, 0.0, 0.0, 0.0, 0.0, 0.0, 0.0, 0.0, 0.0, 0.0, 0.0, 0.0, 0.0, 0.0, 0.0, 0.0, 0.0, 0.0, 0.0, 0.0, 0.0, 0.0, 0.8974358974358975, 0.0, 0.0, 0.0, 0.0, 0.0, 0.0, 0.0, 0.0, 0.0, 0.0, 0.0, 0.0, 0.0, 0.0, 0.0, 0.0, 0.0, 0.0, 0.0, 0.0, 0.0, 0.7222222222222222, 0.0, 0.0, 0.0, 0.0, 0.0, 0.0, 0.0, 0.0, 0.0, 0.0, 0.0, 0.0, 0.0, 0.0, 0.0, 0.0, 0.0, 0.0, 0.0, 0.0, 0.0, 0.0, 0.0, 0.0, 0.0, 0.8148148148148149, 0.0, 0.0, 0.0, 0.0, 0.0, 0.0, 0.0, 0.0, 0.0, 0.0, 0.0, 0.0, 0.0, 0.0, 0.0, 0.0, 0.0, 0.0, 0.0, 0.0, 0.0, 0.0, 0.0, 0.0, 0.0, 0.0, 0.0, 0.0, 0.0, 0.0, 0.0, 0.0, 0.0, 0.0, 0.7105263157894737, 0.0, 0.0, 0.0, 0.0, 0.0, 0.5333333333333333, 0.0, 0.0, 0.0, 0.0, 0.0, 0.0, 0.0, 0.0, 0.0, 0.0, 0.0, 0.0, 0.7857142857142857, 0.0, 0.0, 0.0, 0.0, 0.0, 0.0, 0.0, 0.0, 0.0, 0.0, 0.0, 0.0, 0.0, 0.0, 0.0, 0.0, 0.0, 0.0, 0.0, 0.0, 0.0, 0.0, 0.0, 0.0, 0.0, 0.0, 0.0, 0.0, 0.0, 0.0, 0.0, 0.0, 0.0, 0.0, 0.0, 0.8, 0.0, 0.0, 0.0, 0.0, 0.0, 0.0, 0.0, 0.0, 0.0, 0.0, 0.0, 0.0, 0.0, 0.0, 0.0, 0.0, 0.0, 0.0, 0.0, 0.0, 0.0, 0.0, 0.8666666666666667, 0.0, 0.0, 0.0, 0.0, 0.0, 0.0, 0.0, 0.0, 0.0, 0.0, 0.0, 0.0, 0.0, 0.0, 0.0, 0.0, 0.0, 0.8181818181818181, 0.0, 0.0, 0.0, 0.0, 0.0, 0.0, 0.0, 0.0, 0.0, 0.0, 0.0, 0.0, 0.0, 0.0, 0.0, 0.0, 0.0, 0.0, 0.5217391304347826, 0.0, 0.0, 0.0, 0.0, 0.0, 0.0, 0.0, 0.0, 0.0, 0.0, 0.0, 0.0, 0.782608695652174, 0.0, 0.0, 0.0, 0.0, 0.0, 0.0, 0.0, 0.0, 0.0, 0.6521739130434783, 0.0, 0.0, 0.0, 0.0, 0.0, 0.0, 0.0, 0.0, 0.0, 0.0, 0.0, 0.0, 0.0, 0.0, 0.0, 0.0, 0.0, 0.0, 0.0, 0.0, 0.0, 0.0, 0.0, 0.9230769230769231, 0.0, 0.0, 0.0, 0.0, 0.0, 0.0, 0.0, 0.0, 0.0, 0.0, 0.0, 0.0, 0.0, 0.0, 0.0, 0.0, 0.0, 0.0, 0.0, 0.0, 0.0, 0.0, 0.0, 0.0, 0.0, 0.0, 0.0, 0.0, 0.0, 0.0, 0.0, 0.0, 0.0, 0.0, 0.0, 0.0, 0.0, 0.0, 0.0, 0.0, 0.0, 0.0, 0.0, 0.0, 0.0, 0.0, 0.8571428571428572, 0.0, 0.0, 0.0, 0.0, 0.0, 0.0, 0.0, 0.0, 0.0, 0.0, 0.0, 0.0, 0.0, 0.0, 0.0, 0.0, 0.0, 0.7619047619047619, 0.0, 0.0, 0.0, 0.0, 0.0, 0.0, 0.0, 0.0, 0.0, 0.0, 0.0, 0.0, 0.0, 0.0, 0.0, 0.0, 0.0, 0.0, 0.0, 0.0, 0.0, 0.0, 0.0, 0.0, 0.0, 0.0, 0.0, 0.0, 0.8387096774193549, 0.0, 0.0, 0.0, 0.0, 0.0, 0.0, 0.0, 0.0, 0.0, 0.0, 0.0, 0.0, 0.0, 0.0, 0.0, 0.0, 0.0, 0.0, 0.0, 0.0, 0.7391304347826086, 0.0, 0.0, 0.0, 0.0, 0.0, 0.0, 0.0, 0.0, 0.0, 0.0, 0.0, 0.0, 0.0, 0.0, 0.0, 0.0, 0.0, 0.6363636363636364, 0.0, 0.0, 0.0, 0.0, 0.0, 0.0, 0.0, 0.0, 0.0, 0.0, 0.0, 0.8235294117647058, 0.0, 0.0, 0.0, 0.0, 0.0, 0.0, 0.0, 0.0, 0.0, 0.0, 0.0, 0.0, 0.0, 0.0, 0.0, 0.5714285714285714, 0.0, 0.0, 0.0, 0.0, 0.0, 0.0, 0.0, 0.0, 0.0, 0.0, 0.0, 0.0, 0.0, 0.0, 0.0, 0.0, 0.0, 0.0, 0.0, 0.0, 0.0, 0.0, 0.0, 0.0, 0.8181818181818181, 0.0, 0.0, 0.0, 0.0, 0.0, 0.0, 0.0, 0.0, 0.0, 0.0, 0.0, 0.0, 0.0, 0.0, 0.0, 0.0, 0.9183673469387755, 0.0, 0.0, 0.0, 0.0, 0.0, 0.0, 0.0, 0.0, 0.0, 0.0, 0.0, 0.0, 0.0, 0.0, 0.0, 0.0, 0.0, 0.0, 0.0, 0.0, 0.0, 0.0, 0.0, 0.0, 0.0, 0.0, 0.0, 0.0, 0.0, 0.0, 0.0, 0.0, 0.0, 0.0, 0.0, 0.0, 0.0, 0.9069767441860466, 0.0, 0.0, 0.0, 0.0, 0.0, 0.0, 0.0, 0.0, 0.0, 0.0, 0.0, 0.0, 0.0, 0.0, 0.7222222222222222, 0.0, 0.0, 0.0, 0.0, 0.0, 0.0, 0.0, 0.0, 0.0, 0.0, 0.0, 0.0, 0.0, 0.0, 0.0, 0.0, 0.0, 0.0, 0.0, 0.0, 0.0, 0.0, 0.0, 0.0, 0.0, 0.0, 0.0, 0.0, 0.0, 0.0, 0.0, 0.0, 0.0, 0.0, 0.0, 0.0, 0.0, 0.0, 0.0, 0.0, 0.0, 0.0, 0.0, 0.0, 0.0, 0.0, 0.0, 0.0, 0.0, 0.0, 0.0, 0.0, 0.0, 0.0, 0.0, 0.0, 0.0, 0.0, 0.0, 0.0, 0.0, 0.0, 0.0, 0.0, 0.0, 0.0, 0.0, 0.0, 0.0, 0.0, 0.0, 0.0, 0.0, 0.0, 0.9411764705882353, 0.0, 0.0, 0.0, 0.0, 0.0, 0.0, 0.0, 0.0, 0.0, 0.0, 0.0, 0.0, 0.6875, 0.0, 0.0, 0.0, 0.0, 0.0, 0.0, 0.0, 0.0, 0.0, 0.0, 0.0, 0.0, 0.0, 0.0, 0.0, 0.0, 0.0, 0.0, 0.0, 0.0, 0.5416666666666667, 0.0, 0.0, 0.0, 0.0, 0.0, 0.0, 0.0, 0.0, 0.0, 0.0, 0.0, 0.0, 0.0, 0.0, 0.0, 0.8461538461538461, 0.0, 0.0, 0.0, 0.0, 0.0, 0.0, 0.0, 0.0, 0.0, 0.0, 0.0, 0.0, 0.0, 0.0, 0.0, 0.0, 0.0, 0.0, 0.0, 0.0, 0.0, 0.0, 0.0, 0.0, 0.0, 0.0, 0.0, 0.0, 0.0, 0.0, 0.0, 0.0, 0.0, 0.6799999999999999, 0.0, 0.0, 0.0, 0.0, 0.0, 0.0, 0.0, 0.0, 0.0]","[0.0, 0.5, 0.3333333333333333, 0.5, 0.6, 0.6666666666666666, 0.7142857142857143, 0.625, 0.5555555555555556, 0.6, 0.5454545454545454, 0.5833333333333334, 0.6153846153846154, 0.6428571428571429, 0.6666666666666666, 0.625, 0.5882352941176471, 0.5555555555555556, 0.5263157894736842, 0.55, 0.55, 0.55, 0.55, 0.55, 0.5, 0.5, 0.5, 0.55, 0.55, 0.5, 0.5, 0.5, 0.5, 0.5, 0.45, 0.5, 0.55, 0.55, 0.6, 0.6, 0.6, 0.55, 0.55, 0.5, 0.55, 0.55, 0.55, 0.55, 0.55, 0.55, 0.6, 0.6, 0.55, 0.5, 0.5, 0.5, 0.45, 0.45, 0.4, 0.35, 0.4, 0.45, 0.5, 0.55, 0.55, 0.55, 0.55, 0.55, 0.6, 0.65, 0.6, 0.55, 0.55, 0.55, 0.55, 0.5, 0.5, 0.5, 0.5, 0.5, 0.5, 0.5, 0.5, 0.5, 0.5, 0.5, 0.5, 0.5, 0.5, 0.45, 0.45, 0.45, 0.45, 0.45, 0.45, 0.45, 0.45, 0.45, 0.45, 0.45, 0.45, 0.45, 0.45, 0.45, 0.45, 0.45, 0.45, 0.45, 0.4, 0.4, 0.4, 0.4, 0.4, 0.45, 0.5, 0.55, 0.6, 0.65, 0.7, 0.7, 0.65, 0.6, 0.55, 0.5, 0.5, 0.5, 0.5, 0.5, 0.55, 0.55, 0.55, 0.55, 0.55, 0.5, 0.5, 0.5, 0.5, 0.5, 0.5, 0.55, 0.6, 0.6, 0.6, 0.6, 0.55, 0.5, 0.45, 0.4, 0.35, 0.4, 0.45, 0.5, 0.55, 0.6, 0.55, 0.5, 0.45, 0.4, 0.35, 0.3, 0.25, 0.25, 0.3, 0.35, 0.4, 0.45, 0.5, 0.55, 0.6, 0.6, 0.6, 0.55, 0.5, 0.45, 0.45, 0.45, 0.45, 0.45, 0.45, 0.45, 0.45, 0.45, 0.4, 0.35, 0.3, 0.25, 0.25, 0.25, 0.25, 0.25, 0.25, 0.3, 0.35, 0.4, 0.45, 0.5, 0.55, 0.6, 0.65, 0.65, 0.65, 0.65, 0.65, 0.65, 0.65, 0.65, 0.6, 0.55, 0.5, 0.5, 0.5, 0.5, 0.5, 0.5, 0.5, 0.5, 0.5, 0.5, 0.5, 0.55, 0.6, 0.65, 0.7, 0.75, 0.8, 0.85, 0.9, 0.95, 1.0, 1.0, 1.0, 1.0, 1.0, 1.0, 1.0, 0.95, 0.9, 0.85, 0.8, 0.75, 0.7, 0.65, 0.65, 0.65, 0.65, 0.65, 0.65, 0.65, 0.65, 0.65, 0.65, 0.65, 0.65, 0.65, 0.65, 0.7, 0.75, 0.8, 0.85, 0.9, 0.95, 0.95, 0.9, 0.85, 0.8, 0.75, 0.75, 0.75, 0.75, 0.75, 0.75, 0.75, 0.7, 0.65, 0.6, 0.55, 0.5, 0.45, 0.4, 0.35, 0.3, 0.3, 0.3, 0.3, 0.35, 0.4, 0.4, 0.4, 0.4, 0.4, 0.4, 0.4, 0.45, 0.5, 0.5, 0.5, 0.5, 0.5, 0.5, 0.5, 0.5, 0.5, 0.5, 0.5, 0.45, 0.4, 0.35, 0.3, 0.25, 0.2, 0.15, 0.1, 0.05, 0.0, 0.0, 0.0, 0.0, 0.0, 0.0, 0.0, 0.0, 0.0, 0.0, 0.0, 0.0, 0.0, 0.0, 0.0, 0.0, 0.0, 0.0, 0.0, 0.0, 0.0, 0.0, 0.0, 0.0, 0.0, 0.0, 0.0, 0.0, 0.05, 0.1, 0.15, 0.2, 0.25, 0.3, 0.35, 0.4, 0.45, 0.5, 0.55, 0.6, 0.65, 0.7, 0.75, 0.8, 0.8, 0.8, 0.8, 0.8, 0.75, 0.7, 0.65, 0.6, 0.55, 0.5, 0.45, 0.4, 0.35, 0.3, 0.25, 0.2, 0.15, 0.1, 0.05, 0.0, 0.0, 0.0, 0.0, 0.0, 0.0, 0.0, 0.0, 0.0, 0.0, 0.05, 0.1, 0.15, 0.2, 0.25, 0.3, 0.35, 0.4, 0.45, 0.45, 0.45, 0.45, 0.45, 0.45, 0.45, 0.45, 0.5, 0.55, 0.6, 0.65, 0.65, 0.65, 0.65, 0.6, 0.55, 0.5, 0.45, 0.4, 0.35, 0.35, 0.4, 0.45, 0.5, 0.55, 0.6, 0.65, 0.65, 0.65, 0.65, 0.65, 0.65, 0.65, 0.65, 0.7, 0.75, 0.8, 0.85, 0.9, 0.95, 1.0, 1.0, 1.0, 1.0, 0.95, 0.9, 0.85, 0.8, 0.75, 0.7, 0.65, 0.6, 0.55, 0.55, 0.55, 0.55, 0.55, 0.55, 0.55, 0.55, 0.55, 0.55, 0.55, 0.55, 0.6, 0.6, 0.6, 0.6, 0.6, 0.6, 0.6, 0.6, 0.65, 0.65, 0.65, 0.65, 0.65, 0.65, 0.65, 0.65, 0.65, 0.6, 0.55, 0.5, 0.45, 0.45, 0.45, 0.45, 0.45, 0.45, 0.45, 0.45, 0.4, 0.4, 0.4, 0.4, 0.4, 0.4, 0.4, 0.4, 0.35, 0.35, 0.35, 0.35, 0.35, 0.35, 0.35, 0.4, 0.45, 0.5, 0.55, 0.6, 0.65, 0.65, 0.65, 0.65, 0.65, 0.6, 0.55, 0.5, 0.5, 0.5, 0.5, 0.5, 0.5, 0.5, 0.5, 0.45, 0.4, 0.35, 0.3, 0.25, 0.2, 0.2, 0.2, 0.2, 0.2, 0.25, 0.3, 0.35, 0.4, 0.45, 0.45, 0.45, 0.45, 0.45, 0.45, 0.45, 0.45, 0.5, 0.55, 0.6, 0.65, 0.65, 0.6, 0.55, 0.5, 0.45, 0.4, 0.35, 0.3, 0.25, 0.25, 0.25, 0.25, 0.3, 0.35, 0.4, 0.45, 0.45, 0.45, 0.45, 0.4, 0.35, 0.35, 0.35, 0.35, 0.35, 0.35, 0.35, 0.35, 0.35, 0.35, 0.35, 0.35, 0.3, 0.3, 0.3, 0.3, 0.3, 0.3, 0.3, 0.35, 0.4, 0.45, 0.5, 0.55, 0.6, 0.6, 0.6, 0.6, 0.6, 0.6, 0.6, 0.6, 0.6, 0.55, 0.5, 0.45, 0.45, 0.45, 0.45, 0.45, 0.45, 0.45, 0.45, 0.4, 0.35, 0.35, 0.35, 0.35, 0.35, 0.35, 0.35, 0.35, 0.35, 0.35, 0.35, 0.35, 0.3, 0.25, 0.2, 0.15, 0.15, 0.15, 0.15, 0.2, 0.25, 0.3, 0.35, 0.4, 0.45, 0.5, 0.55, 0.6, 0.6, 0.6, 0.6, 0.6, 0.65, 0.7, 0.75, 0.8, 0.75, 0.7, 0.65, 0.6, 0.55, 0.5, 0.45, 0.4, 0.35, 0.3, 0.25, 0.2, 0.2, 0.2, 0.2, 0.2, 0.15, 0.1, 0.05, 0.0, 0.0, 0.0, 0.0, 0.0, 0.0, 0.0, 0.0, 0.0, 0.0, 0.05, 0.1, 0.15, 0.2, 0.25, 0.3, 0.35, 0.4, 0.45, 0.5, 0.55, 0.6, 0.65, 0.7, 0.75, 0.8, 0.85, 0.9, 0.9, 0.9, 0.85, 0.8, 0.75, 0.7, 0.65, 0.6, 0.55, 0.5, 0.45, 0.4, 0.35, 0.3, 0.25, 0.25, 0.25, 0.25, 0.25, 0.25, 0.3, 0.35, 0.4, 0.45, 0.5, 0.55, 0.55, 0.55, 0.55, 0.55, 0.55, 0.55, 0.55, 0.55, 0.55, 0.5, 0.45, 0.4, 0.35, 0.3, 0.25, 0.2, 0.15, 0.1, 0.1, 0.1, 0.15, 0.2, 0.25, 0.3, 0.35, 0.4, 0.45, 0.45, 0.45, 0.45, 0.45, 0.45, 0.45, 0.45, 0.45, 0.45, 0.45, 0.45, 0.45, 0.45, 0.45, 0.45, 0.45, 0.45, 0.45, 0.4, 0.35, 0.35, 0.35, 0.4, 0.45, 0.5, 0.55, 0.6, 0.6, 0.6, 0.6, 0.6, 0.55, 0.55, 0.55, 0.55, 0.55, 0.55, 0.5, 0.5, 0.5, 0.5, 0.5, 0.45, 0.4, 0.35, 0.3, 0.25, 0.25, 0.25, 0.25, 0.25, 0.3, 0.3, 0.3, 0.3, 0.3, 0.3, 0.35, 0.4, 0.45, 0.45, 0.45, 0.45, 0.45, 0.45, 0.45, 0.45, 0.45, 0.45, 0.45, 0.45, 0.4, 0.35, 0.35, 0.35, 0.35, 0.35, 0.35, 0.35, 0.35, 0.4, 0.45, 0.5, 0.55, 0.6, 0.65, 0.65, 0.65, 0.65, 0.65, 0.65, 0.65, 0.65, 0.6, 0.55, 0.5, 0.45, 0.4, 0.35, 0.35, 0.35, 0.35, 0.35, 0.35, 0.35, 0.35, 0.4, 0.45, 0.5, 0.5, 0.5, 0.5, 0.5, 0.5, 0.5, 0.5, 0.5, 0.5, 0.55, 0.55, 0.55, 0.55, 0.55, 0.55, 0.55, 0.55, 0.5, 0.45, 0.4, 0.4, 0.4, 0.4, 0.4, 0.4, 0.45, 0.5, 0.55, 0.6, 0.6, 0.6, 0.6, 0.6, 0.55, 0.5, 0.45, 0.4, 0.4, 0.4, 0.4, 0.4, 0.45, 0.5, 0.55, 0.6, 0.6, 0.6, 0.6, 0.6, 0.6, 0.6, 0.6, 0.55, 0.55, 0.55, 0.55, 0.55, 0.55, 0.55, 0.55, 0.55, 0.5, 0.45, 0.4, 0.35, 0.3, 0.25, 0.25, 0.25, 0.25, 0.25, 0.25, 0.3, 0.35, 0.4, 0.45, 0.5, 0.55, 0.6, 0.65, 0.7, 0.75, 0.75, 0.75, 0.75, 0.75, 0.75, 0.7, 0.65, 0.6, 0.55, 0.5, 0.5, 0.5, 0.5, 0.5, 0.5, 0.5, 0.5, 0.5, 0.5, 0.45, 0.45, 0.45, 0.45, 0.45, 0.45, 0.45, 0.45, 0.45, 0.45, 0.45, 0.4, 0.35, 0.3, 0.25, 0.2, 0.2, 0.2, 0.2, 0.2, 0.25, 0.3, 0.35, 0.4, 0.45, 0.45, 0.45, 0.45, 0.45, 0.45, 0.5, 0.55, 0.6, 0.65, 0.7, 0.75, 0.75, 0.75, 0.7, 0.65, 0.6, 0.55, 0.5, 0.45, 0.4, 0.4, 0.4, 0.4, 0.4, 0.4, 0.4, 0.4, 0.4, 0.4, 0.4, 0.4, 0.4, 0.4, 0.45]","[1.168, 2.092, 3.026, 3.965, 5.367, 5.928, 6.157, 7.484, 8.467, 9.649, 10.535, 11.342, 11.775, 12.26, 12.67, 13.429, 13.667, 13.926, 14.344, 15.433, 16.332, 17.057, 17.814, 18.622, 19.408, 20.207, 20.443, 20.66, 21.434, 21.658, 21.909, 22.911, 23.182, 23.396, 24.24, 25.076, 25.292, 26.118, 26.976, 27.208, 28.254, 30.25, 30.722, 30.942, 32.002, 33.817, 34.044, 34.258, 35.15, 35.375, 36.316, 36.542, 37.584, 37.824, 38.047, 38.924, 39.664, 39.869, 40.075, 40.293, 41.129, 41.348, 42.064, 42.293, 42.781, 43.004, 43.29, 43.525, 43.756, 43.974, 44.949, 45.177, 45.415, 45.842, 46.07, 46.325, 46.574, 46.811, 47.05, 47.275, 48.1, 48.328, 48.561, 49.034, 49.272, 49.496, 49.71, 49.936, 50.17, 51.091, 51.526, 51.764, 51.997, 52.212, 52.429, 52.653, 52.896, 53.132, 53.348, 53.566, 54.371, 54.586, 54.833, 55.077, 55.291, 55.519, 55.787, 56.034, 57.04, 57.582, 57.856, 58.085, 58.327, 59.208, 59.448, 59.663, 59.873, 60.085, 60.308, 61.363, 61.573, 61.813, 62.024, 62.261, 63.369, 63.592, 63.814, 64.029, 64.246, 65.275, 65.498, 65.726, 66.159, 66.377, 67.106, 67.35, 67.577, 67.995, 68.211, 68.445, 68.824, 69.629, 69.851, 70.085, 70.311, 70.735, 71.009, 71.222, 71.435, 72.246, 72.469, 72.695, 72.913, 73.309, 74.032, 74.271, 74.495, 74.759, 75.001, 75.214, 75.459, 75.677, 76.453, 76.677, 76.905, 77.137, 77.362, 77.575, 77.812, 78.254, 78.477, 79.45, 79.688, 79.931, 80.164, 80.403, 80.636, 80.87, 81.094, 81.344, 81.575, 81.829, 82.089, 82.32, 82.568, 82.782, 84.242, 84.499, 84.746, 85.02, 85.278, 85.544, 85.769, 86.038, 86.296, 86.564, 86.817, 87.05, 87.294, 88.818, 89.057, 89.291, 89.529, 89.776, 90.035, 90.275, 90.517, 90.776, 90.995, 92.146, 92.402, 92.666, 92.94, 93.173, 93.446, 93.706, 93.919, 94.211, 94.48, 94.7, 95.54, 95.799, 96.074, 96.328, 96.564, 96.852, 97.116, 97.375, 97.595, 97.994, 98.215, 98.564, 98.781, 99.208, 99.426, 101.372, 101.58, 101.928, 102.187, 102.462, 102.694, 102.91, 104.157, 104.394, 104.653, 104.901, 105.125, 105.409, 105.724, 106.001, 106.257, 106.51, 106.759, 107.005, 107.26, 107.489, 107.747, 107.994, 108.207, 108.465, 108.688, 110.236, 110.48, 110.721, 110.949, 111.157, 111.968, 112.207, 112.491, 112.749, 113.26, 113.531, 115.023, 115.282, 115.541, 115.826, 116.059, 116.305, 116.564, 116.784, 117.054, 117.276, 117.592, 117.81, 118.653, 118.911, 119.177, 119.459, 119.728, 119.939, 120.172, 120.406, 120.645, 120.86, 121.872, 122.093, 122.351, 122.576, 122.816, 123.092, 123.376, 123.643, 123.927, 124.199, 124.498, 124.773, 125.05, 125.333, 125.613, 125.856, 126.089, 126.388, 126.662, 126.95, 127.266, 127.549, 127.825, 128.101, 128.334, 128.578, 128.836, 129.11, 129.404, 129.688, 129.946, 130.193, 130.475, 130.733, 131.043, 131.31, 131.54, 131.803, 132.078, 132.297, 132.738, 132.996, 133.256, 133.488, 133.747, 133.986, 134.21, 135.243, 135.466, 135.689, 135.922, 136.186, 136.425, 136.683, 136.946, 137.201, 137.425, 137.673, 137.905, 138.148, 138.459, 138.707, 138.927, 139.786, 140.0, 140.55, 140.809, 141.161, 141.409, 141.687, 141.946, 142.193, 142.422, 142.681, 142.914, 143.174, 143.429, 143.677, 143.934, 144.187, 144.4, 144.72, 144.944, 145.385, 145.669, 145.933, 146.193, 146.445, 146.724, 147.031, 147.3, 147.573, 149.272, 149.53, 149.743, 150.011, 150.274, 150.688, 150.922, 151.156, 151.371, 152.397, 152.619, 152.844, 153.065, 153.313, 153.562, 153.966, 154.79, 155.22, 155.459, 155.916, 156.138, 156.393, 156.692, 158.183, 158.43, 158.666, 158.9, 159.132, 159.356, 159.641, 160.587, 160.81, 161.037, 161.27, 161.503, 161.758, 161.978, 162.557, 162.856, 163.13, 163.389, 163.666, 163.92, 164.148, 164.371, 164.629, 164.853, 165.1, 165.328, 166.408, 166.621, 166.905, 167.132, 168.112, 168.362, 168.594, 168.853, 169.064, 169.295, 169.522, 169.796, 170.005, 170.921, 171.13, 171.357, 171.605, 171.829, 172.102, 172.344, 172.613, 172.846, 173.079, 173.363, 173.579, 174.529, 174.811, 175.072, 175.286, 175.578, 175.808, 176.017, 177.223, 177.477, 177.714, 177.952, 178.216, 178.435, 178.881, 179.14, 179.429, 180.561, 181.127, 181.379, 181.641, 181.878, 182.151, 182.421, 182.683, 182.948, 183.17, 183.43, 183.668, 184.672, 184.919, 185.179, 185.437, 185.685, 185.934, 186.234, 187.224, 187.479, 187.727, 187.95, 188.168, 188.445, 188.664, 189.927, 190.17, 190.418, 190.681, 190.961, 191.203, 191.459, 191.69, 191.905, 192.239, 193.128, 193.443, 193.7, 193.937, 194.196, 194.444, 194.678, 194.93, 195.175, 195.429, 195.685, 195.948, 196.181, 196.445, 196.697, 196.956, 197.929, 198.179, 198.458, 198.685, 198.96, 199.223, 199.459, 199.705, 199.96, 201.006, 201.25, 201.476, 201.723, 201.953, 202.189, 202.401, 203.274, 203.502, 203.736, 203.975, 204.196, 204.928, 205.202, 205.425, 205.652, 205.901, 206.18, 206.434, 206.702, 206.951, 207.19, 207.414, 208.343, 208.59, 208.822, 209.061, 209.324, 209.625, 209.854, 210.937, 211.175, 211.399, 211.621, 211.896, 212.115, 213.32, 213.639, 213.924, 214.145, 214.396, 214.638, 214.902, 215.133, 216.117, 216.368, 216.601, 216.86, 217.114, 217.352, 217.585, 217.798, 218.032, 218.264, 218.478, 218.744, 219.815, 220.053, 220.277, 220.515, 220.783, 221.019, 221.245, 221.457, 221.974, 222.188, 222.408, 223.401, 223.66, 223.888, 224.13, 224.387, 224.614, 224.914, 225.946, 226.406, 226.682, 226.897, 227.161, 227.398, 227.631, 227.854, 228.082, 228.341, 228.604, 228.827, 229.385, 230.195, 230.432, 230.666, 230.888, 232.061, 232.295, 232.516, 232.762, 233.002, 233.234, 233.483, 233.758, 234.0, 234.223, 234.427, 234.645, 235.465, 235.688, 235.916, 236.177, 237.195, 237.419, 237.639, 237.889, 239.071, 239.309, 239.55, 239.811, 240.057, 240.291, 240.545, 240.779, 241.005, 241.238, 241.463, 241.95, 242.196, 242.445, 242.703, 242.942, 243.2, 243.433, 243.686, 243.945, 244.167, 244.691, 244.939, 245.153, 245.402, 245.648, 245.892, 246.13, 246.343, 247.276, 247.535, 247.762, 248.015, 248.253, 248.513, 248.734, 248.982, 249.215, 249.449, 249.687, 249.945, 250.184, 250.429, 250.691, 250.934, 251.158, 251.382, 252.238, 252.46, 252.707, 252.946, 253.194, 253.451, 253.7, 253.948, 254.223, 254.465, 254.694, 254.962, 255.2, 255.484, 255.712, 256.691, 256.937, 257.186, 257.444, 257.687, 257.935, 258.195, 258.443, 258.68, 258.913, 259.437, 260.478, 260.716, 260.945, 261.198, 261.461, 261.71, 261.948, 262.206, 262.476, 262.714, 262.963, 263.205, 263.448, 263.712, 263.962, 264.245, 264.472, 264.72, 265.692, 266.27, 266.492, 266.733, 266.974, 267.22, 267.468, 267.717, 267.955, 269.005, 269.248, 269.478, 269.7, 269.97, 270.218, 270.456, 270.741, 270.984, 271.214, 271.459, 272.488, 272.719, 272.984, 273.226, 273.483, 273.732, 273.947, 274.935, 275.195, 275.465, 275.684, 276.731, 276.987, 277.24, 277.473, 277.721, 278.74, 278.989, 279.24, 279.491, 279.76, 280.717, 280.972, 281.23, 281.488, 281.728, 282.735, 282.983, 283.222, 283.48, 283.738, 283.963, 284.23, 284.491, 284.721, 284.97, 285.185, 285.482, 285.73, 285.983, 286.974, 287.2, 287.459, 287.707, 287.964, 288.213, 288.462, 288.988, 289.233, 290.218, 290.465, 290.719, 290.971, 291.228, 291.48, 291.745, 291.963, 292.504, 292.748, 292.971, 293.23, 293.499, 294.479, 294.716, 294.965, 295.208, 295.472, 295.757, 296.013, 296.27, 296.502, 296.723, 296.998, 297.232, 297.486, 298.538, 298.756, 299.003, 299.263, 299.5, 299.733, 299.997, 300.256, 300.531, 300.988, 301.25, 301.48, 301.7, 302.749, 302.999, 303.248, 303.479, 303.72, 303.969, 304.222, 304.492, 304.724, 305.017, 306.599, 306.834, 307.267, 307.513, 307.76, 308.003, 308.267, 308.49, 308.748, 309.82, 310.043, 310.281, 310.514, 310.763, 310.991, 311.249, 311.527, 312.505, 312.74, 312.989, 313.248, 313.497, 313.757, 314.009, 314.287, 315.274, 315.515, 315.763, 316.03, 316.26, 316.513, 316.762, 316.971, 318.001, 318.233, 318.481, 318.731, 318.965, 319.183, 319.46, 319.71, 320.755, 320.997, 321.255, 321.504, 321.732, 322.0, 322.274, 322.515, 322.771, 323.035, 323.273, 324.329, 324.594, 325.05, 325.297, 325.565, 325.802, 326.031, 326.269, 326.513, 326.751, 327.0, 327.254, 327.495, 327.731, 327.935, 328.778, 329.02, 329.244, 329.508, 329.747, 330.005, 330.29, 330.533, 330.766, 331.0, 331.253, 331.522, 331.782, 332.031, 332.247, 334.417, 334.653, 334.888, 335.127, 335.375, 335.599, 335.836, 336.076, 336.309, 336.549, 337.549, 337.794, 338.032, 338.281, 338.534, 338.796, 339.023, 339.257, 339.478, 340.55, 340.799, 341.052, 341.285, 341.783, 342.275, 342.536, 342.802, 343.055, 343.304, 343.532, 343.77, 344.039, 344.287, 344.566, 344.803, 345.899, 346.148, 346.413, 346.63, 346.853, 347.078, 347.325, 347.567, 347.821, 348.785, 349.024, 349.267, 349.532, 349.771, 350.809, 351.071, 351.316, 351.562, 351.798, 352.065, 352.313, 352.569, 353.629, 353.872, 354.101, 354.314, 354.564, 354.822, 355.105, 355.57, 355.787, 356.088, 356.337, 356.585, 357.553, 357.791, 358.035, 358.289, 358.532, 358.776, 359.059, 359.522, 359.78]"
mmgpiq4ct3r8s1,23,11450,11.45,0.7391304347826086,0.4,,,
mmgpiq4ct3r8s1,57,26235,26.235,0.8648648648648649,0.8,,,
mmgpiq4ct3r8s1,89,36442,36.442,0.7727272727272727,0.75,,,
mmgpiq4ct3r8s1,130,51450,51.45,0.6666666666666667,0.45,,,
mmgpiq4ct3r8s1,245,97090,97.09,0.9739130434782609,0.65,,,
mmgpiq4ct3r8s1,283,107258,107.258,0.5909090909090908,0.7,,,
mmgpiq4ct3r8s1,334,125234,125.234,0.9310344827586207,0.9,,,
mmgpiq4ct3r8s1,355,132546,132.546,0.7419354838709677,0.55,,,
mmgpiq4ct3r8s1,378,140930,140.93,0.8666666666666667,0.85,,,
mmgpiq4ct3r8s1,409,151442,151.442,0.75,0.75,,,
mmgpiq4ct3r8s1,460,167714,167.714,0.84375,0.5,,,
mmgpiq4ct3r8s1,486,176378,176.378,0.7391304347826086,0.6,,,
mmgpiq4ct3r8s1,521,194874,194.874,0.8974358974358975,0.3,,,
mmgpiq4ct3r8s1,544,210402,210.402,0.5384615384615384,0.05,,,
mmgpiq4ct3r8s1,609,282554,282.554,0.9402985074626866,0.3,,,
mmgpiq4ct3r8s1,677,306275,306.275,0.9242424242424242,0.3,,,
mmgpiq4ct3r8s1,714,318555,318.555,0.9,0.55,,,
mmgpiq4ct3r8s1,738,325994,325.994,0.8076923076923077,0.35,,,
mmgpiq4ct3r8s1,770,335293,335.293,0.736842105263158,0.35,,,
mmgpiq4ct3r8s1,802,345250,345.25,0.782608695652174,0.25,,,
mmgpiq4ct3r8s1,-1,0,0.0,0.0,0.0,"[0.0, 0.9999999999999999, 0.9999999999999999, 1.0, 0.0, 0.0, 0.0, 0.0, 0.0, 0.0, 0.0, 0.0, 0.0, 0.0, 0.0, 0.0, 0.0, 0.0, 0.0, 0.0, 0.0, 0.0, 0.0, 0.7391304347826086, 0.0, 0.0, 0.0, 0.0, 0.0, 0.0, 0.0, 0.0, 0.0, 0.0, 0.0, 0.0, 0.0, 0.0, 0.0, 0.0, 0.0, 0.0, 0.0, 0.0, 0.0, 0.0, 0.0, 0.0, 0.0, 0.0, 0.0, 0.0, 0.0, 0.0, 0.0, 0.0, 0.0, 0.8648648648648649, 0.0, 0.0, 0.0, 0.0, 0.0, 0.0, 0.0, 0.0, 0.0, 0.0, 0.0, 0.0, 0.0, 0.7222222222222222, 0.0, 0.0, 0.0, 0.0, 0.0, 0.0, 0.0, 0.0, 0.0, 0.0, 0.0, 0.0, 0.0, 0.0, 0.0, 0.0, 0.0, 0.7727272727272727, 0.0, 0.0, 0.0, 0.0, 0.0, 0.0, 0.0, 0.0, 0.0, 0.0, 0.0, 0.0, 0.0, 0.0, 0.0, 0.75, 0.0, 0.0, 0.0, 0.0, 0.0, 0.0, 0.0, 0.0, 0.0, 0.0, 0.0, 0.0, 0.0, 0.0, 0.0, 0.0, 0.0, 0.0, 0.0, 0.0, 0.0, 0.0, 0.0, 0.0, 0.6666666666666667, 0.0, 0.0, 0.0, 0.0, 0.0, 0.0, 0.0, 0.0, 0.0, 0.0, 0.0, 0.0, 0.0, 0.0, 0.0, 0.0, 0.0, 0.0, 0.0, 0.0, 0.0, 0.0, 0.0, 0.0, 0.0, 0.0, 0.0, 0.0, 0.0, 0.0, 0.0, 0.0, 0.0, 0.0, 0.0, 0.0, 0.0, 0.0, 0.0, 0.0, 0.0, 0.0, 0.0, 0.0, 0.0, 0.0, 0.0, 0.0, 0.0, 0.0, 0.0, 0.0, 0.0, 0.0, 0.0, 0.0, 0.0, 0.0, 0.0, 0.0, 0.0, 0.0, 0.0, 0.0, 0.0, 0.0, 0.0, 0.0, 0.0, 0.0, 0.0, 0.0, 0.0, 0.0, 0.0, 0.0, 0.0, 0.0, 0.0, 0.0, 0.0, 0.0, 0.0, 0.0, 0.0, 0.0, 0.0, 0.0, 0.0, 0.0, 0.0, 0.0, 0.0, 0.0, 0.0, 0.0, 0.0, 0.0, 0.0, 0.0, 0.0, 0.0, 0.0, 0.0, 0.0, 0.0, 0.0, 0.0, 0.0, 0.0, 0.0, 0.0, 0.0, 0.0, 0.9739130434782609, 0.5548165165361352, 0.0, 0.0, 0.0, 0.0, 0.0, 0.0, 0.0, 0.0, 0.0, 0.0, 0.0, 0.0, 0.0, 0.0, 0.0, 0.0, 0.0, 0.0, 0.7727272727272727, 0.0, 0.0, 0.0, 0.0, 0.0, 0.0, 0.0, 0.0, 0.0, 0.0, 0.0, 0.0, 0.0, 0.0, 0.0, 0.0, 0.0, 0.5909090909090908, 0.0, 0.0, 0.0, 0.0, 0.0, 0.0, 0.0, 0.0, 0.0, 0.0, 0.0, 0.0, 0.0, 0.0, 0.0, 0.0, 0.0, 0.0, 0.0, 0.0, 0.0, 0.0, 0.0, 0.0, 0.0, 0.0, 0.0, 0.0, 0.0, 0.0, 0.0, 0.0, 0.0, 0.0, 0.0, 0.0, 0.0, 0.0, 0.0, 0.0, 0.0, 0.0, 0.0, 0.0, 0.0, 0.0, 0.0, 0.0, 0.0, 0.0, 0.9310344827586207, 0.0, 0.0, 0.0, 0.0, 0.0, 0.0, 0.0, 0.0, 0.0, 0.0, 0.0, 0.0, 0.0, 0.0, 0.0, 0.0, 0.0, 0.0, 0.0, 0.0, 0.7419354838709677, 0.0, 0.0, 0.0, 0.0, 0.0, 0.0, 0.0, 0.0, 0.0, 0.0, 0.0, 0.0, 0.0, 0.0, 0.0, 0.0, 0.0, 0.0, 0.0, 0.0, 0.0, 0.0, 0.8666666666666667, 0.0, 0.0, 0.0, 0.0, 0.0, 0.0, 0.0, 0.0, 0.0, 0.0, 0.0, 0.0, 0.0, 0.7058823529411764, 0.0, 0.0, 0.0, 0.0, 0.0, 0.0, 0.0, 0.0, 0.0, 0.0, 0.0, 0.0, 0.0, 0.0, 0.0, 0.0, 0.75, 0.0, 0.0, 0.0, 0.0, 0.0, 0.0, 0.0, 0.0, 0.0, 0.0, 0.0, 0.0, 0.0, 0.0, 0.0, 0.0, 0.0, 0.0, 0.6521739130434783, 0.0, 0.0, 0.0, 0.0, 0.0, 0.0, 0.0, 0.0, 0.0, 0.0, 0.0, 0.0, 0.0, 0.0, 0.0, 0.0, 0.0, 0.0, 0.0, 0.0, 0.0, 0.0, 0.0, 0.0, 0.0, 0.0, 0.0, 0.0, 0.0, 0.0, 0.0, 0.84375, 0.0, 0.0, 0.0, 0.0, 0.0, 0.0, 0.0, 0.0, 0.0, 0.0, 0.0, 0.0, 0.0, 0.0, 0.0, 0.0, 0.0, 0.0, 0.0, 0.0, 0.0, 0.0, 0.0, 0.0, 0.0, 0.7391304347826086, 0.0, 0.0, 0.0, 0.0, 0.0, 0.0, 0.0, 0.0, 0.0, 0.0, 0.0, 0.0, 0.0, 0.0, 0.0, 0.0, 0.0, 0.0, 0.0, 0.0, 0.0, 0.0, 0.0, 0.0, 0.0, 0.0, 0.0, 0.0, 0.0, 0.0, 0.0, 0.0, 0.0, 0.0, 0.8974358974358975, 0.0, 0.0, 0.0, 0.0, 0.0, 0.0, 0.0, 0.0, 0.0, 0.0, 0.0, 0.0, 0.0, 0.0, 0.0, 0.0, 0.0, 0.0, 0.0, 0.0, 0.0, 0.0, 0.5384615384615384, 0.0, 0.0, 0.0, 0.0, 0.0, 0.0, 0.0, 0.0, 0.0, 0.0, 0.0, 0.0, 0.0, 0.0, 0.0, 0.0, 0.0, 0.0, 0.0, 0.0, 0.0, 0.0, 0.0, 0.0, 0.0, 0.0, 0.0, 0.0, 0.0, 0.0, 0.0, 0.0, 0.0, 0.0, 0.0, 0.0, 0.0, 0.0, 0.0, 0.0, 0.0, 0.0, 0.0, 0.0, 0.0, 0.0, 0.0, 0.0, 0.0, 0.0, 0.0, 0.0, 0.0, 0.0, 0.0, 0.0, 0.0, 0.0, 0.0, 0.0, 0.0, 0.0, 0.0, 0.0, 0.9402985074626866, 0.0, 0.0, 0.0, 0.0, 0.0, 0.0, 0.0, 0.0, 0.0, 0.0, 0.0, 0.0, 0.0, 0.0, 0.0, 0.0, 0.0, 0.0, 0.0, 0.0, 0.0, 0.0, 0.0, 0.0, 0.0, 0.0, 0.0, 0.0, 0.0, 0.0, 0.0, 0.0, 0.0, 0.0, 0.0, 0.0, 0.0, 0.0, 0.0, 0.0, 0.0, 0.0, 0.0, 0.0, 0.0, 0.0, 0.0, 0.0, 0.0, 0.0, 0.0, 0.0, 0.0, 0.0, 0.0, 0.0, 0.0, 0.0, 0.0, 0.0, 0.0, 0.0, 0.0, 0.0, 0.0, 0.0, 0.0, 0.9242424242424242, 0.0, 0.0, 0.0, 0.0, 0.0, 0.0, 0.0, 0.0, 0.0, 0.0, 0.0, 0.0, 0.0, 0.0, 0.0, 0.0, 0.0, 0.0, 0.0, 0.0, 0.0, 0.0, 0.0, 0.0, 0.0, 0.0, 0.0, 0.0, 0.0, 0.0, 0.0, 0.0, 0.0, 0.0, 0.0, 0.0, 0.9, 0.0, 0.0, 0.0, 0.0, 0.0, 0.0, 0.0, 0.0, 0.0, 0.0, 0.0, 0.0, 0.0, 0.0, 0.0, 0.0, 0.0, 0.0, 0.0, 0.0, 0.0, 0.0, 0.0, 0.8076923076923077, 0.0, 0.0, 0.0, 0.0, 0.0, 0.0, 0.0, 0.0, 0.0, 0.0, 0.0, 0.0, 0.0, 0.0, 0.0, 0.0, 0.7, 0.0, 0.0, 0.0, 0.0, 0.0, 0.0, 0.0, 0.0, 0.0, 0.0, 0.0, 0.0, 0.0, 0.0, 0.736842105263158, 0.0, 0.0, 0.0, 0.0, 0.0, 0.0, 0.0, 0.0, 0.0, 0.0, 0.0, 0.0, 0.0, 0.736842105263158, 0.0, 0.0, 0.0, 0.0, 0.0, 0.0, 0.0, 0.0, 0.0, 0.0, 0.0, 0.0, 0.0, 0.0, 0.0, 0.0, 0.0, 0.782608695652174, 0.0, 0.0, 0.0, 0.0, 0.0, 0.0, 0.0, 0.0, 0.0, 0.0, 0.0, 0.0, 0.0, 0.0, 0.0, 0.0, 0.0, 0.0, 0.0, 0.0, 0.0, 0.0, 0.0, 0.0, 0.0, 0.0, 0.0, 0.0, 0.0, 0.0, 0.0, 0.0, 0.0, 0.0, 0.0, 0.0, 0.0, 0.0, 0.0, 0.0, 0.0, 0.0, 0.0, 0.0, 0.0, 0.0, 0.0]","[0.0, 0.0, 0.0, 0.0, 0.0, 0.0, 0.0, 0.0, 0.0, 0.0, 0.0, 0.0, 0.0, 0.0, 0.0, 0.0625, 0.1176470588235294, 0.1666666666666666, 0.2105263157894736, 0.25, 0.3, 0.35, 0.4, 0.4, 0.4, 0.4, 0.4, 0.45, 0.5, 0.55, 0.6, 0.65, 0.65, 0.65, 0.65, 0.6, 0.55, 0.5, 0.45, 0.4, 0.35, 0.3, 0.3, 0.35, 0.4, 0.45, 0.5, 0.5, 0.5, 0.5, 0.5, 0.5, 0.55, 0.6, 0.65, 0.7, 0.75, 0.8, 0.85, 0.9, 0.9, 0.9, 0.85, 0.8, 0.75, 0.7, 0.65, 0.6, 0.55, 0.5, 0.45, 0.4, 0.4, 0.4, 0.4, 0.4, 0.4, 0.35, 0.3, 0.25, 0.3, 0.35, 0.4, 0.45, 0.5, 0.55, 0.6, 0.65, 0.7, 0.75, 0.8, 0.85, 0.8, 0.75, 0.7, 0.65, 0.6, 0.6, 0.6, 0.6, 0.55, 0.5, 0.45, 0.4, 0.35, 0.3, 0.25, 0.2, 0.15, 0.1, 0.05, 0.0, 0.0, 0.0, 0.0, 0.0, 0.0, 0.0, 0.05, 0.1, 0.15, 0.2, 0.25, 0.25, 0.3, 0.3, 0.35, 0.35, 0.4, 0.4, 0.45, 0.45, 0.5, 0.5, 0.55, 0.55, 0.6, 0.6, 0.6, 0.55, 0.55, 0.5, 0.5, 0.5, 0.5, 0.5, 0.5, 0.5, 0.5, 0.5, 0.5, 0.5, 0.5, 0.5, 0.5, 0.5, 0.5, 0.5, 0.5, 0.5, 0.5, 0.5, 0.5, 0.5, 0.5, 0.5, 0.5, 0.5, 0.5, 0.5, 0.5, 0.5, 0.5, 0.5, 0.5, 0.5, 0.5, 0.5, 0.5, 0.5, 0.5, 0.5, 0.5, 0.5, 0.5, 0.5, 0.5, 0.5, 0.5, 0.5, 0.5, 0.5, 0.5, 0.5, 0.5, 0.5, 0.5, 0.5, 0.5, 0.5, 0.5, 0.5, 0.5, 0.5, 0.5, 0.5, 0.5, 0.5, 0.5, 0.5, 0.5, 0.5, 0.5, 0.5, 0.5, 0.5, 0.5, 0.5, 0.5, 0.5, 0.5, 0.5, 0.5, 0.5, 0.5, 0.5, 0.5, 0.5, 0.5, 0.5, 0.5, 0.5, 0.5, 0.5, 0.5, 0.5, 0.5, 0.5, 0.5, 0.5, 0.5, 0.55, 0.55, 0.6, 0.6, 0.65, 0.65, 0.7, 0.7, 0.75, 0.75, 0.8, 0.8, 0.8, 0.75, 0.75, 0.7, 0.7, 0.65, 0.65, 0.6, 0.55, 0.5, 0.45, 0.4, 0.35, 0.35, 0.35, 0.35, 0.35, 0.35, 0.35, 0.35, 0.4, 0.45, 0.5, 0.55, 0.55, 0.55, 0.55, 0.55, 0.6, 0.65, 0.7, 0.75, 0.8, 0.8, 0.75, 0.7, 0.7, 0.7, 0.7, 0.65, 0.6, 0.55, 0.55, 0.55, 0.6, 0.65, 0.65, 0.65, 0.6, 0.6, 0.6, 0.55, 0.55, 0.55, 0.6, 0.65, 0.65, 0.65, 0.6, 0.6, 0.6, 0.6, 0.55, 0.5, 0.5, 0.5, 0.55, 0.6, 0.65, 0.65, 0.65, 0.7, 0.7, 0.7, 0.7, 0.7, 0.7, 0.7, 0.75, 0.8, 0.85, 0.9, 0.9, 0.9, 0.85, 0.8, 0.8, 0.8, 0.8, 0.8, 0.75, 0.75, 0.75, 0.75, 0.7, 0.65, 0.6, 0.6, 0.6, 0.6, 0.6, 0.55, 0.55, 0.55, 0.55, 0.55, 0.5, 0.45, 0.4, 0.4, 0.45, 0.45, 0.45, 0.45, 0.5, 0.55, 0.6, 0.6, 0.6, 0.6, 0.6, 0.65, 0.7, 0.75, 0.8, 0.85, 0.9, 0.95, 1.0, 0.95, 0.9, 0.85, 0.8, 0.75, 0.7, 0.65, 0.6, 0.55, 0.5, 0.45, 0.4, 0.35, 0.35, 0.35, 0.35, 0.35, 0.35, 0.35, 0.35, 0.4, 0.45, 0.5, 0.55, 0.6, 0.65, 0.7, 0.75, 0.8, 0.85, 0.85, 0.85, 0.85, 0.8, 0.8, 0.75, 0.75, 0.7, 0.65, 0.6, 0.6, 0.6, 0.55, 0.55, 0.5, 0.45, 0.4, 0.35, 0.3, 0.25, 0.25, 0.25, 0.25, 0.25, 0.2, 0.2, 0.15, 0.15, 0.15, 0.15, 0.1, 0.05, 0.05, 0.0, 0.0, 0.0, 0.0, 0.0, 0.0, 0.05, 0.1, 0.15, 0.2, 0.25, 0.3, 0.35, 0.4, 0.45, 0.5, 0.55, 0.6, 0.65, 0.7, 0.75, 0.8, 0.85, 0.9, 0.95, 1.0, 1.0, 1.0, 1.0, 1.0, 1.0, 0.95, 0.9, 0.85, 0.8, 0.75, 0.7, 0.65, 0.6, 0.6, 0.6, 0.6, 0.6, 0.6, 0.55, 0.5, 0.45, 0.45, 0.45, 0.4, 0.4, 0.45, 0.5, 0.55, 0.6, 0.65, 0.7, 0.75, 0.75, 0.7, 0.65, 0.6, 0.55, 0.5, 0.5, 0.5, 0.55, 0.55, 0.55, 0.6, 0.55, 0.5, 0.45, 0.4, 0.35, 0.3, 0.3, 0.3, 0.35, 0.4, 0.45, 0.45, 0.45, 0.45, 0.45, 0.45, 0.4, 0.35, 0.3, 0.25, 0.25, 0.25, 0.25, 0.25, 0.25, 0.25, 0.2, 0.15, 0.1, 0.05, 0.0, 0.0, 0.0, 0.0, 0.0, 0.0, 0.0, 0.0, 0.0, 0.0, 0.0, 0.0, 0.0, 0.0, 0.0, 0.0, 0.0, 0.0, 0.0, 0.0, 0.0, 0.0, 0.0, 0.0, 0.0, 0.0, 0.0, 0.0, 0.0, 0.0, 0.0, 0.0, 0.0, 0.0, 0.0, 0.0, 0.0, 0.0, 0.0, 0.0, 0.0, 0.0, 0.0, 0.0, 0.0, 0.0, 0.0, 0.0, 0.0, 0.0, 0.0, 0.0, 0.0, 0.0, 0.0, 0.0, 0.0, 0.0, 0.0, 0.05, 0.1, 0.15, 0.2, 0.25, 0.3, 0.35, 0.4, 0.45, 0.5, 0.55, 0.55, 0.55, 0.55, 0.55, 0.55, 0.55, 0.55, 0.55, 0.6, 0.55, 0.5, 0.45, 0.4, 0.4, 0.4, 0.4, 0.4, 0.4, 0.4, 0.4, 0.45, 0.5, 0.55, 0.55, 0.55, 0.55, 0.55, 0.55, 0.5, 0.5, 0.5, 0.5, 0.55, 0.55, 0.5, 0.5, 0.45, 0.45, 0.45, 0.45, 0.45, 0.45, 0.45, 0.5, 0.55, 0.55, 0.55, 0.55, 0.55, 0.55, 0.55, 0.6, 0.6, 0.55, 0.55, 0.5, 0.5, 0.45, 0.4, 0.35, 0.35, 0.35, 0.3, 0.3, 0.25, 0.3, 0.3, 0.3, 0.3, 0.3, 0.3, 0.25, 0.2, 0.2, 0.2, 0.2, 0.2, 0.2, 0.2, 0.2, 0.15, 0.1, 0.1, 0.1, 0.15, 0.15, 0.2, 0.25, 0.25, 0.25, 0.25, 0.25, 0.25, 0.25, 0.3, 0.35, 0.4, 0.45, 0.5, 0.55, 0.6, 0.65, 0.7, 0.7, 0.7, 0.7, 0.7, 0.7, 0.75, 0.8, 0.85, 0.85, 0.85, 0.85, 0.8, 0.75, 0.7, 0.65, 0.6, 0.55, 0.5, 0.45, 0.4, 0.35, 0.3, 0.25, 0.2, 0.2, 0.2, 0.2, 0.2, 0.25, 0.3, 0.35, 0.4, 0.45, 0.5, 0.55, 0.6, 0.65, 0.7, 0.75, 0.75, 0.75, 0.75, 0.75, 0.75, 0.7, 0.65, 0.6, 0.55, 0.5, 0.45, 0.4, 0.35, 0.35, 0.35, 0.35, 0.35, 0.35, 0.35, 0.35, 0.4, 0.45, 0.5, 0.55, 0.6, 0.65, 0.65, 0.65, 0.65, 0.65, 0.65, 0.65, 0.65, 0.6, 0.55, 0.5, 0.5, 0.5, 0.5, 0.5, 0.5, 0.45, 0.4, 0.35, 0.3, 0.25, 0.25, 0.25, 0.25, 0.25, 0.25, 0.25, 0.25, 0.3, 0.35, 0.4, 0.4, 0.4, 0.4, 0.4, 0.4, 0.45, 0.5, 0.5, 0.5, 0.5, 0.5, 0.5, 0.5, 0.5, 0.5, 0.55, 0.6, 0.6, 0.6, 0.6, 0.6, 0.6, 0.55, 0.5, 0.45, 0.4, 0.35, 0.35, 0.4, 0.45, 0.5, 0.55, 0.6, 0.65, 0.7, 0.65, 0.6]","[1.658, 1.938, 2.146, 2.37, 3.01, 3.826, 4.226, 4.595, 4.906, 5.426, 5.748, 5.986, 6.546, 7.058, 7.306, 8.242, 8.562, 8.778, 9.002, 9.252, 9.602, 9.914, 10.77, 11.45, 11.962, 12.188, 12.41, 12.842, 13.051, 13.258, 13.69, 14.138, 14.682, 15.003, 15.49, 15.802, 16.098, 16.41, 16.682, 17.307, 17.754, 18.042, 18.61, 19.034, 19.418, 19.891, 20.538, 21.474, 21.97, 22.554, 22.818, 23.106, 23.674, 23.986, 24.33, 24.779, 25.714, 26.235, 26.442, 26.731, 27.45, 27.706, 27.948, 28.187, 28.57, 28.811, 29.042, 29.266, 29.506, 29.786, 30.09, 30.332, 31.155, 31.378, 31.594, 31.842, 32.09, 32.699, 32.938, 33.171, 33.668, 33.882, 34.122, 34.378, 34.61, 34.869, 35.178, 35.962, 36.21, 36.442, 36.698, 36.938, 37.442, 37.858, 38.194, 38.474, 38.722, 38.978, 39.226, 39.514, 40.074, 40.434, 40.73, 41.042, 41.314, 41.618, 41.908, 42.194, 42.492, 42.826, 43.122, 43.426, 43.692, 43.986, 44.267, 44.538, 44.826, 45.138, 45.802, 46.011, 46.228, 46.466, 46.714, 47.914, 48.682, 49.186, 49.667, 50.146, 50.618, 51.034, 51.45, 51.874, 52.322, 52.762, 53.195, 53.642, 54.05, 54.474, 54.938, 55.339, 55.762, 56.218, 56.61, 57.29, 57.674, 58.053, 58.53, 58.93, 59.346, 59.722, 60.235, 60.587, 60.987, 61.389, 61.811, 62.202, 62.578, 62.93, 63.34, 63.714, 64.098, 64.45, 64.81, 65.218, 65.546, 65.818, 66.178, 66.467, 66.81, 67.131, 67.51, 67.794, 68.146, 68.46, 68.786, 69.13, 69.506, 69.787, 70.163, 70.674, 71.082, 71.499, 71.866, 72.23, 72.634, 73.013, 73.413, 73.874, 74.299, 74.69, 75.122, 75.498, 75.93, 76.316, 76.732, 77.122, 77.57, 77.954, 78.37, 78.778, 79.203, 79.586, 79.994, 80.419, 81.435, 81.946, 82.49, 82.946, 83.53, 84.162, 84.906, 85.29, 85.69, 86.021, 86.357, 86.707, 87.082, 87.402, 87.757, 88.05, 88.386, 88.698, 89.043, 89.378, 89.708, 90.034, 90.394, 90.754, 91.093, 91.434, 91.81, 92.138, 92.522, 92.827, 93.162, 93.499, 93.882, 94.227, 94.579, 94.938, 95.298, 95.674, 96.203, 96.434, 96.834, 97.09, 97.522, 97.882, 98.122, 98.364, 98.61, 98.834, 99.235, 99.498, 99.834, 100.058, 100.266, 100.483, 100.748, 100.955, 101.17, 101.411, 101.684, 101.906, 102.123, 102.371, 102.717, 102.93, 103.139, 103.354, 103.578, 103.794, 104.026, 104.244, 104.46, 104.667, 104.89, 105.586, 105.802, 106.018, 106.229, 106.73, 107.02, 107.258, 107.498, 107.73, 107.955, 108.347, 108.73, 109.29, 109.604, 109.842, 110.53, 110.739, 110.955, 111.266, 111.539, 111.818, 112.258, 112.541, 112.762, 113.002, 113.54, 114.05, 114.53, 114.946, 115.34, 115.85, 116.098, 116.618, 116.827, 117.314, 118.123, 118.498, 118.882, 119.106, 119.444, 119.77, 120.245, 120.629, 121.442, 121.826, 122.146, 122.434, 122.666, 123.05, 123.258, 123.467, 123.706, 123.931, 124.17, 124.378, 124.581, 125.026, 125.234, 125.738, 126.058, 126.3, 126.69, 127.154, 127.554, 127.762, 127.978, 128.301, 128.834, 129.058, 129.286, 129.85, 130.106, 130.314, 131.085, 131.499, 131.722, 131.946, 132.306, 132.546, 132.794, 133.021, 133.227, 133.498, 133.714, 133.938, 134.563, 135.034, 135.466, 135.89, 136.282, 136.65, 137.058, 137.458, 137.85, 138.29, 138.642, 139.066, 139.466, 139.826, 140.194, 140.562, 140.93, 141.299, 141.714, 142.05, 142.562, 142.994, 143.33, 143.661, 144.002, 144.371, 144.714, 145.05, 145.413, 145.738, 146.046, 146.365, 146.698, 147.114, 147.386, 147.731, 148.026, 148.349, 148.65, 148.978, 149.282, 149.586, 149.891, 150.178, 150.562, 150.842, 151.139, 151.442, 151.73, 152.003, 152.41, 152.7, 153.035, 153.331, 153.706, 154.099, 154.458, 154.835, 155.259, 155.674, 156.036, 156.322, 156.706, 157.09, 157.426, 157.73, 157.978, 158.211, 158.611, 159.098, 160.179, 160.49, 160.773, 161.074, 161.362, 161.642, 161.891, 162.146, 162.402, 162.692, 162.93, 163.178, 163.434, 163.738, 164.002, 164.338, 164.586, 164.85, 165.092, 165.642, 165.898, 166.122, 166.346, 166.578, 166.795, 167.013, 167.234, 167.474, 167.714, 168.219, 168.458, 168.69, 168.954, 169.234, 169.538, 169.786, 170.066, 170.338, 170.634, 170.874, 171.122, 171.37, 171.65, 171.97, 172.579, 173.05, 173.65, 174.202, 174.738, 175.003, 175.274, 175.516, 175.916, 176.155, 176.378, 176.618, 176.858, 177.154, 177.418, 177.684, 178.122, 178.362, 181.346, 183.954, 184.178, 184.466, 184.723, 185.018, 185.258, 185.556, 185.802, 186.178, 186.546, 186.818, 187.25, 187.618, 187.898, 188.731, 189.026, 189.65, 189.946, 190.154, 191.746, 192.234, 192.986, 193.258, 193.466, 193.89, 194.162, 194.874, 195.314, 195.73, 196.042, 196.251, 196.715, 197.138, 197.466, 197.698, 198.186, 199.738, 200.298, 200.732, 201.226, 202.098, 202.89, 203.666, 204.522, 205.362, 206.419, 207.41, 208.434, 209.394, 210.402, 211.386, 212.37, 213.578, 214.298, 215.226, 216.29, 217.202, 218.266, 219.282, 220.474, 221.554, 222.779, 223.874, 225.138, 226.29, 227.498, 228.939, 230.186, 231.314, 232.682, 234.05, 235.298, 236.626, 237.986, 239.211, 240.506, 241.81, 243.122, 244.426, 245.674, 246.794, 248.146, 249.466, 250.666, 251.794, 252.986, 254.234, 255.418, 256.482, 257.627, 258.714, 259.866, 261.05, 262.202, 263.274, 264.25, 265.261, 266.218, 267.138, 268.099, 269.003, 269.97, 270.939, 271.867, 272.914, 273.946, 274.906, 275.891, 276.821, 277.81, 278.835, 279.827, 280.73, 281.571, 282.554, 283.45, 284.362, 285.109, 285.386, 285.634, 285.898, 286.202, 286.42, 286.645, 286.853, 287.074, 287.283, 287.506, 287.738, 288.003, 288.411, 288.628, 288.835, 289.33, 289.706, 290.003, 290.234, 290.466, 290.674, 290.883, 291.098, 291.315, 291.698, 291.922, 292.17, 292.41, 292.78, 292.986, 293.381, 293.674, 293.906, 294.115, 294.41, 295.242, 295.474, 295.683, 295.906, 296.115, 296.738, 297.106, 297.468, 297.835, 298.058, 298.419, 298.77, 299.002, 299.212, 299.818, 300.21, 300.474, 300.683, 301.258, 301.65, 302.082, 302.306, 302.514, 303.106, 303.53, 304.162, 304.65, 305.194, 305.762, 306.275, 306.707, 307.123, 307.538, 307.925, 308.314, 308.724, 309.125, 309.523, 309.876, 310.202, 310.546, 310.844, 311.138, 311.378, 311.627, 311.898, 312.266, 312.531, 312.778, 313.059, 313.45, 313.85, 314.138, 314.412, 314.643, 314.946, 315.218, 315.442, 315.666, 316.029, 316.25, 316.714, 317.09, 317.434, 317.794, 318.219, 318.555, 318.802, 319.05, 319.37, 319.586, 319.81, 320.266, 320.666, 321.115, 321.394, 321.619, 322.058, 322.506, 322.938, 323.162, 323.378, 323.762, 323.97, 324.186, 324.578, 324.794, 325.146, 325.371, 325.61, 325.994, 326.604, 326.85, 327.082, 327.626, 327.842, 328.09, 328.338, 328.562, 328.866, 329.098, 329.372, 329.61, 329.882, 330.147, 330.394, 330.634, 330.85, 331.242, 331.53, 331.842, 332.138, 332.395, 332.626, 332.85, 333.082, 333.291, 333.539, 333.882, 334.147, 334.386, 334.65, 335.293, 335.714, 335.946, 336.194, 336.413, 336.634, 336.866, 337.298, 337.674, 337.987, 338.228, 338.466, 338.682, 339.387, 339.763, 340.163, 340.563, 340.782, 341.01, 341.378, 341.618, 341.866, 342.09, 342.442, 342.755, 343.084, 343.322, 343.538, 344.026, 344.434, 344.746, 344.97, 345.25, 345.49, 345.718, 345.93, 346.178, 346.394, 346.658, 346.891, 347.254, 347.469, 347.714, 347.962, 348.242, 348.53, 348.81, 349.09, 349.346, 349.61, 349.93, 350.139, 350.362, 350.594, 351.114, 351.346, 351.578, 351.842, 352.13, 352.362, 352.634, 352.858, 353.082, 353.314, 353.562, 353.946, 354.357, 355.002, 355.282, 355.74, 356.011, 356.73, 357.13, 357.514, 358.25, 358.554, 358.97, 359.186, 359.554, 359.877]"
mmgpqa16u4u07b,86,32551,32.551,0.9259259259259259,0.6,,,
mmgpqa16u4u07b,115,41575,41.575,0.9117647058823529,0.35,,,
mmgpqa16u4u07b,156,59188,59.188,0.9069767441860466,0.7,,,
mmgpqa16u4u07b,208,79130,79.13,0.8484848484848485,0.6,,,
mmgpqa16u4u07b,238,90856,90.856,0.8260869565217391,0.5,,,
mmgpqa16u4u07b,260,99427,99.427,0.6,0.8,,,
mmgpqa16u4u07b,286,109206,109.206,0.8823529411764706,0.4,,,
mmgpqa16u4u07b,338,130470,130.47,0.8928571428571429,0.65,,,
mmgpqa16u4u07b,402,155425,155.425,0.9428571428571428,0.8,,,
mmgpqa16u4u07b,434,167413,167.413,0.8529411764705882,0.6,,,
mmgpqa16u4u07b,481,183668,183.668,0.8666666666666667,0.4,,,
mmgpqa16u4u07b,530,202342,202.342,0.926829268292683,0.4,,,
mmgpqa16u4u07b,561,212153,212.153,0.8387096774193549,0.45,,,
mmgpqa16u4u07b,604,227532,227.532,0.8076923076923077,0.65,,,
mmgpqa16u4u07b,646,240629,240.629,0.8857142857142857,0.1,,,
mmgpqa16u4u07b,684,252455,252.455,0.7619047619047619,0.2,,,
mmgpqa16u4u07b,705,258687,258.687,0.7916666666666666,0.5,,,
mmgpqa16u4u07b,726,264907,264.907,0.7727272727272727,0.4,,,
mmgpqa16u4u07b,774,282745,282.745,0.7727272727272727,0.6,,,
mmgpqa16u4u07b,811,295803,295.803,0.9024390243902439,0.35,,,
mmgpqa16u4u07b,853,311068,311.068,0.8913043478260869,0.2,,,
mmgpqa16u4u07b,879,320669,320.669,0.9305555555555556,0.2,,,
mmgpqa16u4u07b,941,344295,344.295,0.8260869565217391,0.3,,,
mmgpqa16u4u07b,-1,0,0.0,0.0,0.0,"[0.0, 0.9999999999999999, 0.9999999999999999, 1.0, 0.0, 0.0, 0.0, 0.0, 0.0, 0.0, 0.0, 0.0, 0.0, 0.0, 0.0, 0.0, 0.0, 0.0, 0.0, 0.0, 0.0, 0.0, 0.0, 0.0, 0.0, 0.0, 0.0, 0.0, 0.0, 0.0, 0.0, 0.0, 0.0, 0.0, 0.0, 0.0, 0.0, 0.0, 0.0, 0.0, 0.0, 0.0, 0.0, 0.0, 0.0, 0.0, 0.0, 0.0, 0.0, 0.0, 0.0, 0.0, 0.0, 0.0, 0.0, 0.0, 0.0, 0.0, 0.0, 0.0, 0.0, 0.0, 0.0, 0.0, 0.0, 0.0, 0.0, 0.0, 0.0, 0.0, 0.0, 0.0, 0.0, 0.0, 0.7971014492753623, 0.0, 0.0, 0.0, 0.0, 0.0, 0.0, 0.0, 0.0, 0.0, 0.0, 0.0, 0.9259259259259259, 0.0, 0.0, 0.0, 0.0, 0.0, 0.0, 0.0, 0.0, 0.0, 0.0, 0.0, 0.0, 0.0, 0.0, 0.0, 0.0, 0.0, 0.0, 0.0, 0.0, 0.0, 0.0, 0.0, 0.0, 0.0, 0.0, 0.0, 0.0, 0.9117647058823529, 0.6182683691057587, 0.0, 0.0, 0.0, 0.0, 0.0, 0.0, 0.0, 0.0, 0.0, 0.0, 0.0, 0.0, 0.0, 0.0, 0.0, 0.0, 0.0, 0.5714285714285714, 0.0, 0.0, 0.0, 0.0, 0.0, 0.0, 0.0, 0.0, 0.0, 0.0, 0.0, 0.0, 0.0, 0.0, 0.0, 0.0, 0.0, 0.0, 0.0, 0.0, 0.0, 0.9069767441860466, 0.0, 0.0, 0.0, 0.0, 0.0, 0.0, 0.0, 0.0, 0.0, 0.0, 0.0, 0.0, 0.0, 0.0, 0.0, 0.0, 0.0, 0.0, 0.0, 0.0, 0.0, 0.0, 0.0, 0.0, 0.0, 0.0, 0.0, 0.0, 0.0, 0.0, 0.0, 0.0, 0.0, 0.0, 0.0, 0.0, 0.0, 0.0, 0.0, 0.0, 0.0, 0.0, 0.0, 0.0, 0.0, 0.0, 0.0, 0.0, 0.0, 0.0, 0.0, 0.8484848484848485, 0.0, 0.0, 0.0, 0.0, 0.0, 0.0, 0.0, 0.0, 0.0, 0.0, 0.0, 0.625, 0.0, 0.0, 0.0, 0.0, 0.0, 0.0, 0.0, 0.0, 0.0, 0.0, 0.0, 0.0, 0.0, 0.0, 0.0, 0.0, 0.0, 0.8260869565217391, 0.0, 0.0, 0.0, 0.0, 0.0, 0.0, 0.0, 0.0, 0.0, 0.0, 0.0, 0.0, 0.0, 0.0, 0.0, 0.0, 0.0, 0.0, 0.0, 0.0, 0.0, 0.6, 0.0, 0.0, 0.0, 0.0, 0.0, 0.0, 0.0, 0.0, 0.0, 0.0, 0.0, 0.0, 0.0, 0.0, 0.0, 0.0, 0.0, 0.0, 0.0, 0.0, 0.0, 0.0, 0.0, 0.0, 0.0, 0.8823529411764706, 0.0, 0.0, 0.0, 0.0, 0.0, 0.0, 0.0, 0.0, 0.0, 0.0, 0.0, 0.0, 0.0, 0.0, 0.0, 0.0, 0.0, 0.0, 0.0, 0.0, 0.0, 0.0, 0.0, 0.0, 0.0, 0.0, 0.0, 0.0, 0.0, 0.0, 0.0, 0.0, 0.0, 0.0, 0.0, 0.0, 0.0, 0.0, 0.0, 0.0, 0.0, 0.0, 0.0, 0.0, 0.0, 0.0, 0.0, 0.0, 0.0, 0.0, 0.0, 0.8928571428571429, 0.0, 0.0, 0.0, 0.0, 0.0, 0.0, 0.0, 0.0, 0.0, 0.0, 0.0, 0.7352941176470589, 0.0, 0.0, 0.0, 0.0, 0.0, 0.0, 0.0, 0.0, 0.0, 0.0, 0.0, 0.0, 0.0, 0.0, 0.0, 0.0, 0.0, 0.0, 0.0, 0.0, 0.0, 0.0, 0.0, 0.0, 0.0, 0.0, 0.0, 0.0, 0.0, 0.0, 0.0, 0.64, 0.0, 0.0, 0.0, 0.0, 0.0, 0.0, 0.0, 0.0, 0.0, 0.0, 0.0, 0.0, 0.0, 0.0, 0.0, 0.0, 0.0, 0.0, 0.0, 0.9428571428571428, 0.0, 0.0, 0.0, 0.0, 0.0, 0.0, 0.0, 0.0, 0.0, 0.0, 0.0, 0.0, 0.0, 0.0, 0.0, 0.0, 0.0, 0.0, 0.0, 0.0, 0.0, 0.0, 0.0, 0.0, 0.0, 0.0, 0.0, 0.0, 0.0, 0.0, 0.0, 0.8529411764705882, 0.0, 0.0, 0.0, 0.0, 0.0, 0.0, 0.0, 0.0, 0.0, 0.0, 0.0, 0.0, 0.6470588235294117, 0.0, 0.0, 0.0, 0.0, 0.0, 0.0, 0.0, 0.0, 0.0, 0.0, 0.0, 0.0, 0.0, 0.0, 0.0, 0.6060606060606061, 0.0, 0.0, 0.0, 0.0, 0.0, 0.0, 0.0, 0.0, 0.0, 0.0, 0.0, 0.0, 0.0, 0.0, 0.0, 0.0, 0.0, 0.8666666666666667, 0.0, 0.0, 0.0, 0.0, 0.0, 0.0, 0.0, 0.0, 0.0, 0.0, 0.0, 0.0, 0.0, 0.0, 0.0, 0.0, 0.0, 0.0, 0.0, 0.0, 0.0, 0.0, 0.0, 0.0, 0.0, 0.0, 0.0, 0.0, 0.0, 0.0, 0.0, 0.0, 0.0, 0.0, 0.0, 0.0, 0.0, 0.0, 0.0, 0.0, 0.0, 0.0, 0.0, 0.0, 0.0, 0.0, 0.0, 0.0, 0.926829268292683, 0.7050228262549257, 0.0, 0.0, 0.0, 0.0, 0.0, 0.0, 0.0, 0.0, 0.0, 0.0, 0.0, 0.0, 0.0, 0.0, 0.0, 0.0, 0.0, 0.0, 0.0, 0.0, 0.0, 0.0, 0.0, 0.0, 0.0, 0.0, 0.0, 0.0, 0.0, 0.8387096774193549, 0.0, 0.0, 0.0, 0.0, 0.0, 0.0, 0.0, 0.0, 0.0, 0.0, 0.0, 0.0, 0.0, 0.0, 0.0, 0.0, 0.0, 0.0, 0.0, 0.7727272727272727, 0.0, 0.0, 0.0, 0.0, 0.0, 0.0, 0.0, 0.0, 0.0, 0.0, 0.0, 0.0, 0.0, 0.0, 0.0, 0.0, 0.0, 0.0, 0.0, 0.0, 0.0, 0.0, 0.8076923076923077, 0.0, 0.0, 0.0, 0.0, 0.0, 0.0, 0.0, 0.0, 0.0, 0.0, 0.0, 0.0, 0.0, 0.0, 0.0, 0.5238095238095238, 0.0, 0.0, 0.0, 0.0, 0.0, 0.0, 0.0, 0.0, 0.0, 0.0, 0.0, 0.0, 0.0, 0.0, 0.0, 0.0, 0.0, 0.0, 0.0, 0.0, 0.0, 0.0, 0.0, 0.0, 0.0, 0.8857142857142857, 0.0, 0.0, 0.0, 0.0, 0.0, 0.0, 0.0, 0.0, 0.0, 0.0, 0.0, 0.0, 0.0, 0.0, 0.0, 0.0, 0.0, 0.0, 0.0, 0.782608695652174, 0.0, 0.0, 0.0, 0.0, 0.0, 0.0, 0.0, 0.0, 0.0, 0.0, 0.0, 0.0, 0.0, 0.0, 0.0, 0.0, 0.0, 0.7619047619047619, 0.0, 0.0, 0.0, 0.0, 0.0, 0.0, 0.0, 0.0, 0.0, 0.0, 0.0, 0.0, 0.0, 0.0, 0.0, 0.0, 0.0, 0.0, 0.0, 0.0, 0.7916666666666666, 0.0, 0.0, 0.0, 0.0, 0.0, 0.0, 0.0, 0.0, 0.0, 0.0, 0.0, 0.0, 0.0, 0.0, 0.0, 0.0, 0.0, 0.0, 0.0, 0.0, 0.7727272727272727, 0.0, 0.0, 0.0, 0.0, 0.0, 0.0, 0.0, 0.0, 0.0, 0.0, 0.0, 0.0, 0.0, 0.0, 0.0, 0.0, 0.75, 0.0, 0.0, 0.0, 0.0, 0.0, 0.0, 0.0, 0.0, 0.0, 0.0, 0.0, 0.0, 0.0, 0.736842105263158, 0.0, 0.0, 0.0, 0.0, 0.0, 0.0, 0.0, 0.0, 0.0, 0.0, 0.0, 0.0, 0.0, 0.0, 0.0, 0.0, 0.7727272727272727, 0.0, 0.0, 0.0, 0.0, 0.0, 0.0, 0.0, 0.0, 0.0, 0.0, 0.0, 0.0, 0.0, 0.0, 0.0, 0.0, 0.0, 0.0, 0.0, 0.625, 0.0, 0.0, 0.0, 0.0, 0.0, 0.0, 0.0, 0.0, 0.0, 0.0, 0.0, 0.0, 0.0, 0.0, 0.0, 0.0, 0.9024390243902439, 0.0, 0.0, 0.0, 0.0, 0.0, 0.0, 0.0, 0.0, 0.0, 0.0, 0.0, 0.0, 0.0, 0.0, 0.0, 0.0, 0.0, 0.0, 0.0, 0.0, 0.0, 0.8076923076923077, 0.0, 0.0, 0.0, 0.0, 0.0, 0.0, 0.0, 0.0, 0.0, 0.0, 0.0, 0.0, 0.0, 0.0, 0.0, 0.0, 0.0, 0.0, 0.0, 0.8913043478260869, 0.0, 0.0, 0.0, 0.0, 0.0, 0.0, 0.0, 0.0, 0.0, 0.0, 0.0, 0.0, 0.0, 0.0, 0.0, 0.0, 0.0, 0.0, 0.0, 0.0, 0.0, 0.0, 0.0, 0.0, 0.0, 0.9305555555555556, 0.0, 0.0, 0.0, 0.0, 0.0, 0.0, 0.0, 0.0, 0.0, 0.0, 0.0, 0.0, 0.0, 0.0, 0.8, 0.0, 0.0, 0.0, 0.0, 0.0, 0.0, 0.0, 0.0, 0.0, 0.0, 0.0, 0.0, 0.0, 0.0, 0.0, 0.0, 0.0, 0.0, 0.0, 0.0, 0.0, 0.0, 0.0, 0.0, 0.0, 0.0, 0.0, 0.0, 0.0, 0.8235294117647058, 0.0, 0.0, 0.0, 0.0, 0.0, 0.0, 0.0, 0.0, 0.0, 0.0, 0.0, 0.0, 0.0, 0.0, 0.0, 0.0, 0.8260869565217391, 0.0, 0.0, 0.0, 0.0, 0.0, 0.0, 0.0, 0.0, 0.0, 0.0, 0.0, 0.0, 0.0, 0.0, 0.0, 0.0, 0.0, 0.0, 0.0, 0.0, 0.0, 0.0, 0.0, 0.0, 0.0, 0.0, 0.0, 0.0, 0.0, 0.0, 0.0, 0.0, 0.0, 0.0, 0.0, 0.0, 0.0, 0.0, 0.0, 0.0, 0.0, 0.0, 0.0, 0.0]","[0.0, 0.0, 0.0, 0.0, 0.2, 0.3333333333333333, 0.4285714285714285, 0.375, 0.3333333333333333, 0.3, 0.3636363636363636, 0.4166666666666667, 0.4615384615384615, 0.5, 0.5333333333333333, 0.5625, 0.5294117647058824, 0.5, 0.4736842105263157, 0.45, 0.45, 0.45, 0.45, 0.5, 0.5, 0.5, 0.5, 0.55, 0.6, 0.6, 0.55, 0.5, 0.45, 0.4, 0.35, 0.3, 0.3, 0.3, 0.35, 0.4, 0.45, 0.5, 0.55, 0.5, 0.45, 0.4, 0.35, 0.3, 0.25, 0.25, 0.3, 0.35, 0.4, 0.45, 0.5, 0.55, 0.55, 0.55, 0.5, 0.45, 0.4, 0.35, 0.3, 0.3, 0.3, 0.3, 0.3, 0.3, 0.3, 0.3, 0.3, 0.3, 0.3, 0.3, 0.3, 0.3, 0.35, 0.4, 0.45, 0.45, 0.45, 0.5, 0.55, 0.6, 0.6, 0.6, 0.6, 0.6, 0.6, 0.6, 0.55, 0.55, 0.55, 0.55, 0.55, 0.55, 0.55, 0.55, 0.55, 0.6, 0.65, 0.65, 0.65, 0.6, 0.6, 0.6, 0.6, 0.6, 0.6, 0.6, 0.6, 0.55, 0.5, 0.45, 0.4, 0.35, 0.3, 0.25, 0.2, 0.2, 0.2, 0.2, 0.2, 0.25, 0.3, 0.35, 0.4, 0.45, 0.5, 0.5, 0.5, 0.5, 0.5, 0.5, 0.5, 0.5, 0.5, 0.5, 0.5, 0.45, 0.4, 0.35, 0.3, 0.3, 0.3, 0.3, 0.3, 0.3, 0.3, 0.35, 0.4, 0.45, 0.5, 0.55, 0.6, 0.65, 0.7, 0.7, 0.7, 0.7, 0.7, 0.7, 0.7, 0.65, 0.6, 0.55, 0.55, 0.55, 0.55, 0.55, 0.55, 0.55, 0.55, 0.55, 0.55, 0.5, 0.45, 0.45, 0.45, 0.45, 0.45, 0.45, 0.45, 0.45, 0.45, 0.45, 0.45, 0.45, 0.45, 0.45, 0.45, 0.45, 0.4, 0.35, 0.3, 0.3, 0.3, 0.3, 0.3, 0.3, 0.35, 0.4, 0.45, 0.5, 0.55, 0.6, 0.6, 0.6, 0.6, 0.6, 0.55, 0.5, 0.55, 0.6, 0.65, 0.7, 0.75, 0.8, 0.85, 0.9, 0.9, 0.9, 0.9, 0.9, 0.9, 0.9, 0.9, 0.9, 0.9, 0.85, 0.85, 0.85, 0.8, 0.75, 0.7, 0.65, 0.6, 0.55, 0.5, 0.45, 0.4, 0.4, 0.4, 0.4, 0.4, 0.4, 0.4, 0.4, 0.4, 0.45, 0.5, 0.55, 0.6, 0.6, 0.6, 0.6, 0.6, 0.65, 0.7, 0.75, 0.8, 0.8, 0.8, 0.8, 0.8, 0.8, 0.8, 0.8, 0.8, 0.75, 0.7, 0.65, 0.6, 0.65, 0.7, 0.75, 0.8, 0.8, 0.8, 0.75, 0.7, 0.65, 0.6, 0.55, 0.5, 0.45, 0.4, 0.4, 0.4, 0.45, 0.5, 0.55, 0.6, 0.55, 0.5, 0.45, 0.4, 0.35, 0.3, 0.3, 0.35, 0.4, 0.45, 0.5, 0.55, 0.6, 0.65, 0.65, 0.65, 0.6, 0.55, 0.5, 0.45, 0.45, 0.45, 0.45, 0.45, 0.5, 0.55, 0.6, 0.6, 0.6, 0.6, 0.6, 0.55, 0.5, 0.45, 0.4, 0.35, 0.4, 0.45, 0.5, 0.55, 0.6, 0.65, 0.7, 0.75, 0.7, 0.65, 0.6, 0.55, 0.5, 0.45, 0.45, 0.5, 0.55, 0.6, 0.65, 0.7, 0.7, 0.7, 0.7, 0.7, 0.7, 0.7, 0.7, 0.7, 0.7, 0.7, 0.7, 0.7, 0.7, 0.7, 0.65, 0.6, 0.55, 0.55, 0.55, 0.55, 0.55, 0.55, 0.55, 0.55, 0.55, 0.55, 0.55, 0.5, 0.5, 0.5, 0.5, 0.5, 0.5, 0.5, 0.5, 0.55, 0.6, 0.6, 0.6, 0.6, 0.6, 0.6, 0.6, 0.55, 0.5, 0.45, 0.45, 0.5, 0.55, 0.6, 0.65, 0.7, 0.75, 0.8, 0.85, 0.85, 0.85, 0.85, 0.85, 0.85, 0.85, 0.85, 0.85, 0.9, 0.95, 1.0, 1.0, 1.0, 1.0, 1.0, 1.0, 1.0, 1.0, 1.0, 1.0, 1.0, 0.95, 0.9, 0.85, 0.8, 0.75, 0.7, 0.65, 0.6, 0.6, 0.6, 0.6, 0.6, 0.6, 0.6, 0.6, 0.55, 0.5, 0.45, 0.4, 0.35, 0.35, 0.35, 0.4, 0.45, 0.5, 0.55, 0.6, 0.65, 0.65, 0.65, 0.65, 0.65, 0.65, 0.65, 0.65, 0.7, 0.75, 0.8, 0.85, 0.85, 0.85, 0.85, 0.8, 0.75, 0.7, 0.65, 0.65, 0.65, 0.65, 0.65, 0.65, 0.65, 0.6, 0.55, 0.5, 0.45, 0.4, 0.35, 0.3, 0.3, 0.35, 0.4, 0.45, 0.5, 0.55, 0.6, 0.6, 0.6, 0.6, 0.6, 0.6, 0.6, 0.6, 0.6, 0.6, 0.6, 0.6, 0.6, 0.6, 0.6, 0.6, 0.6, 0.6, 0.6, 0.6, 0.6, 0.6, 0.6, 0.6, 0.6, 0.6, 0.6, 0.65, 0.7, 0.7, 0.7, 0.7, 0.7, 0.7, 0.7, 0.65, 0.6, 0.55, 0.5, 0.45, 0.4, 0.35, 0.3, 0.25, 0.2, 0.15, 0.1, 0.05, 0.0, 0.0, 0.0, 0.0, 0.0, 0.0, 0.0, 0.0, 0.0, 0.0, 0.0, 0.0, 0.0, 0.0, 0.0, 0.05, 0.1, 0.15, 0.2, 0.25, 0.3, 0.35, 0.4, 0.45, 0.5, 0.55, 0.6, 0.65, 0.7, 0.75, 0.75, 0.75, 0.75, 0.75, 0.75, 0.7, 0.65, 0.6, 0.55, 0.5, 0.45, 0.4, 0.35, 0.3, 0.25, 0.2, 0.15, 0.1, 0.1, 0.1, 0.15, 0.2, 0.25, 0.3, 0.35, 0.35, 0.35, 0.35, 0.35, 0.35, 0.35, 0.4, 0.45, 0.5, 0.55, 0.6, 0.65, 0.7, 0.7, 0.65, 0.6, 0.55, 0.5, 0.45, 0.4, 0.4, 0.4, 0.4, 0.4, 0.4, 0.4, 0.35, 0.3, 0.3, 0.3, 0.3, 0.3, 0.3, 0.3, 0.35, 0.4, 0.4, 0.4, 0.4, 0.4, 0.4, 0.4, 0.4, 0.4, 0.4, 0.4, 0.4, 0.4, 0.35, 0.3, 0.25, 0.2, 0.15, 0.1, 0.05, 0.0, 0.0, 0.0, 0.0, 0.0, 0.0, 0.0, 0.0, 0.0, 0.05, 0.1, 0.15, 0.2, 0.25, 0.3, 0.35, 0.4, 0.45, 0.5, 0.55, 0.6, 0.6, 0.6, 0.6, 0.6, 0.6, 0.6, 0.6, 0.6, 0.55, 0.5, 0.45, 0.4, 0.35, 0.3, 0.25, 0.2, 0.15, 0.1, 0.05, 0.0, 0.0, 0.0, 0.0, 0.0, 0.0, 0.0, 0.0, 0.05, 0.1, 0.15, 0.2, 0.25, 0.3, 0.35, 0.4, 0.45, 0.5, 0.55, 0.6, 0.65, 0.7, 0.75, 0.8, 0.85, 0.9, 0.95, 0.95, 0.9, 0.85, 0.8, 0.75, 0.7, 0.65, 0.6, 0.55, 0.5, 0.45, 0.4, 0.35, 0.3, 0.25, 0.25, 0.25, 0.25, 0.25, 0.25, 0.3, 0.35, 0.4, 0.45, 0.5, 0.55, 0.6, 0.65, 0.65, 0.65, 0.65, 0.65, 0.65, 0.65, 0.65, 0.6, 0.55, 0.5, 0.45, 0.4, 0.35, 0.3, 0.3, 0.3, 0.3, 0.3, 0.3, 0.3, 0.35, 0.35, 0.35, 0.35, 0.35, 0.4, 0.45, 0.5, 0.55, 0.6, 0.6, 0.6, 0.6, 0.6, 0.55, 0.55, 0.55, 0.55, 0.55, 0.55, 0.55, 0.6, 0.65, 0.7, 0.75, 0.75, 0.75, 0.75, 0.75, 0.75, 0.8, 0.8, 0.8, 0.8, 0.8, 0.75, 0.7, 0.65, 0.6, 0.6, 0.6, 0.6, 0.6, 0.6, 0.55, 0.5, 0.45, 0.4, 0.35, 0.3, 0.3, 0.35, 0.4, 0.45, 0.5, 0.5, 0.5, 0.5, 0.5, 0.45, 0.4, 0.4, 0.4, 0.4, 0.45, 0.5, 0.55, 0.6, 0.65, 0.7, 0.65, 0.6, 0.55, 0.5, 0.45, 0.45, 0.45, 0.45, 0.45, 0.45, 0.45, 0.45, 0.45, 0.45, 0.45, 0.4, 0.35, 0.3, 0.25, 0.2, 0.2, 0.25, 0.3, 0.35, 0.4, 0.45, 0.5, 0.55, 0.6, 0.6, 0.6, 0.55, 0.5, 0.45, 0.4, 0.4, 0.4, 0.4, 0.4, 0.4, 0.4, 0.35, 0.3, 0.25, 0.2, 0.2, 0.2, 0.2, 0.2, 0.25, 0.25, 0.25, 0.25, 0.25, 0.25, 0.3, 0.35, 0.4, 0.45, 0.5, 0.55, 0.6, 0.65, 0.65, 0.65, 0.6, 0.55, 0.5, 0.45, 0.4, 0.4, 0.4, 0.4, 0.4, 0.4, 0.35, 0.35, 0.35, 0.35, 0.35, 0.35, 0.35, 0.35, 0.4, 0.45, 0.5, 0.55, 0.6, 0.65, 0.65, 0.65, 0.65, 0.65, 0.65, 0.65, 0.65, 0.6, 0.6, 0.6, 0.6, 0.6, 0.6, 0.6, 0.55, 0.5, 0.45, 0.4, 0.35, 0.3, 0.3, 0.3, 0.35, 0.4, 0.45, 0.5, 0.55, 0.6, 0.6, 0.6, 0.6, 0.6, 0.6, 0.6, 0.65, 0.7, 0.75, 0.8, 0.8, 0.8, 0.8, 0.8, 0.75, 0.7, 0.65, 0.65, 0.65, 0.65, 0.65, 0.65, 0.65, 0.65, 0.65, 0.65, 0.65, 0.65, 0.65, 0.65, 0.7, 0.7, 0.7, 0.7, 0.7, 0.7]","[0.884, 1.125, 1.573, 1.808, 2.089, 2.312, 2.728, 3.056, 3.412, 3.802, 4.282, 4.637, 5.022, 5.378, 5.582, 5.935, 6.306, 6.617, 6.982, 7.338, 7.698, 7.902, 8.27, 8.756, 9.138, 9.502, 9.822, 10.03, 10.422, 11.116, 11.504, 12.036, 12.26, 12.672, 12.909, 13.128, 13.529, 13.749, 14.838, 15.056, 15.291, 15.66, 16.187, 16.9, 17.367, 17.587, 18.008, 18.226, 18.67, 19.098, 19.81, 20.321, 20.537, 21.005, 21.223, 21.461, 22.182, 22.398, 22.785, 23.021, 23.378, 23.81, 24.041, 24.293, 24.514, 24.749, 25.113, 25.552, 25.805, 26.024, 26.551, 26.764, 27.168, 27.56, 27.882, 28.088, 28.316, 28.539, 28.775, 29.543, 29.756, 30.702, 31.147, 31.533, 32.088, 32.315, 32.551, 32.894, 33.137, 33.361, 33.598, 33.95, 34.193, 34.401, 34.754, 35.133, 35.353, 35.801, 36.013, 36.265, 36.498, 36.749, 37.174, 37.461, 37.921, 38.179, 38.565, 38.775, 39.105, 39.494, 39.812, 40.139, 40.551, 40.775, 41.163, 41.575, 41.859, 42.107, 42.568, 42.875, 43.828, 44.451, 44.66, 45.047, 45.467, 45.672, 46.031, 46.371, 46.741, 47.88, 48.273, 48.585, 48.925, 49.241, 50.025, 50.417, 50.626, 50.997, 51.481, 51.689, 53.613, 53.825, 54.137, 54.948, 55.226, 55.559, 55.892, 56.204, 56.537, 56.859, 57.182, 57.504, 57.837, 58.15, 58.502, 58.825, 59.188, 59.862, 60.136, 60.469, 60.852, 61.235, 61.608, 61.981, 62.345, 62.697, 63.601, 63.876, 64.219, 64.573, 64.884, 65.207, 65.531, 65.862, 66.175, 67.015, 67.264, 67.586, 67.898, 68.221, 68.514, 68.826, 69.189, 69.531, 69.915, 70.288, 70.942, 71.225, 71.568, 71.901, 72.244, 72.576, 73.248, 73.515, 73.828, 74.119, 74.411, 74.775, 75.127, 75.511, 76.194, 76.539, 76.762, 77.164, 77.406, 77.638, 77.929, 78.314, 79.13, 79.544, 80.342, 80.583, 81.398, 81.651, 82.558, 82.932, 83.144, 83.355, 83.587, 84.001, 84.374, 84.595, 84.938, 85.342, 85.684, 85.998, 86.481, 86.773, 87.156, 87.881, 88.154, 88.497, 88.831, 89.233, 89.626, 89.838, 90.08, 90.474, 90.856, 91.26, 91.633, 92.378, 92.722, 93.125, 93.357, 93.75, 93.982, 94.224, 94.475, 94.829, 95.051, 95.303, 95.574, 96.246, 96.573, 96.987, 97.38, 98.267, 98.621, 99.013, 99.427, 99.679, 99.901, 100.122, 100.334, 100.576, 100.818, 101.171, 101.383, 102.288, 102.773, 103.107, 103.46, 104.114, 104.458, 104.872, 105.083, 105.496, 105.709, 106.604, 107.019, 107.371, 107.765, 107.976, 108.369, 108.763, 109.206, 109.912, 110.275, 110.649, 110.881, 111.083, 111.506, 112.16, 112.504, 112.726, 112.957, 113.402, 113.643, 113.885, 114.923, 115.267, 115.629, 116.164, 116.547, 116.93, 117.304, 117.698, 117.919, 118.647, 118.988, 119.34, 119.582, 119.804, 120.016, 120.419, 120.64, 121.405, 121.79, 122.234, 122.455, 122.879, 123.09, 123.474, 124.359, 124.754, 125.157, 125.449, 125.671, 126.527, 126.871, 127.224, 127.446, 127.688, 127.92, 128.152, 128.605, 130.036, 130.47, 130.732, 131.035, 131.449, 131.661, 132.991, 133.314, 133.728, 134.292, 134.646, 134.857, 135.261, 135.684, 136.148, 136.531, 136.753, 136.995, 137.197, 137.429, 138.155, 138.618, 138.952, 139.183, 139.576, 139.979, 140.192, 140.433, 140.655, 141.37, 141.784, 141.997, 142.248, 142.47, 142.712, 143.105, 143.357, 143.569, 143.781, 145.221, 145.525, 145.888, 146.231, 146.614, 146.835, 147.309, 147.58, 148.276, 148.538, 148.872, 149.306, 149.518, 149.92, 150.133, 150.354, 151.421, 151.755, 152.207, 152.901, 153.156, 153.599, 153.974, 154.417, 154.649, 155.022, 155.425, 155.799, 156.363, 156.757, 157.149, 157.523, 157.896, 158.268, 158.491, 158.722, 159.106, 159.499, 159.882, 160.285, 160.668, 160.971, 161.294, 161.646, 161.97, 162.312, 162.656, 163.029, 163.392, 164.277, 164.621, 164.974, 165.187, 165.448, 165.67, 165.922, 166.296, 167.162, 167.413, 167.768, 168.191, 168.625, 169.069, 169.492, 170.47, 170.843, 171.216, 171.428, 171.67, 172.073, 172.305, 172.961, 173.282, 173.696, 174.05, 174.433, 174.856, 175.067, 175.281, 175.492, 175.713, 175.935, 176.148, 176.369, 176.792, 177.003, 177.256, 177.496, 178.333, 178.677, 178.9, 179.112, 179.353, 179.575, 179.796, 180.473, 180.698, 180.955, 181.299, 181.511, 181.722, 182.458, 182.811, 183.024, 183.416, 183.668, 183.91, 184.162, 184.423, 185.36, 185.745, 185.958, 186.168, 186.592, 187.006, 187.409, 187.782, 188.024, 188.236, 188.629, 188.881, 189.559, 189.859, 190.222, 190.625, 190.867, 191.078, 191.291, 191.503, 192.801, 193.044, 193.559, 193.972, 194.315, 194.699, 194.911, 195.142, 195.355, 195.566, 195.779, 195.989, 196.202, 196.564, 197.183, 197.524, 197.956, 198.167, 198.379, 198.862, 200.597, 200.92, 201.314, 201.717, 201.928, 202.342, 202.593, 202.977, 203.229, 203.593, 203.805, 204.026, 204.248, 204.469, 204.682, 204.903, 205.336, 205.558, 205.79, 206.243, 206.567, 206.97, 207.213, 207.424, 207.636, 207.868, 208.1, 208.542, 209.31, 209.672, 210.076, 210.479, 210.711, 211.134, 211.508, 211.941, 212.153, 212.566, 212.99, 213.222, 213.434, 213.655, 214.079, 215.086, 215.45, 215.853, 216.277, 216.498, 216.721, 217.184, 217.466, 217.86, 218.102, 218.324, 218.546, 218.778, 219.181, 219.554, 219.897, 220.128, 220.46, 221.356, 221.581, 221.851, 222.196, 222.418, 222.64, 222.862, 223.497, 223.88, 224.293, 224.506, 224.717, 224.939, 225.959, 226.249, 226.633, 226.875, 227.289, 227.532, 227.743, 227.995, 228.648, 229.023, 229.235, 229.446, 229.668, 229.9, 230.113, 230.344, 230.566, 231.02, 231.232, 231.454, 231.857, 232.087, 232.838, 233.268, 233.54, 233.904, 234.155, 234.377, 234.771, 235.003, 235.672, 236.031, 236.404, 236.626, 236.858, 237.241, 237.634, 237.875, 238.198, 238.632, 238.854, 239.155, 239.52, 239.762, 239.973, 240.195, 240.407, 240.629, 240.85, 241.062, 241.455, 241.687, 241.9, 242.323, 242.544, 242.988, 243.392, 243.643, 244.479, 244.702, 244.984, 245.358, 245.59, 245.811, 246.033, 246.285, 246.557, 246.94, 247.153, 247.586, 248.323, 248.685, 248.897, 249.128, 249.37, 249.602, 249.883, 250.308, 250.55, 250.832, 251.216, 251.447, 251.689, 251.931, 252.174, 252.455, 252.879, 253.092, 253.342, 253.726, 253.938, 254.151, 254.372, 254.634, 254.895, 255.279, 255.53, 256.265, 256.518, 256.902, 257.135, 257.366, 257.598, 258.032, 258.253, 258.465, 258.687, 258.939, 259.161, 259.433, 259.665, 259.897, 260.139, 260.372, 260.603, 260.834, 261.59, 261.943, 262.387, 262.8, 263.224, 263.435, 263.677, 263.899, 264.131, 264.383, 264.635, 264.907, 265.311, 265.533, 265.783, 266.57, 266.934, 267.188, 267.418, 267.709, 268.134, 268.457, 268.84, 269.062, 269.435, 269.809, 270.191, 270.534, 271.44, 271.784, 272.158, 272.541, 272.934, 273.378, 273.639, 273.972, 274.386, 274.597, 274.829, 275.042, 275.263, 275.525, 276.214, 276.574, 276.796, 277.008, 277.422, 277.633, 277.906, 278.52, 278.863, 279.226, 279.477, 280.214, 280.517, 280.728, 281.142, 281.604, 282.334, 282.745, 283.018, 283.4, 283.651, 284.367, 284.762, 285.014, 285.294, 285.669, 285.881, 286.204, 286.425, 286.758, 287.091, 287.352, 287.674, 287.998, 288.331, 288.714, 288.956, 289.62, 289.994, 290.388, 290.791, 291.184, 291.608, 291.82, 292.05, 292.751, 293.12, 293.515, 293.725, 294.139, 294.742, 295.138, 295.35, 295.581, 295.803, 296.044, 296.732, 297.174, 297.518, 297.749, 297.961, 298.685, 299.049, 299.272, 299.483, 299.696, 300.167, 300.898, 301.187, 301.561, 301.794, 302.005, 302.236, 302.458, 302.71, 302.922, 303.758, 304.092, 304.313, 304.526, 304.959, 305.342, 305.735, 306.108, 306.482, 306.834, 307.085, 307.7, 308.075, 308.468, 308.7, 309.388, 309.678, 310.031, 310.243, 310.626, 311.068, 311.703, 312.057, 312.309, 312.703, 312.914, 313.126, 313.57, 313.983, 315.182, 315.517, 315.94, 316.162, 316.383, 316.586, 316.807, 317.18, 317.603, 318.007, 318.228, 318.46, 318.693, 318.914, 319.328, 319.549, 320.347, 320.669, 321.073, 321.466, 321.677, 322.493, 322.807, 323.17, 323.583, 323.815, 324.459, 324.794, 325.005, 325.247, 325.64, 325.872, 326.266, 326.477, 327.336, 327.687, 327.909, 328.151, 328.363, 328.605, 328.817, 329.25, 329.492, 329.885, 330.299, 330.651, 331.075, 331.689, 332.053, 332.456, 333.685, 334.151, 334.413, 334.746, 334.969, 335.181, 335.452, 335.835, 336.218, 336.45, 337.087, 337.438, 337.71, 338.063, 338.457, 338.87, 339.303, 339.565, 340.356, 340.635, 340.998, 341.209, 341.602, 342.016, 342.65, 343.045, 343.317, 343.69, 344.083, 344.295, 344.517, 344.778, 346.038, 346.482, 346.838, 347.24, 347.462, 347.683, 347.915, 348.127, 348.359, 348.591, 348.813, 349.045, 349.257, 349.469, 349.681, 349.912, 350.559, 350.92, 351.303, 351.667, 352.07, 352.473, 352.885, 353.652, 354.046, 354.46, 354.691, 354.923, 355.175, 355.467, 355.86, 356.305, 356.698, 356.93, 357.333, 357.717, 357.938, 358.582, 358.946, 359.38, 359.601, 359.823]"
mmgpy8l4xh9nto,294,89931,89.931,0.9885496183206107,0.35,,,
mmgpy8l4xh9nto,377,115006,115.006,0.991304347826087,0.65,,,
mmgpy8l4xh9nto,471,146871,146.871,0.9583333333333334,0.5,,,
mmgpy8l4xh9nto,520,163114,163.114,0.94,0.65,,,
mmgpy8l4xh9nto,548,172553,172.553,0.6666666666666667,0.35,,,
mmgpy8l4xh9nto,594,187419,187.419,0.9090909090909091,0.65,,,
mmgpy8l4xh9nto,638,202317,202.317,0.8,0.5,,,
mmgpy8l4xh9nto,659,209761,209.761,0.8333333333333334,0.25,,,
mmgpy8l4xh9nto,753,241476,241.476,0.8979591836734694,0.25,,,
mmgpy8l4xh9nto,826,263427,263.427,0.9824561403508771,0.15,,,
mmgpy8l4xh9nto,853,272686,272.686,0.9494949494949495,0.55,,,
mmgpy8l4xh9nto,950,306556,306.556,0.9622641509433962,0.65,,,
mmgpy8l4xh9nto,1010,327163,327.163,0.546875,0.5,,,
mmgpy8l4xh9nto,1072,349963,349.963,0.9444444444444444,0.7,,,
mmgpy8l4xh9nto,-1,0,0.0,0.0,0.0,"[0.0, 0.9999999999999999, 1.0, 0.9999999999999999, 0.0, 0.0, 0.0, 0.0, 0.0, 0.0, 0.0, 0.0, 0.0, 0.0, 0.0, 0.0, 0.0, 0.0, 0.0, 0.0, 0.0, 0.0, 0.0, 0.0, 0.0, 0.0, 0.0, 0.0, 0.0, 0.0, 0.0, 0.0, 0.0, 0.0, 0.0, 0.0, 0.0, 0.0, 0.0, 0.0, 0.0, 0.0, 0.0, 0.0, 0.0, 0.0, 0.0, 0.0, 0.0, 0.0, 0.0, 0.0, 0.0, 0.0, 0.0, 0.0, 0.0, 0.0, 0.0, 0.0, 0.0, 0.0, 0.0, 0.0, 0.0, 0.0, 0.0, 0.0, 0.0, 0.0, 0.0, 0.0, 0.0, 0.0, 0.0, 0.0, 0.0, 0.0, 0.0, 0.0, 0.0, 0.0, 0.0, 0.0, 0.0, 0.0, 0.0, 0.0, 0.0, 0.0, 0.0, 0.0, 0.0, 0.0, 0.0, 0.0, 0.0, 0.0, 0.0, 0.0, 0.0, 0.0, 0.0, 0.0, 0.0, 0.0, 0.0, 0.0, 0.0, 0.0, 0.0, 0.0, 0.0, 0.0, 0.0, 0.0, 0.0, 0.0, 0.0, 0.0, 0.0, 0.0, 0.0, 0.0, 0.0, 0.0, 0.0, 0.0, 0.0, 0.0, 0.0, 0.0, 0.0, 0.0, 0.0, 0.0, 0.0, 0.0, 0.0, 0.0, 0.0, 0.0, 0.0, 0.0, 0.0, 0.0, 0.0, 0.0, 0.0, 0.0, 0.0, 0.0, 0.0, 0.0, 0.0, 0.0, 0.0, 0.0, 0.0, 0.0, 0.0, 0.0, 0.0, 0.0, 0.0, 0.0, 0.0, 0.0, 0.0, 0.0, 0.0, 0.0, 0.0, 0.0, 0.0, 0.0, 0.0, 0.0, 0.0, 0.0, 0.0, 0.0, 0.0, 0.0, 0.0, 0.0, 0.0, 0.0, 0.0, 0.0, 0.0, 0.0, 0.0, 0.0, 0.0, 0.0, 0.0, 0.0, 0.0, 0.0, 0.0, 0.0, 0.0, 0.0, 0.0, 0.0, 0.0, 0.0, 0.0, 0.0, 0.0, 0.0, 0.0, 0.0, 0.0, 0.0, 0.0, 0.0, 0.0, 0.0, 0.0, 0.0, 0.0, 0.0, 0.0, 0.0, 0.0, 0.0, 0.0, 0.0, 0.0, 0.0, 0.0, 0.0, 0.0, 0.0, 0.0, 0.0, 0.0, 0.0, 0.0, 0.0, 0.0, 0.0, 0.0, 0.0, 0.0, 0.0, 0.0, 0.0, 0.0, 0.0, 0.0, 0.0, 0.0, 0.0, 0.0, 0.0, 0.0, 0.0, 0.0, 0.0, 0.0, 0.0, 0.0, 0.0, 0.0, 0.0, 0.0, 0.0, 0.0, 0.0, 0.0, 0.0, 0.0, 0.0, 0.9836065573770492, 0.0, 0.0, 0.0, 0.0, 0.0, 0.0, 0.0, 0.0, 0.0, 0.0, 0.0, 0.0, 0.0, 0.0, 0.0, 0.0, 0.0, 0.9885496183206107, 0.6198008649259309, 0.0, 0.0, 0.0, 0.0, 0.0, 0.0, 0.0, 0.0, 0.0, 0.0, 0.0, 0.0, 0.0, 0.0, 0.0, 0.0, 0.0, 0.0, 0.0, 0.0, 0.0, 0.0, 0.0, 0.0, 0.0, 0.0, 0.0, 0.0, 0.0, 0.0, 0.0, 0.0, 0.0, 0.0, 0.0, 0.0, 0.0, 0.0, 0.0, 0.0, 0.0, 0.0, 0.0, 0.0, 0.0, 0.0, 0.0, 0.0, 0.0, 0.0, 0.0, 0.0, 0.0, 0.0, 0.0, 0.0, 0.0, 0.0, 0.0, 0.0, 0.0, 0.0, 0.0, 0.0, 0.0, 0.0, 0.0, 0.0, 0.0, 0.0, 0.0, 0.0, 0.0, 0.0, 0.0, 0.0, 0.0, 0.0, 0.0, 0.0, 0.0, 0.991304347826087, 0.6277982999772189, 0.0, 0.0, 0.0, 0.0, 0.0, 0.0, 0.0, 0.0, 0.0, 0.0, 0.0, 0.0, 0.0, 0.0, 0.0, 0.0, 0.0, 0.0, 0.0, 0.0, 0.0, 0.0, 0.0, 0.0, 0.0, 0.0, 0.0, 0.0, 0.0, 0.0, 0.0, 0.0, 0.0, 0.0, 0.0, 0.0, 0.0, 0.0, 0.0, 0.0, 0.0, 0.0, 0.0, 0.0, 0.0, 0.0, 0.0, 0.0, 0.0, 0.0, 0.0, 0.0, 0.0, 0.0, 0.0, 0.0, 0.0, 0.0, 0.0, 0.0, 0.0, 0.0, 0.0, 0.0, 0.0, 0.0, 0.0, 0.0, 0.0, 0.0, 0.0, 0.0, 0.0, 0.0, 0.0, 0.0, 0.0, 0.0, 0.0, 0.0, 0.0, 0.0, 0.0, 0.0, 0.0, 0.0, 0.0, 0.0, 0.0, 0.0, 0.0, 0.0, 0.9583333333333334, 0.0, 0.0, 0.0, 0.0, 0.0, 0.0, 0.0, 0.0, 0.0, 0.0, 0.0, 0.0, 0.0, 0.0, 0.0, 0.0, 0.0, 0.0, 0.0, 0.0, 0.0, 0.0, 0.0, 0.0, 0.0, 0.0, 0.0, 0.0, 0.0, 0.0, 0.0, 0.0, 0.0, 0.0, 0.0, 0.0, 0.0, 0.0, 0.0, 0.0, 0.0, 0.0, 0.0, 0.0, 0.0, 0.0, 0.0, 0.0, 0.94, 0.0, 0.0, 0.0, 0.0, 0.0, 0.0, 0.0, 0.0, 0.0, 0.0, 0.0, 0.0, 0.0, 0.0, 0.0, 0.0, 0.0, 0.0, 0.0, 0.0, 0.0, 0.0, 0.0, 0.0, 0.0, 0.0, 0.0, 0.6666666666666667, 0.0, 0.0, 0.0, 0.0, 0.0, 0.0, 0.0, 0.0, 0.0, 0.0, 0.0, 0.0, 0.0, 0.0, 0.0, 0.0, 0.0, 0.0, 0.0, 0.0, 0.0, 0.0, 0.0, 0.0, 0.0, 0.0, 0.0, 0.0, 0.0, 0.0, 0.0, 0.0, 0.0, 0.0, 0.0, 0.0, 0.0, 0.0, 0.0, 0.0, 0.0, 0.0, 0.0, 0.0, 0.0, 0.9090909090909091, 0.0, 0.0, 0.0, 0.0, 0.0, 0.0, 0.0, 0.0, 0.0, 0.0, 0.0, 0.0, 0.0, 0.0, 0.0, 0.0, 0.0, 0.0, 0.0, 0.8260869565217391, 0.0, 0.0, 0.0, 0.0, 0.0, 0.0, 0.0, 0.0, 0.0, 0.0, 0.0, 0.0, 0.0, 0.0, 0.0, 0.0, 0.0, 0.0, 0.0, 0.0, 0.0, 0.0, 0.0, 0.8, 0.0, 0.0, 0.0, 0.0, 0.0, 0.0, 0.0, 0.0, 0.0, 0.0, 0.0, 0.0, 0.0, 0.0, 0.0, 0.0, 0.0, 0.0, 0.0, 0.0, 0.8333333333333334, 0.0, 0.0, 0.0, 0.0, 0.0, 0.0, 0.0, 0.0, 0.0, 0.0, 0.0, 0.0, 0.0, 0.0, 0.0, 0.0, 0.0, 0.0, 0.0, 0.0, 0.0, 0.0, 0.0, 0.0, 0.0, 0.0, 0.0, 0.0, 0.0, 0.0, 0.0, 0.0, 0.0, 0.0, 0.0, 0.0, 0.0, 0.0, 0.0, 0.0, 0.0, 0.0, 0.0, 0.0, 0.0, 0.0, 0.0, 0.0, 0.0, 0.0, 0.0, 0.0, 0.0, 0.0, 0.0, 0.0, 0.0, 0.0, 0.0, 0.0, 0.0, 0.0, 0.0, 0.0, 0.0, 0.0, 0.0, 0.0, 0.0, 0.0, 0.0, 0.0, 0.0, 0.0, 0.0, 0.0, 0.0, 0.0, 0.0, 0.0, 0.0, 0.0, 0.0, 0.0, 0.0, 0.0, 0.0, 0.0, 0.0, 0.0, 0.0, 0.0, 0.0, 0.8979591836734694, 0.0, 0.0, 0.0, 0.0, 0.0, 0.0, 0.0, 0.0, 0.0, 0.0, 0.0, 0.0, 0.0, 0.0, 0.0, 0.0, 0.0, 0.0, 0.0, 0.0, 0.0, 0.0, 0.0, 0.0, 0.0, 0.0, 0.0, 0.0, 0.0, 0.0, 0.0, 0.0, 0.0, 0.0, 0.0, 0.0, 0.0, 0.0, 0.0, 0.0, 0.0, 0.0, 0.0, 0.0, 0.0, 0.0, 0.0, 0.0, 0.0, 0.0, 0.0, 0.0, 0.0, 0.0, 0.0, 0.0, 0.0, 0.0, 0.0, 0.0, 0.0, 0.0, 0.0, 0.0, 0.0, 0.0, 0.0, 0.0, 0.0, 0.0, 0.0, 0.0, 0.9824561403508771, 0.0, 0.0, 0.0, 0.0, 0.0, 0.0, 0.0, 0.0, 0.0, 0.0, 0.0, 0.0, 0.0, 0.0, 0.0, 0.0, 0.0, 0.0, 0.0, 0.0, 0.0, 0.0, 0.0, 0.0, 0.0, 0.0, 0.9494949494949495, 0.0, 0.0, 0.0, 0.0, 0.0, 0.0, 0.0, 0.0, 0.0, 0.0, 0.0, 0.0, 0.0, 0.0, 0.0, 0.0, 0.0, 0.0, 0.0, 0.0, 0.0, 0.0, 0.0, 0.0, 0.0, 0.0, 0.0, 0.0, 0.0, 0.0, 0.0, 0.0, 0.0, 0.0, 0.0, 0.0, 0.0, 0.0, 0.0, 0.0, 0.0, 0.0, 0.0, 0.0, 0.0, 0.0, 0.0, 0.0, 0.0, 0.0, 0.0, 0.0, 0.0, 0.0, 0.0, 0.0, 0.0, 0.0, 0.0, 0.0, 0.0, 0.0, 0.0, 0.0, 0.0, 0.0, 0.0, 0.0, 0.0, 0.0, 0.0, 0.0, 0.0, 0.0, 0.0, 0.0, 0.0, 0.0, 0.0, 0.0, 0.0, 0.0, 0.0, 0.0, 0.0, 0.0, 0.0, 0.0, 0.0, 0.0, 0.0, 0.0, 0.0, 0.0, 0.0, 0.0, 0.9622641509433962, 0.0, 0.0, 0.0, 0.0, 0.0, 0.0, 0.0, 0.0, 0.0, 0.0, 0.0, 0.0, 0.0, 0.0, 0.0, 0.0, 0.0, 0.0, 0.0, 0.0, 0.0, 0.0, 0.0, 0.0, 0.0, 0.0, 0.0, 0.0, 0.0, 0.0, 0.0, 0.0, 0.0, 0.0, 0.0, 0.0, 0.0, 0.0, 0.0, 0.0, 0.0, 0.0, 0.0, 0.0, 0.0, 0.0, 0.0, 0.0, 0.0, 0.0, 0.0, 0.0, 0.0, 0.0, 0.0, 0.0, 0.0, 0.0, 0.0, 0.546875, 0.0, 0.0, 0.0, 0.0, 0.0, 0.0, 0.0, 0.0, 0.0, 0.0, 0.0, 0.0, 0.0, 0.0, 0.0, 0.0, 0.0, 0.0, 0.0, 0.0, 0.0, 0.0, 0.0, 0.0, 0.0, 0.0, 0.0, 0.0, 0.0, 0.0, 0.0, 0.0, 0.0, 0.0, 0.0, 0.0, 0.0, 0.0, 0.0, 0.0, 0.0, 0.0, 0.0, 0.0, 0.0, 0.0, 0.0, 0.0, 0.0, 0.0, 0.0, 0.0, 0.0, 0.0, 0.0, 0.0, 0.0, 0.0, 0.0, 0.0, 0.0, 0.9444444444444444, 0.0, 0.0, 0.0, 0.0, 0.0, 0.0, 0.0, 0.0, 0.0, 0.0, 0.0, 0.0, 0.0, 0.0, 0.0, 0.0, 0.0, 0.0, 0.0, 0.0, 0.0, 0.0, 0.0, 0.0, 0.0]","[1.0, 0.5, 0.6666666666666666, 0.5, 0.6, 0.6666666666666666, 0.5714285714285714, 0.625, 0.5555555555555556, 0.5, 0.5454545454545454, 0.5833333333333334, 0.6153846153846154, 0.5714285714285714, 0.6, 0.5625, 0.5882352941176471, 0.6111111111111112, 0.5789473684210527, 0.55, 0.55, 0.6, 0.55, 0.55, 0.55, 0.5, 0.55, 0.5, 0.55, 0.6, 0.6, 0.55, 0.5, 0.5, 0.45, 0.5, 0.5, 0.45, 0.5, 0.5, 0.5, 0.45, 0.5, 0.55, 0.55, 0.55, 0.5, 0.5, 0.5, 0.45, 0.4, 0.45, 0.45, 0.45, 0.5, 0.45, 0.45, 0.5, 0.45, 0.5, 0.5, 0.55, 0.55, 0.5, 0.45, 0.45, 0.5, 0.55, 0.55, 0.55, 0.6, 0.55, 0.6, 0.6, 0.55, 0.6, 0.55, 0.55, 0.55, 0.5, 0.5, 0.45, 0.45, 0.5, 0.5, 0.55, 0.5, 0.5, 0.45, 0.45, 0.45, 0.45, 0.45, 0.45, 0.5, 0.45, 0.5, 0.45, 0.45, 0.45, 0.45, 0.5, 0.45, 0.4, 0.45, 0.45, 0.45, 0.4, 0.45, 0.5, 0.45, 0.5, 0.45, 0.5, 0.45, 0.5, 0.45, 0.5, 0.55, 0.6, 0.55, 0.55, 0.6, 0.65, 0.6, 0.55, 0.55, 0.55, 0.55, 0.55, 0.55, 0.5, 0.55, 0.55, 0.55, 0.5, 0.55, 0.55, 0.5, 0.45, 0.5, 0.45, 0.45, 0.4, 0.45, 0.45, 0.5, 0.5, 0.5, 0.5, 0.55, 0.55, 0.5, 0.5, 0.55, 0.55, 0.55, 0.5, 0.55, 0.55, 0.55, 0.55, 0.55, 0.55, 0.55, 0.55, 0.5, 0.55, 0.55, 0.5, 0.45, 0.5, 0.55, 0.5, 0.45, 0.5, 0.5, 0.5, 0.45, 0.5, 0.45, 0.5, 0.45, 0.5, 0.45, 0.5, 0.5, 0.45, 0.45, 0.5, 0.5, 0.45, 0.45, 0.5, 0.5, 0.45, 0.45, 0.5, 0.5, 0.5, 0.5, 0.5, 0.5, 0.5, 0.5, 0.45, 0.5, 0.55, 0.5, 0.45, 0.5, 0.55, 0.5, 0.5, 0.5, 0.55, 0.5, 0.5, 0.5, 0.5, 0.5, 0.5, 0.5, 0.5, 0.5, 0.55, 0.5, 0.5, 0.5, 0.55, 0.5, 0.45, 0.5, 0.5, 0.5, 0.45, 0.5, 0.45, 0.5, 0.45, 0.5, 0.45, 0.5, 0.5, 0.5, 0.45, 0.5, 0.5, 0.5, 0.45, 0.5, 0.55, 0.5, 0.45, 0.5, 0.55, 0.5, 0.5, 0.5, 0.55, 0.5, 0.55, 0.5, 0.5, 0.5, 0.55, 0.5, 0.45, 0.5, 0.5, 0.5, 0.5, 0.55, 0.6, 0.6, 0.6, 0.65, 0.65, 0.6, 0.55, 0.55, 0.5, 0.5, 0.45, 0.5, 0.45, 0.5, 0.5, 0.5, 0.5, 0.5, 0.45, 0.4, 0.4, 0.35, 0.35, 0.35, 0.35, 0.35, 0.4, 0.4, 0.45, 0.5, 0.5, 0.5, 0.55, 0.5, 0.5, 0.5, 0.55, 0.5, 0.5, 0.55, 0.5, 0.55, 0.5, 0.5, 0.5, 0.55, 0.5, 0.55, 0.5, 0.5, 0.55, 0.55, 0.5, 0.5, 0.5, 0.5, 0.5, 0.55, 0.55, 0.5, 0.5, 0.5, 0.5, 0.5, 0.5, 0.5, 0.5, 0.5, 0.55, 0.55, 0.5, 0.5, 0.5, 0.55, 0.55, 0.55, 0.5, 0.5, 0.5, 0.55, 0.55, 0.55, 0.55, 0.5, 0.5, 0.45, 0.5, 0.5, 0.5, 0.5, 0.55, 0.5, 0.5, 0.5, 0.55, 0.55, 0.6, 0.55, 0.55, 0.5, 0.55, 0.55, 0.6, 0.65, 0.65, 0.65, 0.65, 0.65, 0.65, 0.65, 0.65, 0.7, 0.75, 0.75, 0.75, 0.75, 0.75, 0.75, 0.75, 0.75, 0.7, 0.7, 0.7, 0.7, 0.75, 0.8, 0.75, 0.7, 0.65, 0.65, 0.65, 0.65, 0.65, 0.65, 0.65, 0.65, 0.65, 0.7, 0.75, 0.8, 0.85, 0.85, 0.85, 0.8, 0.75, 0.7, 0.7, 0.75, 0.8, 0.8, 0.8, 0.8, 0.8, 0.8, 0.8, 0.8, 0.8, 0.8, 0.8, 0.8, 0.8, 0.8, 0.75, 0.75, 0.75, 0.8, 0.85, 0.8, 0.75, 0.7, 0.7, 0.7, 0.7, 0.7, 0.7, 0.7, 0.7, 0.7, 0.7, 0.7, 0.7, 0.7, 0.75, 0.75, 0.75, 0.7, 0.7, 0.7, 0.75, 0.75, 0.75, 0.7, 0.7, 0.65, 0.65, 0.6, 0.6, 0.55, 0.5, 0.45, 0.45, 0.4, 0.35, 0.35, 0.4, 0.45, 0.45, 0.45, 0.4, 0.4, 0.4, 0.45, 0.45, 0.45, 0.4, 0.45, 0.4, 0.45, 0.45, 0.45, 0.4, 0.4, 0.4, 0.45, 0.45, 0.4, 0.35, 0.35, 0.4, 0.45, 0.45, 0.4, 0.35, 0.35, 0.4, 0.4, 0.45, 0.45, 0.45, 0.45, 0.45, 0.45, 0.5, 0.5, 0.5, 0.55, 0.6, 0.65, 0.65, 0.65, 0.6, 0.6, 0.6, 0.65, 0.65, 0.65, 0.6, 0.55, 0.55, 0.6, 0.65, 0.7, 0.7, 0.65, 0.6, 0.55, 0.5, 0.45, 0.45, 0.45, 0.5, 0.5, 0.5, 0.45, 0.4, 0.35, 0.4, 0.45, 0.45, 0.4, 0.35, 0.3, 0.3, 0.35, 0.4, 0.45, 0.5, 0.5, 0.45, 0.4, 0.35, 0.4, 0.45, 0.45, 0.45, 0.5, 0.5, 0.45, 0.45, 0.5, 0.55, 0.55, 0.5, 0.45, 0.45, 0.45, 0.4, 0.4, 0.45, 0.5, 0.5, 0.45, 0.4, 0.45, 0.5, 0.5, 0.5, 0.55, 0.6, 0.6, 0.6, 0.65, 0.7, 0.75, 0.75, 0.75, 0.8, 0.85, 0.8, 0.8, 0.8, 0.85, 0.85, 0.8, 0.75, 0.7, 0.65, 0.6, 0.55, 0.5, 0.45, 0.4, 0.35, 0.3, 0.25, 0.2, 0.15, 0.1, 0.1, 0.05, 0.05, 0.0, 0.0, 0.0, 0.0, 0.0, 0.05, 0.1, 0.15, 0.2, 0.25, 0.3, 0.35, 0.4, 0.45, 0.5, 0.5, 0.5, 0.5, 0.5, 0.5, 0.5, 0.5, 0.5, 0.5, 0.5, 0.5, 0.5, 0.5, 0.5, 0.5, 0.45, 0.4, 0.35, 0.3, 0.25, 0.25, 0.25, 0.25, 0.25, 0.3, 0.35, 0.35, 0.4, 0.4, 0.4, 0.35, 0.35, 0.35, 0.3, 0.3, 0.35, 0.4, 0.4, 0.4, 0.4, 0.4, 0.4, 0.45, 0.5, 0.45, 0.4, 0.45, 0.45, 0.5, 0.5, 0.5, 0.45, 0.4, 0.4, 0.35, 0.3, 0.3, 0.35, 0.4, 0.4, 0.4, 0.4, 0.35, 0.35, 0.4, 0.4, 0.35, 0.3, 0.3, 0.3, 0.3, 0.3, 0.35, 0.35, 0.35, 0.35, 0.35, 0.3, 0.3, 0.3, 0.3, 0.3, 0.35, 0.35, 0.35, 0.4, 0.4, 0.4, 0.35, 0.4, 0.45, 0.45, 0.4, 0.4, 0.4, 0.4, 0.35, 0.35, 0.3, 0.35, 0.4, 0.45, 0.4, 0.35, 0.3, 0.25, 0.25, 0.25, 0.25, 0.2, 0.2, 0.25, 0.25, 0.25, 0.25, 0.3, 0.35, 0.4, 0.4, 0.35, 0.3, 0.25, 0.25, 0.25, 0.3, 0.35, 0.4, 0.4, 0.4, 0.4, 0.35, 0.35, 0.4, 0.4, 0.4, 0.35, 0.3, 0.25, 0.25, 0.3, 0.35, 0.35, 0.35, 0.35, 0.3, 0.25, 0.2, 0.25, 0.3, 0.35, 0.4, 0.35, 0.3, 0.3, 0.3, 0.3, 0.35, 0.4, 0.45, 0.4, 0.35, 0.35, 0.35, 0.35, 0.4, 0.45, 0.5, 0.45, 0.4, 0.35, 0.3, 0.3, 0.3, 0.3, 0.3, 0.35, 0.35, 0.35, 0.3, 0.3, 0.3, 0.3, 0.3, 0.3, 0.25, 0.2, 0.15, 0.15, 0.2, 0.25, 0.3, 0.3, 0.3, 0.3, 0.3, 0.3, 0.3, 0.25, 0.25, 0.25, 0.25, 0.25, 0.3, 0.35, 0.4, 0.45, 0.5, 0.5, 0.45, 0.4, 0.35, 0.4, 0.45, 0.5, 0.55, 0.55, 0.5, 0.5, 0.5, 0.5, 0.55, 0.6, 0.6, 0.55, 0.5, 0.45, 0.4, 0.4, 0.4, 0.4, 0.45, 0.45, 0.45, 0.45, 0.45, 0.4, 0.4, 0.4, 0.4, 0.4, 0.4, 0.4, 0.4, 0.4, 0.4, 0.4, 0.4, 0.45, 0.5, 0.55, 0.5, 0.45, 0.4, 0.4, 0.4, 0.45, 0.5, 0.5, 0.5, 0.5, 0.45, 0.45, 0.45, 0.5, 0.5, 0.5, 0.55, 0.5, 0.5, 0.5, 0.5, 0.5, 0.55, 0.55, 0.55, 0.5, 0.45, 0.5, 0.55, 0.55, 0.55, 0.5, 0.45, 0.45, 0.5, 0.55, 0.5, 0.5, 0.45, 0.45, 0.5, 0.5, 0.5, 0.5, 0.45, 0.45, 0.45, 0.45, 0.45, 0.5, 0.5, 0.5, 0.55, 0.55, 0.5, 0.45, 0.5, 0.55, 0.6, 0.6, 0.6, 0.65, 0.65, 0.65, 0.65, 0.65, 0.65, 0.6, 0.6, 0.6, 0.6, 0.65, 0.65, 0.65, 0.7, 0.75, 0.7, 0.65, 0.65, 0.65, 0.65, 0.6, 0.55, 0.5, 0.55, 0.6, 0.65, 0.65, 0.6, 0.55, 0.6, 0.6, 0.6, 0.55, 0.5, 0.5, 0.55, 0.6, 0.55, 0.5, 0.45, 0.5, 0.55, 0.6, 0.55, 0.5, 0.45, 0.5, 0.55, 0.6, 0.55, 0.5, 0.5, 0.55, 0.6, 0.55, 0.5, 0.45, 0.5, 0.55, 0.55, 0.5, 0.45, 0.45, 0.5, 0.55, 0.55, 0.5, 0.45, 0.45, 0.5, 0.55, 0.5, 0.45, 0.45, 0.5, 0.5, 0.5, 0.5, 0.5, 0.5, 0.5, 0.55, 0.55, 0.5, 0.45, 0.5, 0.55, 0.6, 0.55, 0.5, 0.45, 0.5, 0.55, 0.5, 0.45, 0.5, 0.55, 0.5, 0.45, 0.5, 0.55, 0.5, 0.45, 0.5, 0.55, 0.5, 0.45, 0.45, 0.5, 0.5, 0.5, 0.5, 0.5, 0.5, 0.5, 0.5, 0.5, 0.55, 0.6, 0.6, 0.6, 0.65, 0.7, 0.65, 0.6, 0.6, 0.65, 0.6, 0.6, 0.6, 0.65, 0.65, 0.6, 0.6, 0.65, 0.65, 0.65, 0.6, 0.6, 0.55, 0.5, 0.5, 0.5, 0.5, 0.5, 0.55, 0.55, 0.55]","[0.611, 0.839, 1.099, 1.369, 1.617, 1.94, 2.314, 2.669, 2.989, 3.217, 3.659, 3.877, 4.096, 4.564, 4.935, 5.2, 5.485, 5.837, 6.292, 6.52, 6.974, 7.338, 7.709, 7.972, 8.361, 8.608, 8.872, 9.138, 9.388, 9.615, 9.851, 10.281, 10.557, 10.861, 11.088, 11.387, 11.716, 11.993, 12.287, 12.571, 12.874, 13.135, 13.437, 14.11, 14.393, 14.699, 14.958, 15.165, 15.446, 15.902, 16.134, 16.584, 16.935, 17.279, 17.601, 18.23, 18.586, 18.927, 19.283, 19.906, 20.117, 20.324, 20.659, 20.983, 21.35, 21.65, 21.969, 22.19, 22.397, 22.699, 22.987, 23.256, 23.516, 23.783, 24.145, 24.557, 24.792, 25.071, 25.376, 25.682, 25.931, 26.167, 26.419, 26.753, 27.07, 27.341, 27.622, 27.875, 28.13, 28.337, 28.606, 28.868, 29.105, 29.343, 29.565, 29.777, 30.022, 30.255, 30.603, 30.916, 31.188, 31.554, 31.976, 32.294, 32.694, 33.021, 33.464, 33.8, 34.216, 34.526, 34.922, 35.205, 35.454, 35.692, 35.925, 36.151, 36.362, 36.609, 36.906, 37.226, 37.627, 37.891, 38.201, 38.535, 38.941, 39.216, 39.544, 39.886, 40.205, 40.57, 40.993, 41.33, 41.71, 42.045, 42.469, 42.796, 43.23, 43.559, 43.956, 44.285, 44.639, 45.052, 45.284, 45.495, 45.713, 45.923, 46.135, 46.34, 46.56, 46.951, 47.357, 47.737, 48.035, 48.239, 48.568, 48.785, 49.03, 49.256, 49.528, 49.767, 50.05, 50.315, 50.614, 50.875, 51.164, 51.405, 51.72, 51.975, 52.31, 52.549, 52.876, 53.135, 53.447, 53.681, 53.997, 54.221, 54.545, 54.769, 55.08, 55.32, 55.563, 55.81, 56.064, 56.322, 56.541, 56.795, 57.024, 57.326, 57.637, 57.84, 58.29, 58.622, 58.889, 59.209, 59.447, 59.756, 59.995, 60.295, 60.605, 61.198, 61.498, 61.821, 62.128, 62.434, 62.719, 63.025, 63.319, 63.655, 63.97, 64.296, 64.585, 64.898, 65.341, 65.83, 66.104, 66.409, 66.709, 66.995, 67.267, 67.545, 67.835, 68.157, 68.418, 68.724, 68.995, 69.284, 69.566, 69.85, 70.123, 70.416, 70.671, 70.992, 71.321, 71.642, 71.9, 72.221, 72.463, 72.828, 73.076, 73.318, 73.586, 73.828, 74.085, 74.413, 74.645, 74.961, 75.196, 75.5, 75.758, 76.08, 76.311, 76.632, 76.894, 77.22, 77.473, 77.796, 78.041, 78.358, 78.594, 78.915, 79.171, 79.488, 79.77, 80.017, 80.259, 80.488, 80.734, 81.112, 81.489, 81.774, 82.036, 82.392, 82.745, 83.117, 83.644, 83.988, 84.364, 84.814, 85.173, 85.526, 85.89, 86.247, 86.588, 86.928, 87.191, 87.68, 87.908, 88.129, 88.362, 88.585, 88.805, 89.02, 89.419, 89.626, 89.931, 90.224, 90.65, 90.877, 91.23, 91.59, 91.801, 92.012, 92.476, 92.711, 93.068, 93.392, 93.624, 93.971, 94.388, 94.6, 95.062, 95.434, 95.662, 95.876, 96.11, 96.336, 96.553, 96.766, 96.985, 97.227, 97.451, 97.678, 97.894, 98.317, 98.652, 99.058, 99.428, 99.786, 100.027, 100.393, 100.747, 101.011, 101.402, 101.777, 102.159, 102.379, 102.61, 102.865, 103.11, 103.367, 103.63, 104.096, 104.706, 104.949, 105.328, 105.586, 105.834, 106.073, 106.341, 106.563, 106.794, 107.057, 107.31, 107.584, 107.847, 108.143, 108.38, 108.611, 108.815, 109.043, 109.252, 109.466, 109.839, 110.11, 110.928, 111.246, 111.716, 111.932, 112.137, 112.347, 112.809, 113.011, 113.223, 113.544, 113.95, 114.333, 114.711, 115.006, 115.412, 115.791, 116.186, 116.573, 116.943, 117.312, 117.672, 118.038, 118.404, 118.775, 119.131, 119.476, 119.76, 120.114, 120.465, 120.821, 121.093, 121.466, 121.825, 122.196, 122.548, 123.037, 123.41, 123.768, 124.028, 124.426, 124.799, 125.198, 125.579, 125.961, 126.348, 126.725, 127.103, 127.491, 127.871, 128.245, 128.628, 129.003, 129.384, 129.766, 130.124, 130.499, 130.887, 131.283, 131.661, 132.028, 132.376, 132.711, 133.058, 133.428, 133.781, 134.152, 134.529, 134.908, 135.283, 135.662, 136.037, 136.426, 136.636, 137.009, 137.404, 137.81, 138.198, 138.591, 138.799, 139.229, 139.432, 139.649, 139.886, 140.316, 140.534, 140.926, 141.155, 141.546, 141.756, 141.969, 142.363, 142.721, 142.93, 143.344, 143.729, 143.955, 144.195, 144.437, 144.693, 144.913, 145.16, 145.371, 145.597, 145.809, 146.039, 146.247, 146.464, 146.871, 147.266, 147.474, 147.685, 147.921, 148.279, 148.745, 148.963, 149.368, 149.807, 150.009, 150.393, 150.614, 150.823, 151.193, 151.433, 151.81, 152.196, 152.599, 152.921, 153.131, 153.526, 153.896, 154.263, 154.644, 155.01, 155.359, 155.773, 155.983, 156.211, 156.616, 157.004, 157.345, 157.581, 157.963, 158.321, 158.708, 159.107, 159.484, 159.831, 160.079, 160.502, 160.9, 161.261, 161.501, 161.733, 162.146, 162.359, 162.732, 163.114, 163.474, 163.843, 164.226, 164.637, 164.999, 165.396, 165.777, 166.148, 166.603, 166.811, 167.173, 167.583, 167.962, 168.328, 168.692, 168.953, 169.167, 169.374, 169.753, 169.958, 170.175, 170.569, 170.969, 171.573, 171.788, 171.993, 172.2, 172.553, 172.759, 173.129, 173.599, 173.813, 174.026, 174.251, 174.605, 174.812, 175.199, 175.408, 175.777, 175.99, 176.203, 176.597, 176.951, 177.371, 177.577, 178.01, 178.386, 178.608, 178.989, 179.319, 179.525, 179.983, 180.356, 180.6, 180.814, 181.046, 181.401, 181.612, 182.033, 182.235, 182.646, 183.04, 183.286, 183.502, 183.887, 184.303, 184.714, 185.018, 185.224, 186.301, 186.623, 186.898, 187.155, 187.419, 187.701, 187.973, 188.255, 188.56, 188.844, 189.144, 189.961, 190.235, 190.477, 190.71, 190.948, 191.162, 191.372, 191.767, 192.159, 192.361, 192.747, 193.151, 193.54, 193.911, 194.278, 194.676, 194.891, 195.11, 195.318, 195.708, 196.082, 196.448, 196.822, 197.191, 197.566, 197.936, 198.317, 198.677, 198.959, 199.344, 199.725, 200.106, 200.48, 200.851, 201.204, 201.566, 201.935, 202.317, 202.814, 203.206, 203.579, 203.961, 204.332, 204.713, 205.099, 205.473, 205.836, 206.191, 206.693, 207.069, 207.443, 207.81, 208.158, 208.573, 208.79, 208.994, 209.197, 209.399, 209.761, 209.966, 210.179, 210.391, 210.796, 211.178, 211.542, 211.848, 212.241, 212.618, 212.986, 213.203, 213.552, 213.937, 214.291, 214.68, 215.064, 215.458, 215.674, 215.877, 216.258, 216.611, 216.828, 217.222, 217.539, 217.918, 218.221, 218.601, 218.94, 219.209, 219.411, 219.624, 219.832, 220.038, 220.244, 220.646, 220.992, 221.375, 221.757, 222.144, 222.35, 222.564, 222.77, 223.296, 223.515, 223.879, 224.287, 224.666, 224.882, 225.403, 225.788, 226.161, 226.551, 227.085, 227.449, 228.06, 228.663, 229.05, 229.62, 230.006, 230.359, 230.728, 231.114, 231.319, 231.707, 231.911, 232.294, 232.5, 232.876, 233.269, 233.472, 233.996, 234.217, 234.463, 234.853, 235.254, 235.645, 236.05, 236.446, 236.859, 237.08, 237.295, 237.711, 237.924, 238.154, 238.367, 238.569, 238.779, 238.988, 239.37, 239.941, 240.315, 240.721, 241.099, 241.476, 241.697, 241.91, 242.298, 242.859, 243.069, 243.281, 243.492, 243.874, 244.083, 244.474, 244.876, 245.278, 245.651, 245.866, 246.271, 246.656, 247.035, 247.431, 247.774, 247.978, 248.392, 248.782, 248.99, 249.375, 249.766, 250.14, 250.344, 250.561, 250.939, 251.304, 251.659, 252.017, 252.5, 252.706, 253.087, 253.479, 253.682, 253.889, 254.28, 254.5, 254.906, 255.487, 255.695, 255.897, 256.289, 256.497, 256.718, 256.929, 257.33, 257.634, 257.852, 258.231, 258.454, 258.66, 258.887, 259.093, 259.297, 259.5, 259.702, 260.061, 260.483, 260.689, 260.904, 261.338, 261.563, 261.773, 261.993, 262.203, 262.408, 262.614, 263.014, 263.216, 263.427, 263.805, 264.024, 264.411, 264.786, 265.161, 265.525, 265.869, 266.146, 266.51, 266.989, 267.348, 267.701, 268.003, 268.213, 268.966, 269.244, 269.506, 269.772, 270.056, 270.515, 270.813, 271.099, 271.383, 271.821, 272.121, 272.409, 272.686, 272.977, 273.273, 273.571, 273.859, 274.149, 274.603, 274.903, 275.199, 275.65, 275.948, 276.235, 276.53, 276.832, 277.129, 277.416, 277.889, 278.194, 278.503, 278.813, 279.138, 279.447, 279.754, 280.062, 280.388, 280.705, 281.187, 281.507, 281.848, 282.188, 282.538, 282.863, 283.21, 283.558, 283.89, 284.226, 284.739, 285.086, 285.421, 285.779, 286.121, 286.477, 286.825, 287.164, 287.516, 287.857, 288.21, 288.57, 288.928, 289.283, 289.825, 290.158, 290.503, 291.03, 291.395, 291.733, 292.085, 292.436, 292.81, 293.151, 293.495, 293.845, 294.193, 294.742, 295.101, 295.466, 295.809, 296.13, 296.537, 296.892, 297.211, 297.52, 297.87, 298.184, 298.499, 298.79, 299.114, 299.484, 299.88, 300.212, 300.421, 300.75, 301.089, 301.452, 301.786, 302.118, 302.49, 302.844, 303.236, 303.583, 303.947, 304.293, 304.818, 305.168, 305.499, 305.836, 306.189, 306.556, 306.897, 307.228, 307.575, 307.935, 308.31, 308.665, 309.266, 309.625, 309.977, 310.343, 310.731, 311.103, 311.493, 311.85, 312.154, 312.519, 312.897, 313.274, 313.607, 313.814, 314.2, 314.407, 314.741, 315.113, 315.448, 315.672, 316.035, 316.386, 316.662, 317.07, 317.431, 317.681, 318.09, 318.509, 318.711, 319.101, 319.359, 319.757, 320.152, 320.374, 320.764, 321.097, 321.317, 321.689, 322.051, 322.27, 322.647, 322.936, 323.35, 323.727, 324.114, 324.471, 324.838, 325.085, 325.459, 325.806, 326.031, 326.382, 326.792, 327.163, 327.518, 327.765, 328.134, 328.496, 328.992, 329.39, 329.742, 330.143, 330.492, 330.84, 331.075, 331.447, 331.851, 332.176, 332.421, 332.795, 333.086, 333.44, 333.69, 334.079, 334.434, 334.803, 335.254, 335.638, 336.068, 336.274, 336.639, 337.121, 337.503, 337.862, 338.25, 338.616, 339.006, 339.377, 339.794, 340.147, 340.527, 340.905, 341.294, 341.653, 342.037, 342.41, 342.822, 343.18, 343.576, 343.935, 344.368, 344.735, 345.146, 345.549, 345.918, 346.304, 346.711, 347.067, 347.468, 347.85, 348.185, 348.524, 348.886, 349.232, 349.594, 349.963, 350.334, 350.712, 351.083, 351.412, 351.812, 352.036, 352.251, 352.847, 353.252, 353.463, 353.926, 354.14, 354.882, 355.253, 356.166, 356.734, 357.298, 357.63, 357.837, 358.179, 358.52, 358.843, 359.199, 359.532, 359.879]"
mmgq3qouddjc6z,29,16860,16.86,0.7037037037037037,0.5,,,
mmgq3qouddjc6z,51,23953,23.953,0.7931034482758621,0.25,,,
mmgq3qouddjc6z,99,39727,39.727,0.8888888888888888,0.35,,,
mmgq3qouddjc6z,125,48294,48.294,0.7931034482758621,0.55,,,
mmgq3qouddjc6z,154,57680,57.68,0.7428571428571429,0.25,,,
mmgq3qouddjc6z,252,89855,89.855,0.8461538461538461,0.35,,,
mmgq3qouddjc6z,273,97920,97.92,0.9553571428571429,0.7,,,
mmgq3qouddjc6z,338,118197,118.197,0.9565217391304348,0.45,,,
mmgq3qouddjc6z,384,132757,132.757,0.8181818181818181,0.85,,,
mmgq3qouddjc6z,480,161305,161.305,0.95,0.5,,,
mmgq3qouddjc6z,557,183657,183.657,0.9846938775510204,0.4,,,
mmgq3qouddjc6z,595,194190,194.19,0.9024390243902439,0.2,,,
mmgq3qouddjc6z,630,204163,204.163,0.8333333333333334,0.2,,,
mmgq3qouddjc6z,667,215642,215.642,0.9,0.5,,,
mmgq3qouddjc6z,823,260987,260.987,0.9612403100775194,0.55,,,
mmgq3qouddjc6z,886,279182,279.182,0.8333333333333334,0.5,,,
mmgq3qouddjc6z,933,292770,292.77,0.8846153846153846,0.65,,,
mmgq3qouddjc6z,995,311010,311.01,0.8888888888888888,0.4,,,
mmgq3qouddjc6z,1031,321423,321.423,0.7692307692307692,0.6,,,
mmgq3qouddjc6z,1106,345055,345.055,0.9193548387096774,0.55,,,
mmgq3qouddjc6z,-1,0,0.0,0.0,0.0,"[0.0, 0.9999999999999999, 1.0, 1.0, 0.0, 0.0, 0.0, 0.0, 0.0, 0.0, 0.0, 0.0, 0.0, 0.0, 0.0, 0.0, 0.0, 0.0, 0.0, 0.0, 0.0, 0.0, 0.0, 0.0, 0.0, 0.0, 0.0, 0.0, 0.0, 0.7037037037037037, 0.0, 0.0, 0.0, 0.0, 0.0, 0.0, 0.0, 0.0, 0.0, 0.0, 0.0, 0.0, 0.0, 0.0, 0.0, 0.0, 0.0, 0.0, 0.0, 0.0, 0.0, 0.7931034482758621, 0.0, 0.0, 0.0, 0.0, 0.0, 0.0, 0.0, 0.0, 0.0, 0.0, 0.0, 0.0, 0.0, 0.0, 0.0, 0.76, 0.0, 0.0, 0.0, 0.0, 0.0, 0.0, 0.0, 0.0, 0.0, 0.0, 0.0, 0.0, 0.0, 0.0, 0.0, 0.0, 0.0, 0.0, 0.0, 0.0, 0.0, 0.0, 0.0, 0.0, 0.0, 0.0, 0.0, 0.0, 0.0, 0.0, 0.0, 0.8888888888888888, 0.0, 0.0, 0.0, 0.0, 0.0, 0.0, 0.0, 0.0, 0.0, 0.0, 0.0, 0.0, 0.0, 0.0, 0.0, 0.0, 0.0, 0.0, 0.0, 0.0, 0.0, 0.0, 0.0, 0.0, 0.0, 0.7931034482758621, 0.0, 0.0, 0.0, 0.0, 0.0, 0.6571428571428571, 0.0, 0.0, 0.0, 0.0, 0.0, 0.0, 0.0, 0.0, 0.0, 0.0, 0.0, 0.0, 0.0, 0.0, 0.0, 0.0, 0.0, 0.0, 0.0, 0.0, 0.0, 0.0, 0.7428571428571429, 0.0, 0.0, 0.0, 0.0, 0.0, 0.0, 0.0, 0.0, 0.0, 0.0, 0.0, 0.0, 0.7142857142857143, 0.0, 0.0, 0.0, 0.0, 0.0, 0.0, 0.0, 0.0, 0.0, 0.0, 0.0, 0.0, 0.0, 0.0, 0.0, 0.0, 0.0, 0.0, 0.0, 0.0, 0.0, 0.0, 0.0, 0.0, 0.0, 0.0, 0.0, 0.0, 0.0, 0.0, 0.0, 0.0, 0.0, 0.0, 0.0, 0.0, 0.0, 0.0, 0.0, 0.0, 0.0, 0.0, 0.0, 0.0, 0.0, 0.0, 0.0, 0.0, 0.0, 0.0, 0.0, 0.0, 0.0, 0.0, 0.0, 0.0, 0.0, 0.0, 0.0, 0.0, 0.0, 0.0, 0.0, 0.0, 0.0, 0.0, 0.0, 0.0, 0.0, 0.0, 0.0, 0.0, 0.0, 0.0, 0.0, 0.0, 0.0, 0.0, 0.0, 0.0, 0.0, 0.0, 0.0, 0.0, 0.8461538461538461, 0.0, 0.0, 0.0, 0.0, 0.0, 0.0, 0.0, 0.0, 0.0, 0.0, 0.0, 0.0, 0.0, 0.0, 0.0, 0.0, 0.0, 0.0, 0.0, 0.0, 0.9553571428571429, 0.0, 0.0, 0.0, 0.0, 0.0, 0.0, 0.0, 0.0, 0.0, 0.0, 0.0, 0.0, 0.0, 0.0, 0.0, 0.0, 0.0, 0.0, 0.0, 0.0, 0.0, 0.0, 0.0, 0.0, 0.0, 0.0, 0.0, 0.0, 0.0, 0.0, 0.0, 0.0, 0.0, 0.0, 0.0, 0.0, 0.0, 0.0, 0.0, 0.0, 0.0, 0.0, 0.0, 0.0, 0.0, 0.0, 0.0, 0.0, 0.0, 0.0, 0.0, 0.0, 0.0, 0.0, 0.0, 0.0, 0.0, 0.0, 0.0, 0.0, 0.0, 0.0, 0.0, 0.0, 0.9565217391304348, 0.0, 0.0, 0.0, 0.0, 0.0, 0.0, 0.0, 0.0, 0.0, 0.0, 0.0, 0.0, 0.0, 0.0, 0.0, 0.0, 0.72, 0.0, 0.0, 0.0, 0.0, 0.0, 0.0, 0.0, 0.0, 0.0, 0.0, 0.0, 0.0, 0.631578947368421, 0.0, 0.0, 0.0, 0.0, 0.0, 0.0, 0.0, 0.0, 0.0, 0.0, 0.0, 0.0, 0.0, 0.0, 0.0, 0.8181818181818181, 0.0, 0.0, 0.0, 0.0, 0.0, 0.0, 0.0, 0.0, 0.0, 0.0, 0.0, 0.0, 0.0, 0.0, 0.0, 0.0, 0.0, 0.0, 0.0, 0.0, 0.0, 0.0, 0.0, 0.0, 0.0, 0.0, 0.0, 0.0, 0.0, 0.0, 0.0, 0.0, 0.0, 0.0, 0.0, 0.0, 0.0, 0.0, 0.0, 0.0, 0.0, 0.0, 0.0, 0.0, 0.0, 0.0, 0.0, 0.0, 0.0, 0.0, 0.0, 0.0, 0.0, 0.0, 0.0, 0.0, 0.0, 0.0, 0.0, 0.0, 0.0, 0.0, 0.0, 0.0, 0.0, 0.0, 0.0, 0.0, 0.0, 0.0, 0.0, 0.0, 0.0, 0.0, 0.0, 0.0, 0.0, 0.0, 0.0, 0.0, 0.0, 0.0, 0.0, 0.0, 0.0, 0.0, 0.0, 0.0, 0.0, 0.0, 0.0, 0.0, 0.0, 0.0, 0.0, 0.95, 0.0, 0.0, 0.0, 0.0, 0.0, 0.0, 0.0, 0.0, 0.0, 0.0, 0.0, 0.0, 0.0, 0.0, 0.0, 0.0, 0.0, 0.0, 0.0, 0.0, 0.0, 0.0, 0.0, 0.0, 0.0, 0.0, 0.0, 0.0, 0.0, 0.0, 0.0, 0.0, 0.0, 0.0, 0.0, 0.0, 0.0, 0.0, 0.0, 0.0, 0.0, 0.0, 0.0, 0.0, 0.0, 0.0, 0.0, 0.0, 0.0, 0.0, 0.0, 0.0, 0.0, 0.0, 0.0, 0.0, 0.0, 0.9577464788732395, 0.0, 0.0, 0.0, 0.0, 0.0, 0.0, 0.0, 0.0, 0.0, 0.0, 0.0, 0.0, 0.0, 0.0, 0.0, 0.0, 0.0, 0.0, 0.9846938775510204, 0.0, 0.0, 0.0, 0.0, 0.0, 0.0, 0.0, 0.0, 0.0, 0.0, 0.0, 0.0, 0.0, 0.0, 0.0, 0.0, 0.0, 0.0, 0.0, 0.0, 0.0, 0.0, 0.0, 0.0, 0.0, 0.0, 0.0, 0.0, 0.0, 0.0, 0.0, 0.0, 0.0, 0.0, 0.0, 0.0, 0.0, 0.9024390243902439, 0.0, 0.0, 0.0, 0.0, 0.0, 0.0, 0.0, 0.0, 0.0, 0.0, 0.0, 0.0, 0.0, 0.0, 0.0, 0.736842105263158, 0.0, 0.0, 0.0, 0.0, 0.0, 0.0, 0.0, 0.0, 0.0, 0.0, 0.0, 0.0, 0.0, 0.0, 0.0, 0.0, 0.0, 0.0, 0.8333333333333334, 0.0, 0.0, 0.0, 0.0, 0.0, 0.0, 0.0, 0.0, 0.0, 0.0, 0.0, 0.0, 0.0, 0.0, 0.0, 0.0, 0.0, 0.0, 0.0, 0.0, 0.0, 0.0, 0.0, 0.0, 0.0, 0.0, 0.0, 0.0, 0.0, 0.0, 0.0, 0.0, 0.0, 0.0, 0.0, 0.0, 0.9, 0.0, 0.0, 0.0, 0.0, 0.0, 0.0, 0.0, 0.0, 0.0, 0.0, 0.0, 0.0, 0.0, 0.0, 0.0, 0.0, 0.0, 0.0, 0.7272727272727273, 0.0, 0.0, 0.0, 0.0, 0.0, 0.0, 0.0, 0.0, 0.0, 0.0, 0.0, 0.0, 0.0, 0.0, 0.0, 0.0, 0.0, 0.0, 0.0, 0.0, 0.0, 0.0, 0.0, 0.0, 0.0, 0.0, 0.0, 0.0, 0.0, 0.0, 0.0, 0.0, 0.0, 0.0, 0.0, 0.0, 0.0, 0.0, 0.0, 0.0, 0.0, 0.0, 0.0, 0.0, 0.0, 0.0, 0.0, 0.0, 0.0, 0.0, 0.0, 0.0, 0.0, 0.0, 0.0, 0.0, 0.0, 0.0, 0.0, 0.0, 0.0, 0.0, 0.0, 0.0, 0.0, 0.0, 0.0, 0.0, 0.0, 0.0, 0.0, 0.0, 0.0, 0.0, 0.0, 0.0, 0.0, 0.0, 0.0, 0.0, 0.0, 0.0, 0.0, 0.0, 0.0, 0.0, 0.0, 0.0, 0.0, 0.0, 0.0, 0.0, 0.0, 0.0, 0.0, 0.0, 0.0, 0.0, 0.0, 0.0, 0.0, 0.0, 0.0, 0.0, 0.0, 0.0, 0.0, 0.0, 0.0, 0.0, 0.0, 0.0, 0.0, 0.0, 0.0, 0.0, 0.0, 0.0, 0.0, 0.0, 0.0, 0.0, 0.0, 0.0, 0.0, 0.0, 0.0, 0.0, 0.0, 0.0, 0.0, 0.0, 0.0, 0.0, 0.0, 0.0, 0.9612403100775194, 0.0, 0.0, 0.0, 0.0, 0.0, 0.0, 0.0, 0.0, 0.0, 0.0, 0.0, 0.0, 0.0, 0.0, 0.0, 0.0, 0.0, 0.0, 0.8888888888888888, 0.0, 0.0, 0.0, 0.0, 0.0, 0.0, 0.0, 0.0, 0.0, 0.0, 0.0, 0.0, 0.0, 0.0, 0.0, 0.0, 0.0, 0.0, 0.0, 0.0, 0.0, 0.0, 0.0, 0.0, 0.0, 0.0, 0.0, 0.0, 0.0, 0.0, 0.0, 0.0, 0.0, 0.0, 0.0, 0.0, 0.0, 0.0, 0.0, 0.0, 0.0, 0.0, 0.0, 0.8333333333333334, 0.0, 0.0, 0.0, 0.0, 0.0, 0.0, 0.0, 0.0, 0.0, 0.0, 0.0, 0.0, 0.0, 0.0, 0.0, 0.0, 0.0, 0.0, 0.0, 0.0, 0.0, 0.0, 0.0, 0.0, 0.0, 0.0, 0.0, 0.0, 0.0, 0.0, 0.0, 0.0, 0.0, 0.0, 0.0, 0.0, 0.0, 0.0, 0.0, 0.0, 0.0, 0.0, 0.0, 0.0, 0.0, 0.0, 0.8846153846153846, 0.0, 0.0, 0.0, 0.0, 0.0, 0.0, 0.0, 0.0, 0.0, 0.0, 0.0, 0.0, 0.0, 0.0, 0.0, 0.0, 0.0, 0.0, 0.0, 0.0, 0.0, 0.0, 0.0, 0.0, 0.0, 0.0, 0.0, 0.0, 0.0, 0.0, 0.0, 0.0, 0.0, 0.0, 0.0, 0.0, 0.0, 0.0, 0.0, 0.0, 0.0, 0.0, 0.0, 0.0, 0.0, 0.0, 0.0, 0.0, 0.0, 0.0, 0.0, 0.0, 0.0, 0.0, 0.0, 0.0, 0.0, 0.0, 0.0, 0.0, 0.0, 0.8888888888888888, 0.0, 0.0, 0.0, 0.0, 0.0, 0.0, 0.0, 0.0, 0.0, 0.0, 0.0, 0.0, 0.0, 0.0, 0.0, 0.0, 0.0, 0.0, 0.0, 0.0, 0.0, 0.0, 0.0, 0.0, 0.0, 0.0, 0.0, 0.0, 0.0, 0.0, 0.0, 0.0, 0.0, 0.0, 0.0, 0.7692307692307692, 0.0, 0.0, 0.0, 0.0, 0.0, 0.0, 0.0, 0.0, 0.0, 0.0, 0.0, 0.0, 0.0, 0.0, 0.0, 0.0, 0.0, 0.0, 0.0, 0.7142857142857143, 0.0, 0.0, 0.0, 0.0, 0.0, 0.0, 0.0, 0.0, 0.0, 0.0, 0.0, 0.0, 0.0, 0.0, 0.0, 0.0, 0.0, 0.0, 0.0, 0.0, 0.0, 0.0, 0.0, 0.0, 0.0, 0.0, 0.0, 0.0, 0.0, 0.0, 0.0, 0.0, 0.0, 0.0, 0.0, 0.0, 0.0, 0.0, 0.0, 0.0, 0.0, 0.0, 0.0, 0.0, 0.0, 0.0, 0.0, 0.0, 0.0, 0.0, 0.0, 0.0, 0.0, 0.0, 0.9193548387096774, 0.0, 0.0, 0.0, 0.0, 0.0, 0.0, 0.0, 0.0, 0.0, 0.0, 0.0, 0.0, 0.0, 0.0, 0.0, 0.0, 0.0, 0.0, 0.0, 0.0, 0.0, 0.0, 0.0, 0.0, 0.0, 0.0, 0.0, 0.0, 0.0, 0.0, 0.0, 0.0, 0.0, 0.0, 0.0, 0.0, 0.0, 0.0, 0.0, 0.0, 0.0, 0.0, 0.0, 0.0, 0.0, 0.0]","[1.0, 0.5, 0.3333333333333333, 0.25, 0.2, 0.1666666666666666, 0.1428571428571428, 0.125, 0.1111111111111111, 0.2, 0.1818181818181818, 0.1666666666666666, 0.1538461538461538, 0.1428571428571428, 0.1333333333333333, 0.1875, 0.1764705882352941, 0.1666666666666666, 0.2105263157894736, 0.25, 0.25, 0.3, 0.35, 0.35, 0.35, 0.35, 0.4, 0.45, 0.5, 0.5, 0.5, 0.5, 0.5, 0.5, 0.5, 0.5, 0.55, 0.6, 0.6, 0.55, 0.5, 0.45, 0.4, 0.4, 0.4, 0.4, 0.35, 0.3, 0.25, 0.2, 0.25, 0.25, 0.25, 0.25, 0.3, 0.3, 0.3, 0.3, 0.25, 0.3, 0.35, 0.4, 0.45, 0.5, 0.5, 0.5, 0.5, 0.5, 0.5, 0.55, 0.55, 0.6, 0.65, 0.7, 0.7, 0.7, 0.7, 0.7, 0.75, 0.75, 0.7, 0.65, 0.6, 0.55, 0.6, 0.65, 0.65, 0.65, 0.7, 0.7, 0.7, 0.7, 0.7, 0.65, 0.6, 0.55, 0.5, 0.45, 0.4, 0.35, 0.35, 0.35, 0.35, 0.35, 0.35, 0.35, 0.4, 0.45, 0.45, 0.4, 0.35, 0.3, 0.25, 0.3, 0.35, 0.4, 0.4, 0.4, 0.4, 0.45, 0.5, 0.55, 0.6, 0.6, 0.55, 0.55, 0.55, 0.5, 0.45, 0.45, 0.45, 0.5, 0.55, 0.55, 0.55, 0.55, 0.6, 0.65, 0.65, 0.6, 0.55, 0.5, 0.45, 0.45, 0.5, 0.45, 0.4, 0.4, 0.4, 0.45, 0.45, 0.4, 0.35, 0.3, 0.25, 0.25, 0.25, 0.25, 0.3, 0.35, 0.4, 0.45, 0.5, 0.55, 0.55, 0.6, 0.6, 0.6, 0.6, 0.55, 0.55, 0.55, 0.55, 0.55, 0.6, 0.6, 0.6, 0.6, 0.6, 0.6, 0.6, 0.55, 0.5, 0.45, 0.4, 0.35, 0.4, 0.45, 0.5, 0.55, 0.55, 0.55, 0.55, 0.55, 0.55, 0.55, 0.55, 0.55, 0.55, 0.55, 0.55, 0.55, 0.55, 0.55, 0.55, 0.55, 0.5, 0.45, 0.45, 0.45, 0.5, 0.5, 0.5, 0.5, 0.45, 0.45, 0.45, 0.45, 0.45, 0.45, 0.4, 0.45, 0.5, 0.55, 0.55, 0.55, 0.55, 0.6, 0.6, 0.6, 0.55, 0.6, 0.65, 0.7, 0.7, 0.65, 0.6, 0.55, 0.5, 0.45, 0.45, 0.4, 0.4, 0.4, 0.45, 0.45, 0.5, 0.5, 0.45, 0.4, 0.4, 0.35, 0.35, 0.35, 0.4, 0.45, 0.45, 0.45, 0.45, 0.5, 0.55, 0.6, 0.55, 0.5, 0.45, 0.5, 0.5, 0.5, 0.55, 0.6, 0.65, 0.7, 0.7, 0.7, 0.7, 0.7, 0.75, 0.8, 0.8, 0.75, 0.7, 0.65, 0.65, 0.65, 0.7, 0.7, 0.7, 0.7, 0.7, 0.7, 0.7, 0.7, 0.7, 0.7, 0.7, 0.65, 0.6, 0.55, 0.6, 0.65, 0.7, 0.7, 0.7, 0.7, 0.7, 0.7, 0.7, 0.7, 0.7, 0.7, 0.7, 0.7, 0.65, 0.6, 0.6, 0.65, 0.7, 0.75, 0.75, 0.75, 0.7, 0.7, 0.7, 0.75, 0.75, 0.75, 0.75, 0.7, 0.7, 0.65, 0.6, 0.55, 0.6, 0.65, 0.65, 0.6, 0.55, 0.5, 0.45, 0.45, 0.5, 0.55, 0.6, 0.6, 0.6, 0.6, 0.6, 0.65, 0.65, 0.7, 0.75, 0.8, 0.8, 0.8, 0.8, 0.85, 0.85, 0.85, 0.85, 0.8, 0.75, 0.7, 0.65, 0.6, 0.55, 0.55, 0.55, 0.55, 0.55, 0.55, 0.55, 0.55, 0.55, 0.55, 0.55, 0.5, 0.5, 0.5, 0.55, 0.6, 0.65, 0.7, 0.75, 0.8, 0.85, 0.8, 0.75, 0.7, 0.7, 0.7, 0.7, 0.7, 0.7, 0.7, 0.7, 0.75, 0.75, 0.75, 0.7, 0.65, 0.65, 0.65, 0.6, 0.55, 0.5, 0.55, 0.6, 0.65, 0.65, 0.65, 0.6, 0.55, 0.55, 0.55, 0.5, 0.5, 0.55, 0.6, 0.65, 0.65, 0.6, 0.55, 0.55, 0.6, 0.65, 0.65, 0.65, 0.65, 0.65, 0.65, 0.65, 0.65, 0.6, 0.6, 0.65, 0.65, 0.65, 0.65, 0.65, 0.7, 0.7, 0.7, 0.75, 0.75, 0.75, 0.75, 0.75, 0.75, 0.7, 0.65, 0.65, 0.7, 0.75, 0.75, 0.75, 0.75, 0.75, 0.75, 0.7, 0.7, 0.75, 0.8, 0.75, 0.7, 0.65, 0.65, 0.65, 0.6, 0.6, 0.6, 0.65, 0.65, 0.65, 0.65, 0.65, 0.6, 0.55, 0.5, 0.5, 0.5, 0.5, 0.5, 0.5, 0.5, 0.5, 0.45, 0.45, 0.5, 0.55, 0.6, 0.6, 0.6, 0.6, 0.6, 0.55, 0.55, 0.6, 0.65, 0.7, 0.65, 0.6, 0.55, 0.55, 0.55, 0.6, 0.65, 0.65, 0.65, 0.65, 0.65, 0.65, 0.65, 0.6, 0.55, 0.6, 0.65, 0.6, 0.55, 0.5, 0.5, 0.55, 0.6, 0.65, 0.7, 0.7, 0.65, 0.6, 0.55, 0.55, 0.55, 0.55, 0.55, 0.6, 0.65, 0.65, 0.65, 0.7, 0.75, 0.8, 0.8, 0.75, 0.7, 0.65, 0.65, 0.65, 0.7, 0.75, 0.75, 0.7, 0.65, 0.6, 0.6, 0.6, 0.6, 0.55, 0.5, 0.45, 0.4, 0.4, 0.45, 0.5, 0.55, 0.55, 0.5, 0.45, 0.4, 0.35, 0.35, 0.35, 0.4, 0.45, 0.45, 0.45, 0.45, 0.5, 0.55, 0.6, 0.65, 0.65, 0.6, 0.55, 0.5, 0.5, 0.5, 0.5, 0.5, 0.5, 0.5, 0.5, 0.45, 0.4, 0.4, 0.35, 0.3, 0.25, 0.2, 0.15, 0.15, 0.15, 0.15, 0.15, 0.15, 0.15, 0.2, 0.25, 0.3, 0.35, 0.4, 0.45, 0.5, 0.55, 0.55, 0.55, 0.55, 0.55, 0.55, 0.55, 0.5, 0.45, 0.45, 0.45, 0.45, 0.5, 0.5, 0.5, 0.45, 0.4, 0.35, 0.3, 0.25, 0.2, 0.15, 0.2, 0.2, 0.2, 0.2, 0.2, 0.2, 0.2, 0.2, 0.2, 0.25, 0.25, 0.2, 0.15, 0.15, 0.15, 0.15, 0.15, 0.15, 0.15, 0.15, 0.1, 0.1, 0.1, 0.1, 0.1, 0.1, 0.15, 0.2, 0.25, 0.25, 0.25, 0.3, 0.35, 0.4, 0.45, 0.5, 0.55, 0.6, 0.6, 0.6, 0.6, 0.6, 0.6, 0.6, 0.6, 0.6, 0.55, 0.5, 0.45, 0.4, 0.35, 0.35, 0.3, 0.25, 0.2, 0.15, 0.15, 0.15, 0.2, 0.2, 0.25, 0.3, 0.35, 0.4, 0.4, 0.4, 0.4, 0.4, 0.4, 0.4, 0.4, 0.4, 0.45, 0.45, 0.45, 0.45, 0.45, 0.45, 0.45, 0.5, 0.45, 0.4, 0.35, 0.3, 0.3, 0.3, 0.35, 0.4, 0.45, 0.45, 0.45, 0.4, 0.35, 0.35, 0.4, 0.45, 0.4, 0.35, 0.3, 0.25, 0.25, 0.25, 0.3, 0.3, 0.3, 0.3, 0.25, 0.2, 0.2, 0.25, 0.3, 0.35, 0.35, 0.35, 0.35, 0.3, 0.3, 0.3, 0.3, 0.3, 0.35, 0.4, 0.4, 0.45, 0.5, 0.5, 0.5, 0.5, 0.45, 0.4, 0.35, 0.3, 0.35, 0.4, 0.35, 0.35, 0.35, 0.35, 0.4, 0.45, 0.45, 0.4, 0.35, 0.3, 0.3, 0.35, 0.4, 0.45, 0.5, 0.5, 0.5, 0.5, 0.45, 0.4, 0.4, 0.4, 0.45, 0.5, 0.45, 0.4, 0.35, 0.4, 0.45, 0.5, 0.45, 0.4, 0.35, 0.3, 0.25, 0.3, 0.35, 0.4, 0.4, 0.4, 0.45, 0.5, 0.5, 0.45, 0.45, 0.45, 0.45, 0.45, 0.45, 0.4, 0.4, 0.4, 0.45, 0.5, 0.55, 0.55, 0.55, 0.55, 0.6, 0.6, 0.55, 0.55, 0.5, 0.5, 0.5, 0.5, 0.5, 0.45, 0.4, 0.4, 0.4, 0.45, 0.4, 0.35, 0.3, 0.25, 0.2, 0.15, 0.1, 0.15, 0.2, 0.2, 0.25, 0.3, 0.3, 0.3, 0.3, 0.3, 0.3, 0.3, 0.35, 0.35, 0.35, 0.35, 0.35, 0.35, 0.4, 0.45, 0.45, 0.4, 0.35, 0.3, 0.25, 0.2, 0.25, 0.3, 0.3, 0.3, 0.3, 0.3, 0.3, 0.3, 0.35, 0.4, 0.4, 0.45, 0.45, 0.45, 0.5, 0.5, 0.5, 0.5, 0.5, 0.55, 0.55, 0.5, 0.5, 0.5, 0.55, 0.6, 0.6, 0.6, 0.55, 0.5, 0.5, 0.45, 0.45, 0.45, 0.45, 0.45, 0.45, 0.45, 0.45, 0.4, 0.4, 0.45, 0.5, 0.55, 0.5, 0.45, 0.4, 0.35, 0.4, 0.45, 0.5, 0.55, 0.55, 0.55, 0.55, 0.55, 0.55, 0.55, 0.6, 0.65, 0.65, 0.65, 0.65, 0.65, 0.7, 0.7, 0.7, 0.75, 0.75, 0.75, 0.75, 0.75, 0.75, 0.7, 0.65, 0.65, 0.65, 0.65, 0.65, 0.65, 0.65, 0.65, 0.65, 0.6, 0.6, 0.65, 0.7, 0.7, 0.65, 0.6, 0.55, 0.5, 0.5, 0.55, 0.6, 0.65, 0.7, 0.7, 0.65, 0.6, 0.55, 0.55, 0.55, 0.6, 0.6, 0.6, 0.55, 0.5, 0.5, 0.55, 0.6, 0.65, 0.65, 0.65, 0.6, 0.55, 0.5, 0.55, 0.6, 0.6, 0.6, 0.55, 0.5, 0.45, 0.45, 0.4, 0.4, 0.4, 0.4, 0.35, 0.35, 0.35, 0.3, 0.25, 0.25, 0.25, 0.3, 0.3, 0.3, 0.35, 0.35, 0.35, 0.35, 0.35, 0.3, 0.3, 0.35, 0.4, 0.45, 0.45, 0.4, 0.35, 0.4, 0.45, 0.5, 0.5, 0.5, 0.5, 0.5, 0.5, 0.55, 0.6, 0.65, 0.65, 0.65, 0.7, 0.65, 0.6, 0.55, 0.55, 0.55, 0.6, 0.55, 0.5, 0.45, 0.45, 0.4, 0.4, 0.4, 0.4, 0.35, 0.3, 0.25, 0.25, 0.25, 0.2, 0.2, 0.25, 0.3, 0.3, 0.3, 0.3, 0.35, 0.4, 0.45, 0.45, 0.5, 0.45, 0.4, 0.35, 0.35, 0.35, 0.4, 0.45, 0.45, 0.45, 0.45, 0.4, 0.4, 0.45, 0.45, 0.4, 0.35, 0.3, 0.25, 0.3, 0.3, 0.35, 0.35, 0.4, 0.45, 0.5, 0.45, 0.4, 0.45, 0.45, 0.45, 0.45, 0.4, 0.35, 0.4, 0.45, 0.5, 0.55, 0.6, 0.55, 0.55, 0.55, 0.6, 0.6, 0.55, 0.55, 0.6, 0.65, 0.65, 0.65, 0.65, 0.7, 0.75, 0.8, 0.8, 0.8, 0.75, 0.7, 0.65, 0.7, 0.7, 0.7, 0.7, 0.7, 0.7, 0.65, 0.6, 0.55, 0.55, 0.6, 0.65, 0.65, 0.6, 0.6, 0.6, 0.6, 0.65, 0.7, 0.7, 0.7, 0.65, 0.6, 0.55, 0.5, 0.5, 0.5, 0.5]","[1.119, 2.014, 2.937, 3.791, 4.603, 5.38, 6.066, 6.704, 7.201, 7.96, 8.482, 9.018, 9.478, 9.872, 10.276, 10.927, 11.51, 11.95, 12.535, 12.952, 13.368, 13.756, 14.067, 14.409, 14.827, 15.211, 15.777, 16.182, 16.549, 16.86, 17.161, 17.527, 17.894, 18.205, 18.521, 18.819, 19.217, 19.562, 19.878, 20.22, 20.565, 20.882, 21.212, 21.487, 21.775, 22.073, 22.352, 22.632, 22.911, 23.159, 23.626, 23.953, 24.268, 24.549, 24.863, 25.144, 25.449, 25.82, 26.083, 26.394, 26.734, 27.041, 27.346, 27.694, 28.059, 28.354, 28.686, 29.036, 29.287, 29.673, 30.045, 30.385, 30.664, 30.95, 31.236, 31.54, 31.811, 32.203, 32.825, 33.133, 33.65, 33.944, 34.248, 34.522, 34.841, 35.159, 35.602, 35.99, 36.329, 36.681, 36.997, 37.274, 37.586, 37.898, 38.204, 38.493, 38.793, 39.129, 39.407, 39.727, 39.974, 40.27, 40.539, 40.841, 41.441, 41.769, 42.079, 42.353, 42.633, 42.951, 43.262, 43.56, 43.84, 44.157, 44.491, 44.812, 45.492, 45.853, 46.148, 46.444, 46.821, 47.106, 47.367, 47.723, 47.992, 48.294, 48.633, 48.973, 49.248, 49.561, 49.855, 50.134, 50.462, 50.762, 51.066, 51.372, 51.638, 51.995, 52.329, 52.652, 52.949, 53.394, 53.712, 53.995, 54.316, 54.678, 55.026, 55.344, 55.648, 55.906, 56.369, 56.706, 57.05, 57.356, 57.68, 58.029, 58.356, 58.702, 59.012, 59.314, 59.642, 59.968, 60.26, 60.576, 60.851, 61.384, 61.737, 62.022, 62.672, 62.985, 63.302, 63.583, 63.897, 64.191, 64.779, 65.096, 65.422, 65.716, 65.994, 66.31, 66.607, 66.956, 67.261, 67.567, 67.867, 68.139, 68.413, 68.724, 69.005, 69.283, 69.612, 69.895, 70.185, 70.47, 70.775, 71.044, 71.31, 71.605, 71.964, 72.425, 72.829, 73.2, 73.449, 73.734, 73.974, 74.399, 74.681, 74.946, 75.314, 75.595, 75.92, 76.254, 76.501, 76.803, 77.11, 77.507, 77.734, 78.034, 78.325, 78.617, 79.025, 79.387, 79.688, 79.959, 80.32, 80.6, 80.876, 81.248, 81.543, 81.819, 82.331, 82.922, 83.275, 83.575, 83.93, 84.269, 84.58, 84.913, 85.237, 85.51, 85.76, 86.059, 86.468, 86.727, 87.008, 87.417, 87.853, 88.132, 88.51, 88.798, 89.236, 89.502, 89.855, 90.12, 90.359, 91.042, 91.435, 91.749, 92.043, 93.106, 93.459, 93.804, 94.134, 94.434, 94.764, 95.175, 95.438, 95.768, 96.069, 96.373, 96.688, 97.0, 97.32, 97.92, 98.21, 98.518, 98.875, 99.224, 99.665, 99.952, 100.252, 100.572, 100.853, 101.142, 101.455, 101.837, 102.131, 102.439, 102.723, 103.044, 103.343, 103.656, 103.959, 104.254, 104.551, 104.871, 105.17, 105.411, 105.679, 106.021, 106.317, 106.766, 107.036, 107.368, 107.729, 108.007, 108.289, 108.573, 108.87, 109.148, 109.432, 109.707, 110.019, 110.33, 110.658, 110.908, 111.151, 111.411, 111.728, 111.967, 112.312, 112.592, 112.889, 113.331, 113.608, 113.886, 114.151, 114.531, 114.898, 115.195, 115.515, 115.815, 116.322, 116.566, 116.87, 117.347, 117.609, 117.91, 118.197, 118.563, 118.852, 119.114, 119.406, 119.717, 119.982, 120.533, 120.82, 121.085, 121.346, 121.865, 122.112, 122.372, 122.612, 123.048, 123.337, 123.569, 123.98, 124.289, 124.574, 125.091, 125.423, 125.941, 126.22, 126.48, 126.768, 127.094, 127.443, 127.72, 127.978, 128.385, 128.66, 128.965, 129.22, 129.645, 129.993, 130.3, 130.554, 130.8, 131.18, 131.418, 131.655, 131.913, 132.184, 132.473, 132.757, 133.166, 133.427, 133.66, 133.925, 134.245, 134.507, 134.733, 135.134, 135.422, 135.71, 135.983, 136.309, 136.616, 137.004, 137.361, 137.632, 137.928, 138.488, 138.825, 139.217, 139.582, 139.891, 140.142, 140.417, 140.706, 141.008, 141.37, 141.669, 141.968, 142.492, 142.725, 143.049, 143.313, 143.61, 143.955, 144.205, 144.44, 144.678, 144.997, 145.26, 145.527, 145.916, 146.142, 146.422, 146.664, 146.98, 147.225, 147.46, 147.842, 148.08, 148.327, 148.56, 148.904, 149.149, 149.373, 149.729, 150.04, 150.333, 150.618, 150.889, 151.167, 151.451, 151.715, 152.057, 152.341, 152.549, 152.864, 153.165, 153.407, 153.774, 154.041, 154.293, 154.511, 154.859, 155.138, 155.411, 155.72, 156.103, 156.359, 156.644, 156.918, 157.207, 157.488, 157.777, 158.019, 158.473, 158.721, 158.961, 159.214, 159.527, 159.882, 160.146, 160.399, 160.654, 161.013, 161.305, 161.536, 161.989, 162.245, 162.49, 162.705, 163.063, 163.372, 163.684, 163.94, 164.286, 164.532, 164.823, 165.063, 165.37, 165.664, 165.983, 166.286, 166.577, 167.006, 167.26, 167.523, 167.775, 168.064, 168.353, 168.64, 168.912, 169.181, 169.519, 169.763, 170.064, 170.35, 170.733, 170.983, 171.278, 171.509, 171.791, 172.08, 172.365, 172.574, 172.909, 173.14, 173.377, 173.684, 173.969, 174.401, 174.635, 174.942, 175.305, 175.558, 175.817, 176.053, 176.426, 176.673, 176.93, 177.216, 177.486, 177.847, 178.164, 178.498, 178.771, 179.053, 179.293, 179.664, 179.944, 180.183, 180.411, 180.818, 181.086, 181.349, 181.598, 182.018, 182.249, 182.508, 182.817, 183.093, 183.37, 183.657, 183.973, 184.272, 184.553, 184.786, 185.106, 185.385, 185.647, 185.894, 186.142, 186.412, 186.777, 187.082, 187.383, 187.661, 187.918, 188.154, 188.423, 188.688, 188.975, 189.25, 189.513, 189.832, 190.084, 190.345, 190.597, 190.856, 191.131, 191.383, 191.643, 191.906, 192.149, 192.436, 192.722, 193.053, 193.384, 193.675, 193.944, 194.19, 194.44, 194.733, 195.003, 195.528, 195.801, 196.064, 196.307, 196.64, 196.934, 197.198, 197.465, 197.749, 198.027, 198.313, 198.58, 198.825, 199.154, 199.419, 199.688, 199.946, 200.195, 200.465, 200.731, 201.005, 201.265, 201.529, 201.885, 202.138, 202.528, 202.84, 203.084, 203.345, 203.6, 203.866, 204.163, 204.428, 204.771, 205.282, 205.512, 205.793, 206.063, 206.307, 206.564, 206.855, 207.088, 207.45, 207.717, 208.063, 208.272, 208.574, 208.84, 209.116, 209.405, 209.632, 209.911, 210.161, 211.127, 211.398, 211.658, 211.925, 212.242, 212.542, 213.098, 213.356, 213.602, 213.889, 214.175, 214.528, 214.818, 215.072, 215.361, 215.642, 215.966, 216.4, 216.727, 216.999, 217.25, 217.515, 217.789, 218.048, 218.317, 218.596, 218.859, 219.121, 219.38, 219.637, 219.902, 220.418, 220.697, 220.944, 221.15, 221.416, 221.693, 221.96, 222.207, 222.623, 222.946, 223.199, 223.445, 223.677, 224.061, 224.305, 224.567, 224.812, 225.065, 225.361, 225.675, 226.016, 226.255, 226.647, 226.884, 227.131, 227.487, 227.745, 228.009, 228.26, 228.65, 228.894, 229.155, 229.399, 229.664, 229.967, 230.463, 230.74, 230.962, 231.291, 231.566, 231.819, 232.076, 232.295, 232.618, 232.896, 233.427, 233.693, 233.953, 234.208, 234.485, 234.729, 235.277, 235.801, 236.061, 236.362, 236.669, 236.928, 237.271, 237.54, 237.772, 237.992, 238.322, 238.556, 238.84, 239.186, 239.489, 239.732, 239.984, 240.236, 240.519, 240.813, 241.055, 241.384, 241.601, 241.909, 242.16, 242.39, 242.641, 242.958, 243.195, 243.434, 243.748, 244.072, 244.585, 244.856, 245.093, 245.37, 245.686, 245.992, 246.251, 246.615, 246.92, 247.235, 247.815, 248.073, 248.372, 248.626, 248.89, 249.227, 249.499, 249.766, 250.024, 250.283, 250.528, 250.756, 251.085, 251.334, 251.837, 252.108, 252.33, 252.641, 252.912, 253.122, 253.439, 253.692, 253.949, 254.241, 254.464, 254.812, 255.052, 255.272, 255.605, 255.852, 256.136, 256.392, 256.631, 256.95, 257.199, 257.455, 257.681, 258.028, 258.297, 258.832, 259.076, 259.296, 259.657, 259.928, 260.168, 260.408, 260.737, 260.987, 261.193, 261.544, 261.778, 262.193, 262.569, 262.827, 263.084, 263.329, 263.577, 263.82, 264.049, 264.31, 264.532, 265.353, 265.858, 266.131, 266.406, 266.688, 266.95, 267.221, 267.471, 267.816, 268.087, 268.39, 268.624, 268.907, 269.214, 269.525, 269.808, 270.11, 270.352, 270.599, 270.965, 271.197, 271.498, 271.796, 272.048, 272.317, 272.667, 272.89, 273.178, 273.468, 273.72, 273.977, 274.2, 274.446, 274.731, 274.977, 275.249, 275.52, 275.784, 276.04, 276.385, 276.645, 276.903, 277.14, 277.545, 277.83, 278.08, 278.357, 278.6, 278.929, 279.182, 279.482, 279.711, 280.041, 280.268, 280.578, 280.824, 281.072, 281.585, 281.829, 282.32, 282.576, 282.878, 283.128, 283.38, 283.617, 284.002, 284.237, 284.46, 285.026, 285.293, 285.554, 285.779, 285.992, 286.319, 286.59, 286.858, 287.101, 287.589, 287.859, 288.122, 288.336, 288.857, 289.099, 289.336, 289.574, 289.851, 290.107, 290.369, 290.679, 290.913, 291.134, 291.476, 291.739, 292.0, 292.268, 292.52, 292.77, 292.98, 293.293, 293.527, 293.824, 294.079, 294.354, 294.617, 294.874, 295.139, 295.474, 295.736, 296.024, 296.271, 296.498, 296.838, 297.1, 297.346, 297.591, 297.825, 298.375, 298.975, 299.234, 299.52, 299.764, 300.137, 300.421, 300.724, 300.948, 301.31, 301.563, 301.833, 302.098, 302.343, 302.896, 303.141, 303.393, 303.623, 303.93, 304.184, 304.43, 304.654, 304.859, 305.281, 305.54, 305.864, 306.442, 306.725, 307.001, 307.237, 307.493, 307.856, 308.111, 308.354, 308.718, 308.925, 309.233, 309.466, 309.721, 309.976, 310.194, 310.496, 311.01, 311.27, 311.517, 311.737, 312.148, 312.49, 312.724, 313.042, 313.301, 313.557, 313.953, 314.295, 314.555, 314.808, 315.043, 315.35, 315.568, 315.816, 316.069, 316.33, 316.553, 316.947, 317.241, 317.526, 317.88, 318.169, 318.477, 318.829, 319.112, 319.414, 319.805, 320.089, 320.365, 320.627, 320.904, 321.153, 321.423, 321.648, 321.969, 322.184, 322.484, 323.03, 323.261, 323.508, 323.769, 324.044, 324.542, 325.023, 325.259, 325.491, 325.795, 326.063, 326.637, 326.876, 327.236, 327.762, 328.004, 328.29, 328.56, 328.808, 329.026, 329.248, 329.639, 329.855, 330.204, 330.422, 330.699, 330.936, 331.179, 331.428, 331.966, 332.506, 332.873, 333.102, 333.374, 333.601, 333.996, 334.378, 334.632, 334.972, 335.235, 335.478, 335.797, 336.352, 336.572, 336.971, 337.244, 337.498, 337.746, 338.105, 338.448, 338.711, 339.033, 339.575, 340.115, 340.382, 340.608, 341.169, 341.4, 341.73, 342.07, 342.323, 342.592, 342.848, 343.053, 343.374, 343.607, 344.032, 344.248, 344.489, 344.77, 345.055, 345.311, 345.557, 345.804, 346.314, 346.593, 346.848, 347.093, 347.318, 347.907, 348.136, 348.681, 348.929, 349.185, 349.437, 349.851, 350.172, 350.401, 350.634, 351.199, 351.44, 351.71, 351.979, 352.215, 352.736, 352.985, 353.203, 353.418, 354.321, 354.57, 354.793, 355.03, 355.53, 356.067, 356.336, 356.585, 356.928, 357.162, 357.498, 358.111, 358.391, 358.605, 358.854, 359.078, 359.441, 359.667, 360.026]"
mmgqyc7ozjls4u,62,26775,26.775,0.9152542372881356,0.3,,,
mmgqyc7ozjls4u,100,40799,40.799,0.9285714285714286,0.6,,,
mmgqyc7ozjls4u,143,58238,58.238,0.7555555555555555,0.55,,,
mmgqyc7ozjls4u,176,70344,70.344,0.7674418604651163,0.75,,,
mmgqyc7ozjls4u,286,113430,113.43,0.9428571428571428,0.7,,,
mmgqyc7ozjls4u,404,156434,156.434,0.943089430894309,0.5,,,
mmgqyc7ozjls4u,441,168606,168.606,0.75,0.5,,,
mmgqyc7ozjls4u,474,177871,177.871,0.8947368421052632,0.3,,,
mmgqyc7ozjls4u,544,199587,199.587,0.9252336448598131,0.6,,,
mmgqyc7ozjls4u,565,207253,207.253,0.8962264150943396,0.25,,,
mmgqyc7ozjls4u,648,234022,234.022,0.5483870967741935,0.55,,,
mmgqyc7ozjls4u,712,254160,254.16,0.9528301886792453,0.25,,,
mmgqyc7ozjls4u,744,264435,264.435,0.6944444444444444,0.4,,,
mmgqyc7ozjls4u,781,276729,276.729,0.9375,0.6,,,
mmgqyc7ozjls4u,822,291282,291.282,0.9090909090909091,0.3,,,
mmgqyc7ozjls4u,888,312749,312.749,0.92,0.35,,,
mmgqyc7ozjls4u,914,320341,320.341,0.75,0.3,,,
mmgqyc7ozjls4u,953,335989,335.989,0.64,0.75,,,
mmgqyc7ozjls4u,979,344852,344.852,0.7931034482758621,0.5,,,
mmgqyc7ozjls4u,1014,355736,355.736,0.717948717948718,0.25,,,
mmgqyc7ozjls4u,-1,0,0.0,0.0,0.0,"[0.0, 0.9999999999999999, 1.0, 0.9999999999999999, 0.0, 0.0, 0.0, 0.0, 0.0, 0.0, 0.0, 0.0, 0.0, 0.0, 0.0, 0.0, 0.0, 0.0, 0.0, 0.0, 0.0, 0.0, 0.0, 0.0, 0.0, 0.0, 0.0, 0.0, 0.0, 0.0, 0.0, 0.0, 0.0, 0.0, 0.0, 0.0, 0.0, 0.0, 0.0, 0.0, 0.0, 0.0, 0.0, 0.0, 0.0, 0.0, 0.0, 0.0, 0.0, 0.0, 0.0, 0.0, 0.0, 0.0, 0.0, 0.0, 0.0, 0.0, 0.0, 0.0, 0.0, 0.0, 0.9152542372881356, 0.0, 0.0, 0.0, 0.0, 0.0, 0.0, 0.0, 0.0, 0.0, 0.0, 0.0, 0.0, 0.0, 0.0, 0.0, 0.0, 0.0, 0.0, 0.0, 0.0, 0.0, 0.0, 0.0, 0.0, 0.0, 0.0, 0.0, 0.0, 0.0, 0.0, 0.0, 0.0, 0.0, 0.0, 0.0, 0.0, 0.0, 0.9285714285714286, 0.7184797407001948, 0.0, 0.0, 0.0, 0.0, 0.0, 0.0, 0.0, 0.0, 0.0, 0.0, 0.0, 0.0, 0.0, 0.0, 0.0, 0.0, 0.0, 0.0, 0.0, 0.0, 0.0, 0.0, 0.0, 0.0, 0.0, 0.0, 0.0, 0.0, 0.0, 0.0, 0.0, 0.0, 0.0, 0.0, 0.0, 0.0, 0.0, 0.0, 0.0, 0.0, 0.0, 0.7555555555555555, 0.0, 0.0, 0.0, 0.0, 0.0, 0.0, 0.0, 0.0, 0.0, 0.0, 0.0, 0.0, 0.0, 0.0, 0.0, 0.5384615384615384, 0.0, 0.0, 0.0, 0.0, 0.0, 0.0, 0.0, 0.0, 0.0, 0.0, 0.0, 0.0, 0.0, 0.0, 0.0, 0.0, 0.7674418604651163, 0.0, 0.0, 0.0, 0.0, 0.0, 0.0, 0.0, 0.0, 0.0, 0.0, 0.0, 0.0, 0.0, 0.0, 0.0, 0.0, 0.0, 0.0, 0.0, 0.0, 0.0, 0.0, 0.0, 0.0, 0.0, 0.0, 0.0, 0.0, 0.0, 0.0, 0.0, 0.0, 0.0, 0.0, 0.0, 0.0, 0.0, 0.0, 0.0, 0.0, 0.0, 0.0, 0.0, 0.0, 0.0, 0.0, 0.0, 0.0, 0.0, 0.0, 0.0, 0.0, 0.0, 0.0, 0.0, 0.0, 0.0, 0.0, 0.0, 0.0, 0.0, 0.0, 0.0, 0.0, 0.0, 0.0, 0.0, 0.0, 0.0, 0.0, 0.0, 0.0, 0.0, 0.0, 0.0, 0.0, 0.0, 0.0, 0.0, 0.0, 0.0, 0.0, 0.0, 0.0, 0.0, 0.0, 0.0, 0.0, 0.0, 0.0, 0.0, 0.0, 0.0, 0.0, 0.0, 0.0, 0.0, 0.0, 0.0, 0.0, 0.0, 0.0, 0.0, 0.0, 0.0, 0.0, 0.0, 0.0, 0.0, 0.9428571428571428, 0.0, 0.0, 0.0, 0.0, 0.0, 0.0, 0.0, 0.0, 0.0, 0.0, 0.0, 0.0, 0.0, 0.0, 0.0, 0.0, 0.0, 0.0, 0.0, 0.0, 0.0, 0.0, 0.0, 0.0, 0.0, 0.0, 0.0, 0.0, 0.0, 0.0, 0.0, 0.0, 0.0, 0.0, 0.0, 0.0, 0.0, 0.0, 0.0, 0.0, 0.0, 0.0, 0.0, 0.0, 0.0, 0.0, 0.0, 0.0, 0.0, 0.0, 0.0, 0.0, 0.0, 0.0, 0.0, 0.0, 0.0, 0.0, 0.0, 0.0, 0.0, 0.0, 0.0, 0.0, 0.0, 0.0, 0.0, 0.0, 0.0, 0.0, 0.0, 0.0, 0.0, 0.0, 0.0, 0.0, 0.0, 0.0, 0.0, 0.0, 0.0, 0.0, 0.0, 0.0, 0.0, 0.0, 0.0, 0.0, 0.0, 0.0, 0.0, 0.0, 0.0, 0.0, 0.0, 0.0, 0.0, 0.0, 0.0, 0.0, 0.0, 0.0, 0.0, 0.0, 0.0, 0.0, 0.0, 0.0, 0.0, 0.0, 0.0, 0.0, 0.0, 0.0, 0.0, 0.0, 0.0, 0.943089430894309, 0.0, 0.0, 0.0, 0.0, 0.0, 0.0, 0.0, 0.0, 0.0, 0.0, 0.0, 0.0, 0.0, 0.0, 0.0, 0.0, 0.782608695652174, 0.0, 0.0, 0.0, 0.0, 0.0, 0.0, 0.0, 0.0, 0.0, 0.0, 0.0, 0.0, 0.0, 0.0, 0.0, 0.0, 0.0, 0.0, 0.0, 0.75, 0.0, 0.0, 0.0, 0.0, 0.0, 0.0, 0.0, 0.0, 0.0, 0.0, 0.0, 0.0, 0.0, 0.0, 0.0, 0.0, 0.0, 0.0, 0.0, 0.0, 0.0, 0.0, 0.0, 0.0, 0.0, 0.0, 0.0, 0.0, 0.0, 0.0, 0.0, 0.0, 0.8947368421052632, 0.0, 0.0, 0.0, 0.0, 0.0, 0.0, 0.0, 0.0, 0.0, 0.0, 0.0, 0.0, 0.0, 0.0, 0.0, 0.0, 0.0, 0.0, 0.0, 0.0, 0.0, 0.0, 0.0, 0.0, 0.0, 0.0, 0.0, 0.0, 0.0, 0.0, 0.0, 0.0, 0.0, 0.0, 0.0, 0.0, 0.0, 0.0, 0.0, 0.0, 0.0, 0.0, 0.0, 0.0, 0.0, 0.0, 0.0, 0.0, 0.0, 0.0, 0.0, 0.0, 0.0, 0.0, 0.0, 0.0, 0.0, 0.0, 0.0, 0.0, 0.0, 0.0, 0.0, 0.0, 0.0, 0.0, 0.0, 0.0, 0.0, 0.9252336448598131, 0.0, 0.0, 0.0, 0.0, 0.0, 0.0, 0.0, 0.0, 0.0, 0.0, 0.0, 0.0, 0.0, 0.0, 0.0, 0.0, 0.0, 0.0, 0.0, 0.0, 0.8962264150943396, 0.0, 0.0, 0.0, 0.0, 0.0, 0.0, 0.0, 0.0, 0.0, 0.0, 0.0, 0.0, 0.0, 0.0, 0.0, 0.0, 0.0, 0.0, 0.0, 0.0, 0.0, 0.0, 0.0, 0.0, 0.0, 0.0, 0.0, 0.0, 0.0, 0.0, 0.0, 0.0, 0.0, 0.0, 0.0, 0.0, 0.0, 0.0, 0.0, 0.0, 0.0, 0.0, 0.0, 0.0, 0.0, 0.0, 0.0, 0.0, 0.0, 0.0, 0.0, 0.0, 0.0, 0.0, 0.0, 0.0, 0.0, 0.0, 0.0, 0.0, 0.0, 0.0, 0.0, 0.0, 0.0, 0.0, 0.0, 0.0, 0.0, 0.0, 0.0, 0.0, 0.0, 0.0, 0.0, 0.0, 0.0, 0.0, 0.0, 0.0, 0.0, 0.0, 0.5483870967741935, 0.0, 0.0, 0.0, 0.0, 0.0, 0.0, 0.0, 0.0, 0.0, 0.0, 0.0, 0.0, 0.0, 0.0, 0.0, 0.0, 0.0, 0.0, 0.0, 0.0, 0.0, 0.0, 0.0, 0.0, 0.0, 0.0, 0.0, 0.0, 0.0, 0.0, 0.0, 0.0, 0.0, 0.0, 0.0, 0.0, 0.0, 0.0, 0.0, 0.0, 0.0, 0.0, 0.0, 0.0, 0.0, 0.0, 0.0, 0.0, 0.0, 0.0, 0.0, 0.0, 0.0, 0.0, 0.0, 0.0, 0.0, 0.0, 0.0, 0.0, 0.0, 0.0, 0.0, 0.9528301886792453, 0.0, 0.0, 0.0, 0.0, 0.0, 0.0, 0.0, 0.0, 0.0, 0.0, 0.0, 0.0, 0.0, 0.0, 0.0, 0.0, 0.0, 0.0, 0.0, 0.0, 0.0, 0.0, 0.0, 0.0, 0.0, 0.0, 0.0, 0.0, 0.0, 0.0, 0.0, 0.6944444444444444, 0.0, 0.0, 0.0, 0.0, 0.0, 0.0, 0.0, 0.0, 0.0, 0.0, 0.0, 0.0, 0.0, 0.0, 0.0, 0.0, 0.0, 0.0, 0.0, 0.0, 0.0, 0.0, 0.0, 0.0, 0.0, 0.0, 0.0, 0.0, 0.0, 0.0, 0.0, 0.0, 0.0, 0.0, 0.0, 0.0, 0.9375, 0.5142270745002403, 0.0, 0.0, 0.0, 0.0, 0.0, 0.0, 0.0, 0.0, 0.0, 0.0, 0.0, 0.0, 0.0, 0.0, 0.0, 0.0, 0.0, 0.0, 0.0, 0.0, 0.0, 0.0, 0.0, 0.0, 0.0, 0.0, 0.0, 0.0, 0.0, 0.0, 0.0, 0.0, 0.0, 0.0, 0.0, 0.0, 0.0, 0.0, 0.0, 0.9090909090909091, 0.0, 0.0, 0.0, 0.0, 0.0, 0.0, 0.0, 0.0, 0.6603773584905661, 0.0, 0.0, 0.0, 0.0, 0.0, 0.0, 0.0, 0.0, 0.0, 0.0, 0.8571428571428572, 0.0, 0.0, 0.0, 0.0, 0.0, 0.0, 0.0, 0.0, 0.0, 0.0, 0.0, 0.0, 0.0, 0.0, 0.0, 0.0, 0.0, 0.0, 0.0, 0.0, 0.0, 0.0, 0.0, 0.0, 0.0, 0.0, 0.0, 0.0, 0.0, 0.0, 0.0, 0.0, 0.0, 0.0, 0.0, 0.0, 0.0, 0.0, 0.0, 0.0, 0.0, 0.0, 0.0, 0.0, 0.0, 0.92, 0.0, 0.0, 0.0, 0.0, 0.0, 0.0, 0.0, 0.0, 0.0, 0.0, 0.0, 0.0, 0.0, 0.0, 0.0, 0.0, 0.6417910447761195, 0.0, 0.0, 0.0, 0.0, 0.0, 0.0, 0.0, 0.0, 0.75, 0.0, 0.0, 0.0, 0.0, 0.0, 0.0, 0.0, 0.0, 0.0, 0.0, 0.0, 0.0, 0.0, 0.0, 0.0, 0.0, 0.0, 0.0, 0.0, 0.0, 0.0, 0.0, 0.0, 0.0, 0.0, 0.0, 0.0, 0.0, 0.0, 0.0, 0.5365853658536586, 0.0, 0.0, 0.0, 0.0, 0.0, 0.0, 0.0, 0.64, 0.0, 0.0, 0.0, 0.0, 0.0, 0.0, 0.0, 0.0, 0.0, 0.0, 0.0, 0.0, 0.0, 0.0, 0.0, 0.0, 0.0, 0.0, 0.0, 0.0, 0.0, 0.0, 0.0, 0.0, 0.0, 0.7931034482758621, 0.0, 0.0, 0.0, 0.0, 0.0, 0.0, 0.0, 0.0, 0.0, 0.0, 0.0, 0.0, 0.0, 0.0, 0.0, 0.0, 0.0, 0.0, 0.0, 0.0, 0.0, 0.0, 0.0, 0.0, 0.0, 0.0, 0.0, 0.0, 0.0, 0.0, 0.0, 0.0, 0.0, 0.0, 0.717948717948718, 0.0, 0.0, 0.0, 0.0, 0.0, 0.0, 0.0, 0.0, 0.0, 0.0]","[1.0, 0.5, 0.6666666666666666, 0.5, 0.4, 0.3333333333333333, 0.4285714285714285, 0.5, 0.5555555555555556, 0.5, 0.4545454545454545, 0.5, 0.5384615384615384, 0.5, 0.5333333333333333, 0.5, 0.4705882352941176, 0.5, 0.5263157894736842, 0.5, 0.45, 0.5, 0.45, 0.5, 0.5, 0.55, 0.5, 0.5, 0.45, 0.5, 0.5, 0.5, 0.45, 0.5, 0.5, 0.5, 0.5, 0.5, 0.5, 0.5, 0.5, 0.5, 0.55, 0.5, 0.5, 0.5, 0.55, 0.5, 0.55, 0.55, 0.55, 0.5, 0.55, 0.55, 0.5, 0.5, 0.5, 0.45, 0.4, 0.4, 0.4, 0.35, 0.3, 0.35, 0.4, 0.4, 0.4, 0.45, 0.45, 0.45, 0.45, 0.45, 0.4, 0.35, 0.35, 0.35, 0.35, 0.35, 0.35, 0.35, 0.35, 0.35, 0.4, 0.4, 0.4, 0.4, 0.4, 0.4, 0.4, 0.35, 0.35, 0.35, 0.35, 0.35, 0.35, 0.35, 0.4, 0.45, 0.5, 0.55, 0.6, 0.65, 0.6, 0.55, 0.5, 0.45, 0.4, 0.35, 0.35, 0.4, 0.45, 0.5, 0.55, 0.6, 0.65, 0.7, 0.7, 0.7, 0.7, 0.7, 0.65, 0.6, 0.6, 0.6, 0.65, 0.7, 0.75, 0.8, 0.8, 0.75, 0.7, 0.65, 0.6, 0.55, 0.55, 0.5, 0.5, 0.5, 0.5, 0.5, 0.5, 0.5, 0.5, 0.55, 0.55, 0.55, 0.5, 0.45, 0.4, 0.4, 0.4, 0.4, 0.4, 0.4, 0.35, 0.35, 0.3, 0.3, 0.3, 0.3, 0.35, 0.4, 0.45, 0.45, 0.45, 0.45, 0.5, 0.55, 0.55, 0.55, 0.55, 0.55, 0.55, 0.6, 0.65, 0.7, 0.75, 0.75, 0.7, 0.65, 0.6, 0.55, 0.5, 0.45, 0.45, 0.45, 0.45, 0.4, 0.4, 0.45, 0.5, 0.55, 0.6, 0.6, 0.6, 0.55, 0.5, 0.45, 0.45, 0.45, 0.45, 0.45, 0.5, 0.55, 0.55, 0.55, 0.5, 0.5, 0.55, 0.5, 0.5, 0.5, 0.45, 0.4, 0.35, 0.4, 0.45, 0.45, 0.45, 0.5, 0.55, 0.6, 0.55, 0.5, 0.5, 0.5, 0.5, 0.5, 0.5, 0.55, 0.5, 0.45, 0.5, 0.55, 0.55, 0.5, 0.5, 0.55, 0.55, 0.5, 0.5, 0.5, 0.5, 0.5, 0.5, 0.5, 0.5, 0.5, 0.45, 0.45, 0.5, 0.5, 0.45, 0.45, 0.5, 0.5, 0.45, 0.45, 0.5, 0.5, 0.45, 0.4, 0.45, 0.5, 0.5, 0.45, 0.45, 0.5, 0.55, 0.5, 0.45, 0.5, 0.55, 0.55, 0.5, 0.5, 0.55, 0.55, 0.55, 0.55, 0.55, 0.6, 0.6, 0.6, 0.6, 0.65, 0.7, 0.7, 0.7, 0.7, 0.7, 0.7, 0.7, 0.7, 0.75, 0.75, 0.7, 0.65, 0.65, 0.7, 0.75, 0.75, 0.75, 0.75, 0.75, 0.75, 0.7, 0.65, 0.6, 0.6, 0.65, 0.65, 0.65, 0.65, 0.65, 0.7, 0.75, 0.75, 0.7, 0.7, 0.7, 0.7, 0.65, 0.6, 0.55, 0.5, 0.55, 0.6, 0.65, 0.7, 0.7, 0.7, 0.7, 0.65, 0.6, 0.55, 0.5, 0.55, 0.6, 0.6, 0.6, 0.6, 0.65, 0.7, 0.75, 0.8, 0.75, 0.7, 0.65, 0.6, 0.6, 0.6, 0.6, 0.65, 0.65, 0.65, 0.7, 0.7, 0.7, 0.7, 0.65, 0.6, 0.6, 0.6, 0.6, 0.55, 0.55, 0.6, 0.65, 0.7, 0.7, 0.7, 0.7, 0.7, 0.75, 0.75, 0.7, 0.7, 0.7, 0.7, 0.7, 0.7, 0.65, 0.65, 0.65, 0.7, 0.7, 0.65, 0.65, 0.65, 0.65, 0.65, 0.65, 0.65, 0.65, 0.65, 0.65, 0.6, 0.55, 0.55, 0.55, 0.55, 0.55, 0.5, 0.5, 0.5, 0.55, 0.6, 0.6, 0.55, 0.5, 0.5, 0.5, 0.5, 0.5, 0.55, 0.6, 0.65, 0.7, 0.7, 0.75, 0.8, 0.85, 0.85, 0.8, 0.75, 0.7, 0.65, 0.65, 0.7, 0.75, 0.75, 0.75, 0.75, 0.7, 0.65, 0.6, 0.55, 0.5, 0.5, 0.5, 0.5, 0.5, 0.55, 0.6, 0.65, 0.65, 0.65, 0.6, 0.55, 0.55, 0.55, 0.55, 0.55, 0.55, 0.55, 0.55, 0.55, 0.55, 0.5, 0.45, 0.45, 0.45, 0.45, 0.45, 0.45, 0.5, 0.5, 0.5, 0.5, 0.45, 0.4, 0.35, 0.3, 0.3, 0.35, 0.4, 0.45, 0.5, 0.5, 0.5, 0.5, 0.5, 0.45, 0.4, 0.4, 0.4, 0.45, 0.5, 0.55, 0.6, 0.6, 0.6, 0.6, 0.6, 0.55, 0.5, 0.45, 0.4, 0.45, 0.5, 0.5, 0.5, 0.5, 0.5, 0.45, 0.4, 0.4, 0.4, 0.4, 0.4, 0.45, 0.5, 0.5, 0.5, 0.5, 0.5, 0.5, 0.5, 0.45, 0.4, 0.35, 0.3, 0.35, 0.4, 0.45, 0.5, 0.5, 0.5, 0.5, 0.45, 0.4, 0.35, 0.35, 0.4, 0.45, 0.5, 0.55, 0.6, 0.6, 0.6, 0.6, 0.6, 0.6, 0.6, 0.6, 0.6, 0.6, 0.55, 0.5, 0.5, 0.5, 0.5, 0.5, 0.45, 0.4, 0.35, 0.35, 0.35, 0.4, 0.4, 0.4, 0.4, 0.35, 0.3, 0.25, 0.2, 0.15, 0.2, 0.25, 0.3, 0.35, 0.35, 0.35, 0.35, 0.35, 0.35, 0.3, 0.25, 0.2, 0.25, 0.3, 0.35, 0.35, 0.35, 0.35, 0.35, 0.35, 0.3, 0.25, 0.2, 0.15, 0.2, 0.25, 0.3, 0.35, 0.4, 0.4, 0.4, 0.4, 0.35, 0.3, 0.25, 0.25, 0.25, 0.3, 0.35, 0.4, 0.45, 0.45, 0.45, 0.45, 0.4, 0.35, 0.3, 0.3, 0.3, 0.35, 0.35, 0.35, 0.4, 0.45, 0.45, 0.45, 0.45, 0.4, 0.35, 0.3, 0.3, 0.35, 0.4, 0.4, 0.4, 0.4, 0.4, 0.4, 0.4, 0.4, 0.45, 0.45, 0.4, 0.35, 0.35, 0.35, 0.4, 0.45, 0.5, 0.55, 0.55, 0.5, 0.45, 0.45, 0.45, 0.45, 0.5, 0.5, 0.5, 0.45, 0.4, 0.4, 0.4, 0.4, 0.4, 0.45, 0.45, 0.45, 0.45, 0.45, 0.4, 0.4, 0.4, 0.4, 0.4, 0.4, 0.4, 0.4, 0.4, 0.45, 0.45, 0.45, 0.45, 0.45, 0.45, 0.4, 0.35, 0.3, 0.25, 0.25, 0.3, 0.35, 0.4, 0.45, 0.45, 0.45, 0.4, 0.35, 0.35, 0.35, 0.4, 0.4, 0.4, 0.4, 0.4, 0.4, 0.4, 0.4, 0.4, 0.35, 0.3, 0.25, 0.25, 0.25, 0.25, 0.25, 0.25, 0.25, 0.2, 0.15, 0.1, 0.1, 0.1, 0.1, 0.1, 0.15, 0.2, 0.25, 0.3, 0.3, 0.3, 0.3, 0.25, 0.2, 0.25, 0.3, 0.35, 0.35, 0.35, 0.35, 0.35, 0.35, 0.4, 0.45, 0.5, 0.45, 0.4, 0.35, 0.3, 0.3, 0.35, 0.4, 0.45, 0.5, 0.45, 0.4, 0.35, 0.35, 0.35, 0.35, 0.35, 0.35, 0.3, 0.25, 0.2, 0.2, 0.2, 0.25, 0.3, 0.35, 0.35, 0.35, 0.3, 0.25, 0.25, 0.3, 0.35, 0.35, 0.35, 0.4, 0.45, 0.5, 0.55, 0.6, 0.65, 0.65, 0.65, 0.6, 0.55, 0.5, 0.45, 0.45, 0.5, 0.55, 0.6, 0.6, 0.6, 0.6, 0.6, 0.55, 0.5, 0.5, 0.5, 0.5, 0.45, 0.45, 0.45, 0.45, 0.45, 0.5, 0.55, 0.55, 0.55, 0.55, 0.55, 0.5, 0.45, 0.45, 0.45, 0.45, 0.45, 0.4, 0.35, 0.3, 0.3, 0.35, 0.4, 0.45, 0.5, 0.5, 0.5, 0.45, 0.4, 0.35, 0.3, 0.3, 0.3, 0.35, 0.4, 0.45, 0.5, 0.55, 0.6, 0.65, 0.7, 0.7, 0.7, 0.7, 0.65, 0.6, 0.55, 0.55, 0.55, 0.6, 0.6, 0.65, 0.65, 0.65, 0.6, 0.6, 0.55, 0.55, 0.5, 0.5, 0.5, 0.5, 0.5, 0.5, 0.55, 0.6, 0.65, 0.65, 0.65, 0.6, 0.6, 0.55, 0.55, 0.5, 0.5, 0.5, 0.55, 0.55, 0.6, 0.55, 0.5, 0.5, 0.5, 0.45, 0.4, 0.4, 0.35, 0.4, 0.4, 0.45, 0.45, 0.5, 0.5, 0.55, 0.55, 0.55, 0.55, 0.55, 0.55, 0.55, 0.55, 0.5, 0.45, 0.45, 0.45, 0.4, 0.4, 0.35, 0.35, 0.3, 0.3, 0.25, 0.3, 0.3, 0.35, 0.35, 0.35, 0.35, 0.3, 0.3, 0.3, 0.3, 0.3, 0.3, 0.35, 0.4, 0.45, 0.5, 0.5, 0.5, 0.5, 0.5, 0.45, 0.4, 0.4, 0.4, 0.4, 0.4, 0.45, 0.45, 0.45, 0.45, 0.5, 0.55, 0.55, 0.55, 0.55, 0.55, 0.6, 0.65, 0.7, 0.75, 0.8, 0.85, 0.85, 0.85, 0.85, 0.8, 0.75, 0.75, 0.75, 0.75, 0.7, 0.7, 0.7, 0.7, 0.7, 0.7, 0.7, 0.7, 0.7, 0.65, 0.6, 0.55, 0.55, 0.55, 0.5, 0.5, 0.5, 0.5, 0.5, 0.55, 0.6, 0.6, 0.55, 0.5, 0.45, 0.4, 0.4, 0.4, 0.4, 0.45, 0.5, 0.55, 0.55, 0.5, 0.5, 0.5, 0.5, 0.5, 0.5, 0.45, 0.4, 0.35, 0.35, 0.35, 0.4, 0.45, 0.45, 0.4, 0.35, 0.3, 0.25, 0.2, 0.15, 0.2, 0.25, 0.25, 0.25, 0.25, 0.3, 0.35, 0.4]","[5.225, 5.807, 6.143, 6.631, 6.9, 7.129, 7.488, 7.74, 7.964, 8.261, 8.548, 8.827, 9.123, 9.411, 10.104, 10.873, 11.187, 11.474, 11.772, 12.004, 12.425, 12.735, 12.995, 13.346, 13.668, 13.896, 14.458, 14.706, 15.008, 15.294, 15.573, 15.842, 16.134, 16.508, 16.872, 17.211, 17.538, 17.858, 18.221, 18.569, 18.79, 19.22, 19.551, 19.92, 20.271, 20.5, 20.812, 21.187, 21.803, 22.14, 22.519, 22.862, 23.269, 23.61, 23.881, 24.234, 24.59, 24.968, 25.344, 25.723, 26.096, 26.442, 26.775, 27.172, 27.516, 27.847, 28.233, 28.608, 28.96, 29.315, 29.834, 30.141, 30.482, 30.871, 31.236, 31.606, 31.975, 32.346, 32.697, 33.045, 33.404, 33.783, 34.243, 34.572, 34.93, 35.306, 35.712, 35.924, 36.287, 36.822, 37.185, 37.517, 37.895, 38.267, 38.643, 39.02, 39.277, 39.641, 40.028, 40.4, 40.799, 41.185, 42.506, 42.846, 43.172, 43.498, 43.828, 44.12, 44.893, 45.229, 45.541, 45.879, 46.222, 46.563, 46.911, 47.258, 47.608, 47.97, 48.322, 48.776, 49.125, 49.47, 49.802, 50.165, 50.947, 51.308, 51.674, 52.068, 52.457, 52.771, 53.14, 53.511, 53.911, 54.274, 54.538, 54.876, 55.489, 55.825, 56.178, 56.552, 57.01, 57.33, 57.678, 58.238, 58.564, 58.932, 59.598, 59.962, 60.333, 60.718, 61.091, 61.462, 61.858, 62.233, 62.615, 62.987, 63.369, 63.918, 64.283, 64.684, 65.059, 65.441, 65.829, 66.04, 66.243, 66.645, 67.042, 67.434, 67.659, 68.077, 68.474, 68.869, 69.092, 69.451, 69.89, 70.126, 70.344, 70.55, 70.784, 71.109, 71.456, 71.81, 72.201, 72.58, 73.356, 73.732, 74.128, 74.387, 74.803, 75.181, 75.574, 75.976, 76.191, 76.398, 76.795, 77.328, 77.704, 78.04, 78.254, 78.639, 79.043, 79.445, 79.959, 80.379, 80.777, 80.996, 81.595, 82.008, 82.619, 83.202, 83.773, 84.137, 84.547, 84.758, 85.133, 85.502, 85.872, 86.271, 86.652, 87.039, 87.419, 87.796, 88.196, 88.407, 88.782, 89.169, 89.549, 89.913, 90.75, 91.165, 91.713, 91.929, 92.53, 92.931, 93.572, 93.944, 94.364, 94.751, 95.307, 95.658, 96.042, 96.405, 96.842, 97.171, 97.552, 97.937, 98.344, 98.559, 98.952, 99.337, 99.725, 100.11, 100.477, 100.855, 101.252, 101.651, 102.013, 102.392, 102.608, 103.202, 103.412, 103.756, 103.972, 104.179, 104.404, 104.724, 105.091, 105.891, 106.282, 106.901, 107.259, 107.608, 107.973, 108.344, 108.757, 109.144, 109.551, 109.923, 110.282, 110.689, 111.081, 111.656, 111.874, 112.266, 112.644, 113.025, 113.43, 113.838, 114.206, 114.441, 114.836, 115.403, 115.628, 116.032, 116.837, 117.343, 117.732, 117.933, 118.535, 118.909, 119.264, 119.623, 120.005, 120.407, 120.79, 121.193, 121.724, 122.117, 122.336, 122.559, 122.821, 123.228, 123.605, 123.975, 124.184, 124.571, 124.955, 125.179, 125.577, 125.992, 126.204, 126.58, 127.018, 127.224, 127.634, 127.843, 128.246, 128.644, 129.053, 129.264, 129.643, 129.849, 130.258, 130.68, 130.887, 131.095, 131.312, 131.744, 132.153, 132.566, 132.773, 133.182, 133.589, 133.798, 134.195, 134.405, 135.209, 135.426, 135.64, 135.848, 136.313, 136.528, 136.74, 136.945, 137.614, 138.022, 138.444, 138.648, 138.854, 139.068, 139.477, 139.885, 140.297, 140.512, 140.734, 141.156, 141.373, 142.019, 142.4, 142.792, 143.152, 143.552, 143.967, 144.373, 144.779, 144.993, 145.23, 145.85, 146.052, 146.434, 147.018, 147.395, 147.777, 148.158, 148.363, 148.754, 149.162, 149.543, 149.922, 150.294, 150.69, 151.076, 151.451, 151.832, 152.461, 152.994, 153.331, 153.712, 153.953, 154.682, 154.898, 155.308, 155.539, 155.947, 156.434, 156.654, 156.872, 157.124, 157.495, 157.762, 158.005, 158.402, 158.624, 158.864, 159.211, 159.58, 159.936, 161.308, 161.62, 161.926, 162.226, 162.539, 162.848, 163.175, 163.478, 163.766, 164.067, 164.375, 164.667, 164.951, 165.273, 165.555, 165.849, 166.121, 166.409, 166.731, 166.947, 167.212, 167.462, 168.011, 168.351, 168.606, 168.817, 169.102, 169.411, 169.715, 169.994, 170.208, 170.428, 170.787, 171.08, 171.406, 171.621, 171.898, 172.301, 172.523, 172.765, 173.058, 173.359, 173.586, 173.827, 174.381, 174.604, 174.887, 175.325, 175.556, 175.766, 176.09, 176.399, 176.651, 176.874, 177.089, 177.363, 177.624, 177.871, 178.108, 178.347, 178.551, 178.78, 179.36, 179.619, 179.938, 180.244, 180.757, 181.111, 181.868, 182.36, 182.573, 182.812, 183.127, 183.481, 183.787, 184.032, 184.25, 184.516, 184.739, 184.974, 185.306, 185.548, 185.839, 186.109, 186.37, 186.638, 186.953, 187.331, 187.594, 187.917, 188.413, 188.616, 188.853, 189.178, 189.472, 189.756, 190.24, 190.53, 190.829, 191.058, 191.3, 191.542, 191.805, 192.069, 192.284, 192.645, 193.328, 193.584, 193.853, 194.079, 194.366, 194.591, 194.943, 195.316, 195.59, 195.891, 196.156, 196.49, 196.728, 196.939, 197.3, 197.566, 197.975, 198.231, 198.58, 198.955, 199.384, 199.587, 200.024, 200.294, 200.678, 200.892, 201.301, 201.703, 202.101, 202.439, 202.658, 203.041, 203.411, 203.618, 204.17, 204.562, 204.941, 205.366, 205.752, 206.127, 206.499, 206.862, 207.253, 207.647, 207.855, 208.238, 208.638, 208.847, 209.253, 209.862, 210.064, 210.447, 210.661, 211.028, 211.392, 211.762, 212.129, 212.539, 212.826, 213.15, 213.724, 213.936, 214.28, 214.565, 214.786, 215.307, 215.703, 215.94, 216.244, 216.533, 216.847, 217.16, 217.382, 217.598, 218.001, 218.288, 218.571, 218.794, 219.025, 219.33, 219.616, 219.855, 220.443, 220.659, 220.985, 221.383, 221.927, 222.181, 222.39, 222.782, 223.008, 223.253, 223.494, 223.831, 224.187, 224.803, 225.249, 225.594, 225.982, 226.475, 226.801, 227.055, 227.324, 227.555, 227.801, 228.143, 228.352, 228.617, 228.894, 229.306, 229.601, 229.898, 230.26, 230.568, 230.863, 231.158, 231.403, 231.675, 231.886, 232.202, 232.406, 232.877, 233.198, 233.505, 233.815, 234.022, 234.336, 234.666, 234.992, 235.325, 235.67, 236.068, 236.286, 236.643, 236.854, 237.343, 237.61, 237.912, 238.238, 238.495, 239.425, 239.634, 239.92, 240.318, 240.527, 240.885, 241.148, 241.409, 241.757, 242.066, 242.287, 242.598, 242.864, 243.112, 243.437, 243.708, 243.97, 244.245, 244.573, 244.805, 245.131, 245.439, 245.762, 245.986, 246.289, 246.708, 246.972, 247.222, 247.53, 247.935, 248.17, 248.41, 248.679, 249.054, 249.284, 249.575, 250.066, 250.294, 250.694, 250.924, 251.153, 251.485, 251.774, 252.063, 252.306, 252.669, 252.967, 253.313, 253.696, 254.16, 254.436, 255.03, 255.302, 255.525, 255.824, 256.044, 256.417, 256.68, 257.136, 257.442, 257.659, 257.975, 258.285, 258.491, 258.964, 259.255, 259.584, 259.857, 260.102, 260.483, 260.685, 261.041, 261.735, 262.003, 262.291, 262.671, 262.882, 263.38, 263.651, 263.868, 264.184, 264.435, 264.659, 264.963, 265.3, 265.694, 266.065, 267.005, 267.275, 267.666, 267.907, 268.188, 268.504, 268.735, 269.078, 269.438, 269.703, 269.909, 270.176, 270.525, 270.783, 271.024, 271.754, 271.967, 272.348, 272.604, 272.895, 273.12, 273.406, 273.76, 274.138, 274.369, 274.812, 275.031, 275.623, 275.864, 276.114, 276.362, 276.729, 276.96, 277.371, 277.693, 277.902, 278.183, 278.57, 278.798, 279.429, 279.77, 280.133, 280.453, 280.75, 281.065, 281.623, 282.004, 282.351, 282.688, 283.065, 283.452, 283.825, 284.401, 284.774, 285.158, 285.529, 285.903, 286.289, 286.641, 286.992, 287.329, 287.653, 288.004, 288.983, 289.339, 289.605, 289.909, 290.135, 290.361, 290.592, 290.809, 291.077, 291.282, 291.817, 292.11, 292.408, 292.884, 293.251, 293.554, 293.879, 294.232, 294.498, 294.81, 295.039, 295.401, 295.726, 296.053, 296.399, 296.627, 296.9, 297.129, 297.336, 297.613, 297.906, 298.129, 298.406, 298.622, 299.09, 299.324, 299.654, 299.983, 300.714, 301.032, 301.344, 301.676, 301.914, 302.166, 302.439, 302.697, 302.94, 303.189, 303.894, 304.241, 304.522, 304.827, 305.195, 305.991, 306.212, 306.457, 306.746, 307.079, 307.379, 307.594, 307.877, 308.18, 308.526, 308.832, 309.164, 309.467, 309.803, 310.153, 310.522, 310.764, 311.281, 311.558, 311.801, 312.07, 312.511, 312.749, 313.059, 313.282, 313.579, 313.82, 314.098, 314.347, 314.588, 314.817, 315.025, 315.348, 315.717, 316.031, 316.355, 316.612, 316.909, 317.26, 317.599, 317.833, 318.043, 318.392, 318.779, 319.049, 319.369, 319.718, 320.005, 320.341, 320.553, 320.847, 321.172, 321.483, 321.726, 322.057, 322.398, 322.666, 323.463, 324.122, 324.437, 324.807, 325.187, 325.39, 325.796, 326.067, 326.403, 326.723, 327.07, 327.37, 327.699, 327.987, 328.273, 328.587, 328.904, 329.196, 329.637, 329.888, 330.266, 331.617, 331.987, 332.58, 332.989, 333.342, 333.741, 334.112, 334.323, 334.756, 335.989, 336.399, 336.607, 336.932, 337.289, 337.497, 337.701, 337.92, 338.144, 338.551, 338.881, 339.177, 340.161, 340.539, 340.905, 341.283, 341.71, 341.934, 342.246, 342.46, 342.671, 343.012, 343.271, 343.805, 344.161, 344.59, 344.852, 345.111, 345.371, 345.609, 346.02, 346.229, 346.557, 346.965, 347.196, 347.452, 347.78, 348.036, 348.422, 348.707, 348.947, 349.317, 349.563, 349.869, 350.285, 350.595, 350.87, 351.142, 351.37, 351.674, 352.064, 352.271, 352.486, 352.838, 353.159, 353.532, 353.951, 354.169, 354.913, 355.192, 355.445, 355.736, 356.253, 356.657, 356.939, 357.344, 357.93, 358.168, 358.43, 358.939, 359.263, 359.553]"
mmgr4s188ypj5i,62,24010,24.01,0.8545454545454545,0.2,,,
mmgr4s188ypj5i,96,36348,36.348,0.9662921348314607,0.7,,,
mmgr4s188ypj5i,117,43418,43.418,0.8260869565217391,0.4,,,
mmgr4s188ypj5i,141,51654,51.654,0.8076923076923077,0.6,,,
mmgr4s188ypj5i,166,60874,60.874,0.8571428571428572,0.4,,,
mmgr4s188ypj5i,189,71694,71.694,0.84,0.7,,,
mmgr4s188ypj5i,223,87565,87.565,0.5675675675675675,0.4,,,
mmgr4s188ypj5i,249,98253,98.253,0.8928571428571429,0.65,,,
mmgr4s188ypj5i,295,116992,116.992,0.9166666666666666,0.9,,,
mmgr4s188ypj5i,338,132231,132.231,0.8181818181818181,0.7,,,
mmgr4s188ypj5i,369,142835,142.835,0.8,0.55,,,
mmgr4s188ypj5i,414,157756,157.756,0.9019607843137255,0.75,,,
mmgr4s188ypj5i,461,173511,173.511,0.8181818181818181,0.5,,,
mmgr4s188ypj5i,496,186483,186.483,0.7619047619047619,0.5,,,
mmgr4s188ypj5i,521,194752,194.752,0.7727272727272727,0.5,,,
mmgr4s188ypj5i,543,202455,202.455,0.6,0.2,,,
mmgr4s188ypj5i,606,224911,224.911,0.9436619718309859,0.55,,,
mmgr4s188ypj5i,649,242734,242.734,0.8148148148148149,0.5,,,
mmgr4s188ypj5i,721,265775,265.775,0.9069767441860466,0.15,,,
mmgr4s188ypj5i,777,284082,284.082,0.8260869565217391,0.7,,,
mmgr4s188ypj5i,810,294418,294.418,0.736842105263158,0.75,,,
mmgr4s188ypj5i,855,309374,309.374,0.8947368421052632,0.15,,,
mmgr4s188ypj5i,889,319944,319.944,0.6818181818181819,0.5,,,
mmgr4s188ypj5i,928,331881,331.881,0.7916666666666666,0.35,,,
mmgr4s188ypj5i,950,339517,339.517,0.7916666666666666,0.55,,,
mmgr4s188ypj5i,972,346919,346.919,0.8260869565217391,0.4,,,
mmgr4s188ypj5i,-1,0,0.0,0.0,0.0,"[0.0, 0.9999999999999999, 0.9999999999999999, 1.0, 0.0, 0.0, 0.0, 0.0, 0.0, 0.0, 0.0, 0.0, 0.0, 0.0, 0.0, 0.0, 0.0, 0.0, 0.0, 0.0, 0.0, 0.0, 0.0, 0.0, 0.0, 0.0, 0.0, 0.0, 0.0, 0.0, 0.0, 0.0, 0.0, 0.0, 0.0, 0.0, 0.0, 0.0, 0.0, 0.0, 0.0, 0.0, 0.0, 0.0, 0.0, 0.0, 0.0, 0.0, 0.0, 0.0, 0.0, 0.0, 0.0, 0.0, 0.0, 0.0, 0.0, 0.0, 0.0, 0.0, 0.0, 0.0, 0.8545454545454545, 0.0, 0.0, 0.0, 0.0, 0.0, 0.0, 0.0, 0.0, 0.0, 0.0, 0.0, 0.0, 0.0, 0.0, 0.0, 0.0, 0.0, 0.0, 0.0, 0.0, 0.0, 0.0, 0.0, 0.0, 0.0, 0.0, 0.0, 0.0, 0.0, 0.0, 0.0, 0.0, 0.0, 0.9662921348314607, 0.0, 0.0, 0.0, 0.0, 0.0, 0.0, 0.0, 0.0, 0.0, 0.0, 0.0, 0.0, 0.0, 0.0, 0.0, 0.0, 0.0, 0.0, 0.0, 0.0, 0.8260869565217391, 0.0, 0.0, 0.0, 0.0, 0.0, 0.0, 0.0, 0.0, 0.0, 0.0, 0.0, 0.0, 0.0, 0.0, 0.0, 0.0, 0.0, 0.0, 0.0, 0.0, 0.0, 0.0, 0.0, 0.8076923076923077, 0.0, 0.0, 0.0, 0.0, 0.0, 0.0, 0.0, 0.0, 0.0, 0.0, 0.0, 0.0, 0.0, 0.0, 0.0, 0.0, 0.0, 0.0, 0.0, 0.0, 0.0, 0.0, 0.0, 0.0, 0.8571428571428572, 0.0, 0.0, 0.0, 0.0, 0.0, 0.0, 0.0, 0.0, 0.0, 0.0, 0.0, 0.0, 0.0, 0.0, 0.0, 0.0, 0.0, 0.0, 0.0, 0.0, 0.0, 0.0, 0.84, 0.0, 0.0, 0.0, 0.0, 0.0, 0.0, 0.0, 0.0, 0.0, 0.0, 0.0, 0.0, 0.0, 0.0, 0.0, 0.0, 0.0, 0.0, 0.0, 0.0, 0.0, 0.0, 0.0, 0.0, 0.0, 0.0, 0.0, 0.0, 0.0, 0.0, 0.0, 0.0, 0.0, 0.5675675675675675, 0.0, 0.0, 0.0, 0.0, 0.0, 0.0, 0.0, 0.5217391304347826, 0.0, 0.0, 0.0, 0.0, 0.0, 0.0, 0.0, 0.0, 0.0, 0.0, 0.0, 0.0, 0.0, 0.0, 0.0, 0.0, 0.0, 0.8928571428571429, 0.5071198694388025, 0.0, 0.0, 0.0, 0.0, 0.0, 0.0, 0.0, 0.0, 0.0, 0.0, 0.0, 0.0, 0.0, 0.0, 0.0, 0.0, 0.0, 0.0, 0.0, 0.0, 0.0, 0.0, 0.0, 0.0, 0.0, 0.0, 0.0, 0.0, 0.0, 0.0, 0.0, 0.0, 0.0, 0.0, 0.0, 0.0, 0.0, 0.0, 0.0, 0.0, 0.0, 0.0, 0.0, 0.0, 0.9166666666666666, 0.0, 0.0, 0.0, 0.0, 0.0, 0.0, 0.0, 0.0, 0.0, 0.0, 0.0, 0.0, 0.0, 0.0, 0.6111111111111112, 0.0, 0.0, 0.0, 0.0, 0.0, 0.0, 0.0, 0.0, 0.0, 0.0, 0.0, 0.0, 0.0, 0.0, 0.0, 0.0, 0.0, 0.0, 0.0, 0.0, 0.0, 0.0, 0.0, 0.0, 0.0, 0.0, 0.0, 0.8181818181818181, 0.0, 0.0, 0.0, 0.0, 0.0, 0.0, 0.0, 0.0, 0.0, 0.0, 0.0, 0.0, 0.0, 0.0, 0.0, 0.0, 0.0, 0.0, 0.0, 0.0, 0.0, 0.0, 0.0, 0.0, 0.0, 0.0, 0.0, 0.0, 0.0, 0.0, 0.8, 0.0, 0.0, 0.0, 0.0, 0.0, 0.0, 0.0, 0.0, 0.0, 0.0, 0.0, 0.0, 0.0, 0.0, 0.0, 0.0, 0.0, 0.0, 0.0, 0.0, 0.0, 0.0, 0.0, 0.0, 0.0, 0.0, 0.0, 0.0, 0.0, 0.0, 0.0, 0.0, 0.0, 0.0, 0.0, 0.0, 0.0, 0.0, 0.0, 0.0, 0.0, 0.0, 0.0, 0.0, 0.9019607843137255, 0.0, 0.0, 0.0, 0.0, 0.0, 0.0, 0.0, 0.0, 0.0, 0.0, 0.7258064516129032, 0.0, 0.0, 0.0, 0.0, 0.0, 0.0, 0.0, 0.0, 0.0, 0.0, 0.0, 0.0, 0.0, 0.0, 0.0, 0.0, 0.0, 0.0, 0.0, 0.0, 0.0, 0.0, 0.0, 0.0, 0.7073170731707317, 0.0, 0.0, 0.0, 0.0, 0.0, 0.0, 0.0, 0.0, 0.0, 0.0, 0.8181818181818181, 0.0, 0.0, 0.0, 0.0, 0.0, 0.0, 0.0, 0.0, 0.0, 0.0, 0.0, 0.0, 0.0, 0.0, 0.0, 0.0, 0.75, 0.0, 0.0, 0.0, 0.0, 0.0, 0.0, 0.0, 0.0, 0.0, 0.0, 0.0, 0.0, 0.0, 0.0, 0.0, 0.0, 0.0, 0.7619047619047619, 0.0, 0.0, 0.0, 0.0, 0.0, 0.0, 0.0, 0.0, 0.0, 0.0, 0.0, 0.0, 0.0, 0.0, 0.0, 0.0, 0.0, 0.0, 0.0, 0.0, 0.0, 0.0, 0.0, 0.0, 0.7727272727272727, 0.0, 0.0, 0.0, 0.0, 0.0, 0.0, 0.0, 0.0, 0.0, 0.0, 0.0, 0.0, 0.0, 0.0, 0.0, 0.0, 0.0, 0.0, 0.0, 0.0, 0.0, 0.6, 0.0, 0.0, 0.0, 0.0, 0.0, 0.0, 0.0, 0.0, 0.0, 0.0, 0.0, 0.0, 0.0, 0.0, 0.0, 0.0, 0.0, 0.0, 0.0, 0.0, 0.0, 0.0, 0.0, 0.0, 0.0, 0.0, 0.0, 0.0, 0.0, 0.0, 0.0, 0.0, 0.0, 0.0, 0.0, 0.0, 0.0, 0.0, 0.0, 0.0, 0.0, 0.0, 0.0, 0.0, 0.0, 0.0, 0.0, 0.0, 0.0, 0.0, 0.0, 0.0, 0.0, 0.0, 0.0, 0.0, 0.0, 0.0, 0.0, 0.0, 0.0, 0.0, 0.9436619718309859, 0.0, 0.0, 0.0, 0.0, 0.0, 0.0, 0.0, 0.0, 0.0, 0.0, 0.0, 0.0, 0.0, 0.0, 0.0, 0.0, 0.0, 0.75, 0.0, 0.0, 0.0, 0.0, 0.0, 0.0, 0.0, 0.0, 0.0, 0.0, 0.0, 0.0, 0.0, 0.0, 0.0, 0.0, 0.0, 0.0, 0.0, 0.0, 0.0, 0.0, 0.0, 0.0, 0.8148148148148149, 0.0, 0.0, 0.0, 0.0, 0.0, 0.0, 0.0, 0.0, 0.0, 0.0, 0.0, 0.0, 0.0, 0.0, 0.0, 0.0, 0.0, 0.7619047619047619, 0.0, 0.0, 0.0, 0.0, 0.0, 0.0, 0.0, 0.0, 0.0, 0.0, 0.0, 0.0, 0.0, 0.0, 0.0, 0.0, 0.0, 0.0, 0.0, 0.0, 0.0, 0.0, 0.0, 0.0, 0.0, 0.0, 0.0, 0.0, 0.0, 0.0, 0.0, 0.0, 0.0, 0.0, 0.0, 0.0, 0.0, 0.0, 0.0, 0.0, 0.0, 0.0, 0.0, 0.0, 0.0, 0.0, 0.5625, 0.0, 0.0, 0.0, 0.0, 0.0, 0.0, 0.9069767441860466, 0.0, 0.0, 0.0, 0.0, 0.0, 0.0, 0.0, 0.0, 0.0, 0.0, 0.0, 0.0, 0.0, 0.0, 0.0, 0.0, 0.75, 0.0, 0.0, 0.0, 0.0, 0.0, 0.0, 0.0, 0.0, 0.0, 0.0, 0.0, 0.0, 0.0, 0.0, 0.0, 0.0, 0.0, 0.0, 0.0, 0.782608695652174, 0.0, 0.0, 0.0, 0.0, 0.0, 0.0, 0.0, 0.0, 0.0, 0.0, 0.0, 0.0, 0.0, 0.0, 0.0, 0.0, 0.0, 0.0, 0.8260869565217391, 0.0, 0.0, 0.0, 0.0, 0.0, 0.0, 0.0, 0.0, 0.0, 0.0, 0.0, 0.0, 0.0, 0.0, 0.0, 0.0, 0.0, 0.0, 0.7391304347826086, 0.0, 0.0, 0.0, 0.0, 0.0, 0.0, 0.0, 0.0, 0.0, 0.0, 0.0, 0.0, 0.0, 0.736842105263158, 0.0, 0.0, 0.0, 0.0, 0.0, 0.0, 0.0, 0.0, 0.0, 0.0, 0.0, 0.0, 0.0, 0.0, 0.0, 0.0, 0.0, 0.0, 0.0, 0.0, 0.0, 0.0, 0.0, 0.0, 0.0, 0.0, 0.0, 0.0, 0.0, 0.0, 0.0, 0.0, 0.0, 0.0, 0.0, 0.0, 0.0, 0.0, 0.0, 0.0, 0.0, 0.0, 0.0, 0.0, 0.8947368421052632, 0.0, 0.0, 0.0, 0.0, 0.0, 0.0, 0.0, 0.0, 0.0, 0.0, 0.0, 0.0, 0.0, 0.7222222222222222, 0.0, 0.0, 0.0, 0.0, 0.0, 0.0, 0.0, 0.0, 0.0, 0.0, 0.0, 0.0, 0.0, 0.0, 0.0, 0.0, 0.0, 0.0, 0.0, 0.6818181818181819, 0.0, 0.0, 0.0, 0.0, 0.0, 0.0, 0.0, 0.0, 0.0, 0.0, 0.0, 0.0, 0.0, 0.0, 0.0, 0.0, 0.0, 0.0, 0.0, 0.0, 0.6923076923076923, 0.0, 0.0, 0.0, 0.0, 0.0, 0.0, 0.0, 0.0, 0.0, 0.0, 0.0, 0.0, 0.0, 0.0, 0.0, 0.0, 0.0, 0.7916666666666666, 0.0, 0.0, 0.0, 0.0, 0.0, 0.0, 0.0, 0.0, 0.0, 0.0, 0.0, 0.0, 0.0, 0.0, 0.0, 0.0, 0.0, 0.0, 0.0, 0.0, 0.0, 0.7916666666666666, 0.0, 0.0, 0.0, 0.0, 0.0, 0.0, 0.0, 0.0, 0.0, 0.0, 0.0, 0.0, 0.0, 0.0, 0.0, 0.0, 0.0, 0.0, 0.0, 0.0, 0.0, 0.8260869565217391, 0.0, 0.0, 0.0, 0.0, 0.0, 0.0, 0.0, 0.0, 0.0, 0.0, 0.0, 0.0, 0.0, 0.0, 0.0, 0.0, 0.0, 0.0, 0.0, 0.0, 0.0, 0.0, 0.0, 0.0, 0.0, 0.0, 0.0, 0.0, 0.0, 0.0, 0.0, 0.0, 0.0, 0.0, 0.0, 0.0, 0.0, 0.0, 0.0, 0.0, 0.0, 0.0, 0.0]","[0.0, 0.0, 0.0, 0.0, 0.0, 0.1666666666666666, 0.2857142857142857, 0.375, 0.4444444444444444, 0.5, 0.4545454545454545, 0.4166666666666667, 0.3846153846153846, 0.3571428571428571, 0.3333333333333333, 0.3125, 0.3529411764705882, 0.3888888888888889, 0.4210526315789473, 0.45, 0.5, 0.55, 0.6, 0.65, 0.65, 0.6, 0.55, 0.5, 0.45, 0.4, 0.4, 0.4, 0.4, 0.4, 0.45, 0.5, 0.5, 0.5, 0.5, 0.5, 0.5, 0.5, 0.5, 0.45, 0.45, 0.45, 0.45, 0.45, 0.45, 0.45, 0.45, 0.45, 0.45, 0.45, 0.4, 0.35, 0.3, 0.3, 0.3, 0.3, 0.3, 0.25, 0.2, 0.25, 0.3, 0.35, 0.4, 0.45, 0.45, 0.45, 0.45, 0.45, 0.45, 0.45, 0.45, 0.45, 0.45, 0.45, 0.45, 0.45, 0.45, 0.5, 0.55, 0.55, 0.55, 0.5, 0.45, 0.4, 0.4, 0.4, 0.4, 0.45, 0.5, 0.55, 0.6, 0.65, 0.7, 0.7, 0.7, 0.7, 0.7, 0.7, 0.7, 0.7, 0.7, 0.75, 0.75, 0.75, 0.75, 0.75, 0.75, 0.7, 0.65, 0.6, 0.55, 0.5, 0.45, 0.4, 0.35, 0.3, 0.3, 0.3, 0.25, 0.25, 0.2, 0.2, 0.2, 0.25, 0.3, 0.35, 0.4, 0.4, 0.4, 0.4, 0.4, 0.4, 0.45, 0.5, 0.55, 0.6, 0.6, 0.6, 0.65, 0.65, 0.7, 0.7, 0.75, 0.75, 0.75, 0.7, 0.65, 0.65, 0.65, 0.7, 0.7, 0.7, 0.7, 0.7, 0.7, 0.7, 0.7, 0.65, 0.6, 0.55, 0.5, 0.45, 0.4, 0.35, 0.3, 0.3, 0.3, 0.3, 0.3, 0.3, 0.35, 0.4, 0.4, 0.4, 0.4, 0.4, 0.4, 0.45, 0.45, 0.45, 0.45, 0.5, 0.55, 0.6, 0.65, 0.7, 0.75, 0.75, 0.75, 0.7, 0.65, 0.65, 0.65, 0.65, 0.65, 0.65, 0.65, 0.65, 0.7, 0.75, 0.75, 0.7, 0.65, 0.6, 0.55, 0.5, 0.45, 0.45, 0.5, 0.55, 0.6, 0.6, 0.6, 0.6, 0.6, 0.6, 0.55, 0.5, 0.45, 0.4, 0.4, 0.4, 0.4, 0.4, 0.4, 0.4, 0.4, 0.4, 0.4, 0.4, 0.4, 0.4, 0.4, 0.4, 0.4, 0.35, 0.35, 0.35, 0.35, 0.35, 0.4, 0.45, 0.5, 0.55, 0.6, 0.65, 0.7, 0.7, 0.65, 0.6, 0.6, 0.6, 0.6, 0.6, 0.6, 0.6, 0.6, 0.6, 0.6, 0.65, 0.65, 0.65, 0.65, 0.65, 0.65, 0.65, 0.65, 0.7, 0.7, 0.7, 0.65, 0.6, 0.55, 0.5, 0.5, 0.55, 0.6, 0.65, 0.7, 0.7, 0.7, 0.7, 0.7, 0.7, 0.7, 0.7, 0.7, 0.7, 0.75, 0.8, 0.85, 0.9, 0.95, 1.0, 1.0, 0.95, 0.9, 0.85, 0.8, 0.75, 0.7, 0.65, 0.6, 0.55, 0.55, 0.55, 0.55, 0.55, 0.55, 0.5, 0.45, 0.4, 0.4, 0.4, 0.4, 0.45, 0.45, 0.45, 0.45, 0.45, 0.45, 0.45, 0.5, 0.55, 0.55, 0.55, 0.55, 0.55, 0.55, 0.6, 0.65, 0.7, 0.7, 0.7, 0.7, 0.7, 0.75, 0.8, 0.85, 0.9, 0.95, 0.95, 0.9, 0.85, 0.8, 0.8, 0.8, 0.8, 0.8, 0.8, 0.8, 0.8, 0.8, 0.8, 0.8, 0.8, 0.8, 0.75, 0.7, 0.65, 0.6, 0.6, 0.6, 0.6, 0.6, 0.55, 0.5, 0.5, 0.5, 0.5, 0.5, 0.5, 0.5, 0.5, 0.5, 0.5, 0.5, 0.55, 0.6, 0.65, 0.65, 0.65, 0.65, 0.65, 0.65, 0.65, 0.65, 0.6, 0.6, 0.6, 0.6, 0.6, 0.6, 0.6, 0.6, 0.6, 0.6, 0.55, 0.5, 0.45, 0.45, 0.45, 0.5, 0.55, 0.6, 0.65, 0.7, 0.75, 0.75, 0.75, 0.75, 0.75, 0.7, 0.65, 0.6, 0.55, 0.55, 0.6, 0.65, 0.7, 0.75, 0.8, 0.8, 0.75, 0.7, 0.65, 0.6, 0.6, 0.6, 0.6, 0.6, 0.6, 0.65, 0.7, 0.75, 0.8, 0.8, 0.8, 0.8, 0.8, 0.8, 0.8, 0.8, 0.85, 0.9, 0.95, 1.0, 1.0, 0.95, 0.9, 0.85, 0.8, 0.75, 0.7, 0.65, 0.6, 0.55, 0.5, 0.5, 0.5, 0.5, 0.5, 0.5, 0.5, 0.5, 0.5, 0.5, 0.5, 0.55, 0.6, 0.65, 0.7, 0.75, 0.8, 0.85, 0.9, 0.95, 1.0, 1.0, 1.0, 1.0, 1.0, 1.0, 0.95, 0.9, 0.85, 0.8, 0.75, 0.7, 0.65, 0.6, 0.55, 0.5, 0.45, 0.4, 0.35, 0.3, 0.25, 0.2, 0.15, 0.1, 0.05, 0.0, 0.0, 0.0, 0.0, 0.0, 0.0, 0.05, 0.1, 0.15, 0.2, 0.25, 0.3, 0.35, 0.4, 0.45, 0.5, 0.55, 0.6, 0.6, 0.6, 0.6, 0.6, 0.6, 0.6, 0.6, 0.6, 0.55, 0.5, 0.45, 0.4, 0.4, 0.4, 0.4, 0.4, 0.35, 0.3, 0.25, 0.2, 0.2, 0.2, 0.2, 0.2, 0.25, 0.3, 0.35, 0.4, 0.4, 0.4, 0.4, 0.4, 0.35, 0.3, 0.25, 0.2, 0.2, 0.2, 0.2, 0.2, 0.25, 0.3, 0.35, 0.4, 0.35, 0.3, 0.25, 0.2, 0.2, 0.2, 0.2, 0.2, 0.2, 0.2, 0.25, 0.3, 0.35, 0.4, 0.4, 0.4, 0.35, 0.3, 0.25, 0.2, 0.2, 0.2, 0.2, 0.2, 0.2, 0.2, 0.2, 0.2, 0.25, 0.3, 0.3, 0.3, 0.3, 0.3, 0.35, 0.4, 0.45, 0.5, 0.55, 0.6, 0.65, 0.7, 0.75, 0.75, 0.75, 0.75, 0.75, 0.75, 0.7, 0.65, 0.6, 0.55, 0.5, 0.45, 0.4, 0.35, 0.3, 0.25, 0.2, 0.15, 0.1, 0.05, 0.0, 0.0, 0.0, 0.0, 0.0, 0.0, 0.0, 0.0, 0.0, 0.0, 0.05, 0.1, 0.15, 0.2, 0.25, 0.3, 0.35, 0.4, 0.45, 0.5, 0.55, 0.6, 0.65, 0.65, 0.65, 0.65, 0.65, 0.65, 0.65, 0.65, 0.6, 0.55, 0.5, 0.45, 0.4, 0.35, 0.3, 0.25, 0.2, 0.15, 0.1, 0.05, 0.0, 0.05, 0.1, 0.15, 0.2, 0.25, 0.3, 0.3, 0.3, 0.3, 0.35, 0.4, 0.4, 0.4, 0.4, 0.4, 0.4, 0.4, 0.4, 0.4, 0.4, 0.35, 0.3, 0.3, 0.3, 0.3, 0.3, 0.35, 0.4, 0.45, 0.45, 0.45, 0.5, 0.5, 0.5, 0.5, 0.5, 0.5, 0.5, 0.5, 0.5, 0.5, 0.5, 0.45, 0.4, 0.35, 0.3, 0.25, 0.2, 0.15, 0.1, 0.05, 0.0, 0.0, 0.0, 0.0, 0.05, 0.1, 0.15, 0.2, 0.25, 0.3, 0.35, 0.4, 0.45, 0.5, 0.55, 0.6, 0.65, 0.65, 0.65, 0.65, 0.65, 0.7, 0.75, 0.8, 0.8, 0.75, 0.7, 0.65, 0.6, 0.55, 0.5, 0.45, 0.4, 0.35, 0.3, 0.3, 0.3, 0.35, 0.4, 0.45, 0.5, 0.45, 0.4, 0.35, 0.3, 0.3, 0.35, 0.4, 0.45, 0.5, 0.55, 0.6, 0.65, 0.7, 0.75, 0.75, 0.75, 0.75, 0.7, 0.65, 0.6, 0.6, 0.6, 0.6, 0.6, 0.6, 0.55, 0.5, 0.45, 0.4, 0.4, 0.4, 0.4, 0.4, 0.4, 0.35, 0.35, 0.3, 0.35, 0.4, 0.45, 0.5, 0.55, 0.6, 0.65, 0.7, 0.75, 0.75, 0.75, 0.75, 0.7, 0.65, 0.6, 0.55, 0.5, 0.5, 0.45, 0.5, 0.5, 0.5, 0.5, 0.45, 0.4, 0.35, 0.3, 0.25, 0.25, 0.3, 0.35, 0.4, 0.45, 0.5, 0.55, 0.6, 0.65, 0.65, 0.65, 0.6, 0.55, 0.5, 0.45, 0.45, 0.45, 0.45, 0.45, 0.45, 0.4, 0.35, 0.3, 0.25, 0.2, 0.15, 0.1, 0.05, 0.05, 0.1, 0.15, 0.2, 0.25, 0.3, 0.35, 0.4, 0.45, 0.5, 0.55, 0.6, 0.65, 0.7, 0.75, 0.8, 0.85, 0.9, 0.9, 0.9, 0.85, 0.8, 0.75, 0.7, 0.65, 0.6, 0.55, 0.5, 0.5, 0.5, 0.5, 0.5, 0.5, 0.45, 0.4, 0.35, 0.3, 0.25, 0.25, 0.25, 0.25, 0.3, 0.35, 0.4, 0.45, 0.5, 0.55, 0.6, 0.6, 0.6, 0.6, 0.6, 0.6, 0.65, 0.7, 0.75, 0.8, 0.85, 0.85, 0.85, 0.85, 0.8, 0.75, 0.7, 0.65, 0.6, 0.55, 0.5, 0.45, 0.4, 0.35, 0.3, 0.25, 0.2, 0.15, 0.1, 0.05, 0.0, 0.0, 0.0, 0.0, 0.0, 0.05, 0.1, 0.15, 0.2, 0.25, 0.3, 0.35, 0.4, 0.45, 0.5, 0.55, 0.6, 0.65, 0.7, 0.75, 0.8, 0.8, 0.8, 0.8, 0.8, 0.75, 0.75, 0.75, 0.75, 0.75, 0.75, 0.7, 0.65, 0.6, 0.55, 0.5, 0.45, 0.4, 0.35, 0.3, 0.3, 0.35, 0.35, 0.35, 0.35, 0.35, 0.3, 0.25, 0.2, 0.15, 0.15, 0.2, 0.25, 0.3, 0.3, 0.3, 0.3, 0.3, 0.3, 0.3, 0.25, 0.2, 0.2, 0.2, 0.2, 0.2, 0.2, 0.25, 0.3, 0.35, 0.35, 0.35, 0.35, 0.3, 0.3, 0.3, 0.3, 0.3, 0.3, 0.3, 0.35]","[0.669, 1.037, 1.404, 1.754, 2.104, 2.554, 2.904, 3.271, 3.621, 3.953, 4.372, 4.722, 5.071, 5.405, 5.755, 6.071, 6.304, 6.656, 6.989, 7.356, 7.689, 7.905, 8.256, 8.622, 9.09, 9.456, 9.823, 10.19, 10.59, 10.94, 11.323, 11.691, 12.056, 12.391, 12.657, 13.008, 13.374, 13.74, 14.125, 14.507, 14.875, 15.257, 15.609, 16.026, 16.376, 16.742, 17.11, 17.442, 18.409, 18.76, 19.159, 19.543, 19.909, 20.375, 20.593, 20.977, 21.377, 22.227, 22.594, 22.977, 23.361, 23.627, 24.01, 24.395, 24.694, 25.112, 25.495, 25.712, 26.428, 26.828, 27.045, 27.462, 27.863, 28.229, 28.446, 28.679, 28.929, 29.296, 29.512, 29.896, 30.113, 30.513, 30.897, 31.114, 31.447, 31.696, 32.13, 32.547, 32.948, 33.18, 33.547, 34.497, 34.915, 35.299, 35.682, 36.049, 36.348, 36.682, 37.032, 37.433, 37.799, 38.2, 38.549, 38.932, 39.349, 39.717, 40.0, 40.416, 40.817, 41.05, 41.466, 41.684, 41.9, 42.183, 42.583, 42.801, 43.2, 43.418, 43.817, 44.218, 44.917, 45.152, 45.451, 45.736, 46.002, 46.268, 46.535, 46.785, 47.086, 47.303, 47.718, 48.053, 48.47, 48.686, 49.07, 49.436, 49.97, 50.337, 50.787, 51.154, 51.42, 51.654, 51.87, 52.154, 52.587, 52.805, 53.22, 53.455, 53.67, 54.221, 54.671, 54.904, 55.154, 55.855, 56.205, 56.605, 56.956, 57.238, 57.539, 57.988, 58.222, 58.889, 59.523, 59.857, 60.09, 60.473, 60.874, 61.29, 61.507, 61.907, 62.123, 62.523, 62.741, 63.258, 63.557, 63.807, 64.191, 64.624, 65.008, 65.458, 65.842, 66.291, 66.593, 67.509, 67.959, 69.509, 70.126, 70.676, 71.21, 71.694, 72.21, 73.144, 73.627, 74.045, 74.561, 75.528, 76.145, 76.912, 77.513, 78.045, 78.579, 79.046, 79.563, 80.029, 81.23, 81.663, 82.064, 82.38, 82.715, 83.065, 83.347, 83.58, 84.03, 84.297, 84.564, 84.814, 85.048, 85.498, 85.736, 85.948, 86.582, 86.848, 87.115, 87.565, 87.8, 88.299, 88.516, 88.766, 88.983, 89.367, 91.017, 91.3, 91.733, 91.966, 92.418, 92.768, 93.05, 93.351, 93.768, 94.251, 94.534, 94.951, 95.351, 95.718, 96.319, 96.703, 97.086, 97.47, 97.853, 98.253, 98.469, 98.887, 99.287, 99.67, 100.07, 100.47, 100.854, 101.254, 101.638, 102.254, 102.655, 103.038, 103.455, 103.971, 104.188, 104.571, 104.788, 105.155, 105.572, 105.938, 106.322, 106.706, 107.355, 107.673, 107.922, 108.257, 108.59, 108.957, 109.64, 110.123, 110.59, 111.106, 111.557, 112.04, 112.491, 112.958, 113.474, 113.891, 114.341, 114.675, 115.075, 115.525, 115.876, 116.358, 116.592, 116.992, 117.492, 117.81, 118.243, 118.96, 119.36, 119.577, 119.977, 120.193, 120.576, 120.793, 121.027, 121.261, 121.727, 122.127, 122.344, 122.761, 123.377, 123.729, 124.128, 124.378, 124.795, 125.211, 125.612, 125.828, 126.312, 126.529, 126.928, 127.513, 127.913, 128.247, 128.563, 128.947, 129.33, 129.564, 129.829, 130.047, 130.43, 130.647, 131.046, 131.431, 131.647, 132.015, 132.231, 132.615, 132.998, 133.214, 133.614, 133.832, 134.231, 134.698, 135.099, 135.315, 135.715, 136.215, 136.565, 136.966, 137.215, 137.616, 137.832, 138.249, 138.466, 138.916, 139.333, 139.733, 139.983, 140.5, 140.9, 141.117, 141.334, 141.751, 141.984, 142.4, 142.618, 142.835, 143.051, 143.368, 144.001, 144.284, 144.551, 144.784, 145.002, 145.236, 145.452, 145.685, 145.919, 146.135, 146.552, 146.769, 147.169, 147.403, 147.819, 148.252, 148.67, 149.087, 149.504, 149.937, 150.703, 150.92, 151.337, 151.77, 151.988, 152.388, 152.604, 152.821, 153.255, 153.787, 154.205, 154.605, 154.821, 155.038, 155.372, 155.671, 156.039, 156.338, 156.673, 156.972, 157.273, 157.505, 157.756, 157.972, 158.489, 158.772, 159.006, 159.256, 159.706, 159.956, 160.223, 160.574, 160.823, 161.223, 161.807, 162.324, 162.541, 162.758, 163.191, 163.691, 164.025, 164.343, 164.659, 164.941, 165.159, 165.375, 165.792, 166.042, 166.258, 166.476, 166.909, 167.243, 167.459, 167.676, 168.076, 168.477, 168.693, 168.91, 169.326, 169.71, 170.227, 170.627, 171.027, 171.443, 171.844, 172.244, 172.461, 172.677, 173.094, 173.511, 173.928, 174.411, 174.812, 175.046, 175.261, 175.479, 175.696, 175.929, 176.145, 176.379, 176.595, 176.829, 177.246, 177.663, 177.88, 178.097, 178.496, 178.864, 179.247, 179.63, 180.03, 180.413, 180.631, 181.013, 181.231, 182.147, 183.447, 183.881, 184.199, 184.614, 185.065, 185.449, 185.849, 186.265, 186.483, 186.866, 187.082, 187.482, 187.699, 188.099, 188.5, 188.9, 189.317, 189.701, 189.933, 190.316, 190.534, 190.935, 191.151, 191.517, 192.017, 192.435, 192.851, 193.252, 193.467, 193.685, 193.901, 194.318, 194.535, 194.752, 194.985, 195.369, 195.635, 196.035, 196.253, 196.67, 196.886, 197.102, 197.536, 197.753, 197.985, 198.403, 198.62, 199.019, 199.903, 200.487, 200.704, 201.137, 201.421, 201.637, 202.054, 202.455, 202.871, 203.271, 203.504, 203.855, 204.189, 204.405, 204.806, 205.206, 205.539, 205.773, 205.988, 206.405, 206.822, 207.056, 207.29, 207.506, 207.723, 208.14, 208.557, 208.973, 209.556, 209.941, 210.341, 210.557, 211.056, 211.274, 211.49, 211.691, 211.94, 212.674, 212.941, 213.191, 213.458, 213.674, 214.358, 215.36, 215.726, 216.075, 217.693, 218.093, 218.343, 218.776, 219.027, 219.243, 219.693, 219.91, 220.143, 220.493, 220.911, 221.244, 221.528, 221.794, 222.328, 222.561, 222.911, 223.311, 223.528, 223.794, 224.012, 224.245, 224.461, 224.678, 224.911, 225.146, 225.395, 225.812, 226.029, 226.712, 226.93, 227.33, 227.579, 227.813, 228.03, 228.263, 228.513, 228.764, 229.18, 229.414, 229.813, 230.031, 230.265, 231.414, 231.797, 232.047, 233.032, 233.531, 233.948, 234.214, 234.431, 234.848, 235.332, 235.582, 235.799, 236.016, 236.432, 236.682, 239.6, 239.95, 240.517, 240.734, 240.968, 241.184, 241.568, 241.967, 242.351, 242.734, 243.117, 243.501, 243.869, 244.152, 244.536, 244.919, 245.319, 245.703, 245.919, 246.319, 246.703, 247.069, 247.286, 247.67, 247.886, 248.169, 248.386, 248.669, 249.071, 249.454, 249.838, 250.238, 250.553, 250.871, 251.304, 251.688, 252.088, 252.505, 252.737, 253.388, 253.605, 253.972, 254.289, 254.672, 255.089, 255.323, 255.673, 255.89, 256.105, 256.539, 256.973, 257.406, 257.839, 258.056, 258.273, 258.574, 258.974, 259.206, 259.424, 259.64, 260.073, 260.474, 260.691, 260.908, 261.125, 261.591, 261.824, 262.042, 262.258, 262.475, 262.692, 262.908, 263.124, 263.358, 263.775, 264.225, 264.658, 264.875, 265.108, 265.326, 265.558, 265.775, 266.009, 266.41, 266.642, 266.859, 267.259, 267.477, 267.942, 268.176, 268.593, 268.81, 269.226, 269.46, 269.877, 270.094, 270.51, 270.927, 271.144, 271.544, 271.761, 272.228, 272.444, 272.844, 273.295, 273.596, 273.811, 274.028, 274.262, 274.762, 274.996, 275.395, 275.629, 275.845, 276.28, 276.697, 276.913, 277.13, 277.347, 277.796, 278.046, 278.43, 278.647, 278.864, 279.096, 280.347, 280.581, 280.998, 281.214, 281.514, 281.865, 282.282, 282.714, 282.964, 283.214, 283.448, 283.665, 284.082, 284.316, 284.532, 284.749, 285.148, 285.649, 286.049, 286.466, 286.732, 286.949, 287.182, 287.399, 288.05, 288.283, 288.55, 288.967, 289.366, 289.784, 290.034, 290.267, 290.501, 290.717, 291.068, 291.419, 291.752, 292.068, 292.302, 292.518, 292.934, 293.152, 293.384, 293.801, 294.019, 294.418, 295.602, 295.903, 296.12, 296.352, 296.736, 296.953, 297.352, 297.57, 297.986, 298.369, 298.787, 299.187, 299.404, 299.82, 300.138, 300.354, 300.754, 300.971, 301.371, 301.938, 302.171, 302.588, 302.822, 303.088, 303.355, 303.588, 303.988, 304.389, 304.906, 305.122, 305.34, 305.556, 305.773, 306.189, 306.589, 306.806, 307.073, 307.339, 307.557, 307.839, 308.19, 308.507, 308.757, 308.991, 309.374, 309.773, 310.174, 310.64, 310.858, 311.258, 311.658, 312.075, 312.474, 312.692, 313.091, 313.325, 313.542, 313.759, 313.976, 314.342, 314.592, 314.826, 315.043, 315.259, 315.476, 315.81, 316.209, 316.442, 316.876, 317.31, 317.526, 317.743, 317.96, 318.193, 318.61, 319.093, 319.327, 319.545, 319.944, 320.177, 320.594, 320.828, 321.06, 321.744, 322.062, 322.278, 322.694, 322.912, 323.195, 323.445, 323.695, 324.096, 324.329, 324.547, 324.763, 324.979, 325.413, 325.629, 325.847, 326.246, 326.646, 326.863, 327.247, 327.464, 327.863, 328.38, 328.78, 328.997, 329.214, 329.597, 329.813, 330.03, 330.43, 330.647, 330.864, 331.264, 331.664, 331.881, 332.114, 332.364, 332.781, 332.999, 333.382, 333.782, 334.166, 334.566, 334.799, 335.215, 335.449, 335.899, 336.116, 336.532, 336.967, 337.383, 337.6, 338.0, 338.417, 338.634, 339.25, 339.517, 339.734, 339.951, 340.333, 340.751, 341.151, 341.667, 342.034, 342.418, 342.819, 343.235, 344.102, 344.318, 344.719, 344.936, 345.336, 345.586, 345.803, 346.036, 346.253, 346.47, 346.703, 346.919, 347.137, 347.353, 347.836, 348.253, 348.87, 349.087, 349.504, 349.721, 350.154, 350.404, 350.804, 351.021, 351.371, 351.621, 352.039, 352.272, 352.572, 352.789, 353.205, 353.438, 353.855, 354.138, 354.372, 354.588, 355.056, 355.289, 355.506, 355.922, 356.323, 356.64, 356.856, 357.089, 357.307, 357.706, 357.923, 358.173, 358.39, 358.79, 359.008, 359.24, 359.457, 359.675, 359.974]"
mmgr4wtlfg07a6,197,69383,69.383,0.9873417721518988,0.4,,,
mmgr4wtlfg07a6,293,104070,104.07,0.9881889763779528,0.6,,,
mmgr4wtlfg07a6,335,118437,118.437,0.5909090909090908,0.45,,,
mmgr4wtlfg07a6,372,131470,131.47,0.8765432098765432,0.85,,,
mmgr4wtlfg07a6,406,142609,142.609,0.9438202247191011,0.4,,,
mmgr4wtlfg07a6,432,152589,152.589,0.8723404255319149,0.7,,,
mmgr4wtlfg07a6,479,176758,176.758,0.7727272727272727,0.85,,,
mmgr4wtlfg07a6,529,195101,195.101,0.6470588235294117,0.3,,,
mmgr4wtlfg07a6,588,217510,217.51,0.8142857142857143,0.55,,,
mmgr4wtlfg07a6,611,224053,224.053,0.8857142857142857,0.2,,,
mmgr4wtlfg07a6,639,235173,235.173,0.9365079365079365,0.15,,,
mmgr4wtlfg07a6,727,267214,267.214,0.9565217391304348,0.0,,,
mmgr4wtlfg07a6,781,284375,284.375,0.9111111111111111,0.7,,,
mmgr4wtlfg07a6,802,291085,291.085,0.6666666666666667,0.45,,,
mmgr4wtlfg07a6,875,324413,324.413,0.9,0.35,,,
mmgr4wtlfg07a6,897,335277,335.277,0.7666666666666666,0.6,,,
mmgr4wtlfg07a6,942,356044,356.044,0.9056603773584906,0.65,,,
mmgr4wtlfg07a6,-1,0,0.0,0.0,0.0,"[0.0, 0.9999999999999999, 0.9999999999999999, 1.0, 0.0, 0.0, 0.0, 0.0, 0.0, 0.0, 0.0, 0.0, 0.0, 0.0, 0.0, 0.0, 0.0, 0.0, 0.0, 0.0, 0.0, 0.0, 0.0, 0.0, 0.0, 0.0, 0.0, 0.0, 0.0, 0.0, 0.0, 0.0, 0.0, 0.0, 0.0, 0.0, 0.0, 0.0, 0.0, 0.0, 0.0, 0.0, 0.0, 0.0, 0.0, 0.0, 0.0, 0.0, 0.0, 0.0, 0.0, 0.0, 0.0, 0.0, 0.0, 0.0, 0.0, 0.0, 0.0, 0.0, 0.0, 0.0, 0.0, 0.0, 0.0, 0.0, 0.0, 0.0, 0.0, 0.0, 0.0, 0.0, 0.0, 0.0, 0.0, 0.0, 0.0, 0.0, 0.0, 0.0, 0.0, 0.0, 0.0, 0.0, 0.0, 0.0, 0.0, 0.0, 0.0, 0.0, 0.0, 0.0, 0.0, 0.0, 0.0, 0.0, 0.0, 0.0, 0.0, 0.0, 0.0, 0.0, 0.0, 0.0, 0.0, 0.0, 0.0, 0.0, 0.0, 0.0, 0.0, 0.0, 0.0, 0.0, 0.0, 0.0, 0.0, 0.0, 0.0, 0.0, 0.0, 0.0, 0.0, 0.0, 0.0, 0.0, 0.0, 0.0, 0.0, 0.0, 0.0, 0.0, 0.0, 0.0, 0.0, 0.0, 0.0, 0.0, 0.0, 0.0, 0.0, 0.0, 0.0, 0.0, 0.0, 0.0, 0.0, 0.0, 0.0, 0.0, 0.0, 0.0, 0.0, 0.0, 0.0, 0.0, 0.0, 0.0, 0.0, 0.0, 0.0, 0.0, 0.0, 0.0, 0.0, 0.0, 0.0, 0.0, 0.0, 0.0, 0.0, 0.0, 0.0, 0.0, 0.0, 0.0, 0.0, 0.0, 0.0, 0.0, 0.0, 0.0, 0.0, 0.0, 0.0, 0.0, 0.0, 0.0, 0.0, 0.0, 0.0, 0.0, 0.0, 0.0, 0.0, 0.0, 0.0, 0.9873417721518988, 0.6157472357932963, 0.0, 0.0, 0.0, 0.0, 0.0, 0.0, 0.0, 0.0, 0.0, 0.0, 0.0, 0.0, 0.0, 0.0, 0.0, 0.0, 0.0, 0.0, 0.0, 0.0, 0.0, 0.0, 0.0, 0.0, 0.0, 0.0, 0.0, 0.0, 0.0, 0.0, 0.0, 0.0, 0.0, 0.0, 0.0, 0.0, 0.0, 0.0, 0.0, 0.0, 0.0, 0.0, 0.0, 0.0, 0.0, 0.0, 0.0, 0.0, 0.0, 0.0, 0.0, 0.0, 0.0, 0.0, 0.0, 0.0, 0.0, 0.0, 0.0, 0.0, 0.0, 0.0, 0.0, 0.0, 0.0, 0.0, 0.0, 0.0, 0.0, 0.0, 0.0, 0.0, 0.0, 0.0, 0.0, 0.0, 0.0, 0.0, 0.0, 0.0, 0.0, 0.0, 0.0, 0.0, 0.0, 0.0, 0.0, 0.0, 0.0, 0.0, 0.0, 0.0, 0.0, 0.0, 0.9881889763779528, 0.593994830908025, 0.0, 0.0, 0.0, 0.0, 0.0, 0.0, 0.0, 0.0, 0.0, 0.0, 0.0, 0.0, 0.0, 0.0, 0.0, 0.0, 0.0, 0.0, 0.0, 0.0, 0.0, 0.0, 0.0, 0.0, 0.0, 0.0, 0.0, 0.0, 0.0, 0.0, 0.0, 0.0, 0.0, 0.0, 0.0, 0.0, 0.0, 0.0, 0.0, 0.0, 0.5909090909090908, 0.0, 0.0, 0.0, 0.0, 0.0, 0.0, 0.0, 0.0, 0.0, 0.0, 0.0, 0.0, 0.0, 0.0, 0.0, 0.0, 0.0, 0.0, 0.0, 0.0, 0.0, 0.0, 0.0, 0.0, 0.0, 0.0, 0.0, 0.0, 0.0, 0.0, 0.0, 0.0, 0.0, 0.0, 0.0, 0.0, 0.8765432098765432, 0.0, 0.0, 0.0, 0.0, 0.0, 0.0, 0.0, 0.0, 0.0, 0.0, 0.0, 0.0, 0.0, 0.0, 0.0, 0.0, 0.0, 0.0, 0.0, 0.0, 0.0, 0.0, 0.0, 0.0, 0.0, 0.0, 0.0, 0.0, 0.0, 0.0, 0.0, 0.0, 0.0, 0.9438202247191011, 0.0, 0.0, 0.0, 0.0, 0.0, 0.0, 0.0, 0.0, 0.0, 0.0, 0.0, 0.0, 0.0, 0.0, 0.0, 0.0, 0.0, 0.0, 0.0, 0.0, 0.0, 0.0, 0.0, 0.0, 0.0, 0.8723404255319149, 0.0, 0.0, 0.0, 0.0, 0.0, 0.0, 0.0, 0.0, 0.0, 0.0, 0.0, 0.0, 0.0, 0.0, 0.7741935483870968, 0.0, 0.0, 0.0, 0.0, 0.0, 0.0, 0.0, 0.0, 0.0, 0.0, 0.0, 0.0, 0.0, 0.75, 0.0, 0.0, 0.0, 0.0, 0.0, 0.0, 0.0, 0.0, 0.0, 0.0, 0.0, 0.0, 0.0, 0.0, 0.0, 0.0, 0.0, 0.7727272727272727, 0.0, 0.0, 0.0, 0.0, 0.0, 0.0, 0.0, 0.0, 0.0, 0.0, 0.0, 0.0, 0.0, 0.0, 0.0, 0.0, 0.0, 0.0, 0.6521739130434783, 0.0, 0.0, 0.0, 0.0, 0.0, 0.0, 0.0, 0.0, 0.0, 0.0, 0.0, 0.0, 0.0, 0.0, 0.0, 0.0, 0.0, 0.0, 0.0, 0.0, 0.0, 0.0, 0.0, 0.0, 0.0, 0.0, 0.0, 0.0, 0.0, 0.0, 0.6470588235294117, 0.0, 0.0, 0.0, 0.0, 0.0, 0.0, 0.0, 0.0, 0.0, 0.0, 0.0, 0.0, 0.0, 0.0, 0.0, 0.0, 0.0, 0.0, 0.0, 0.0, 0.0, 0.0, 0.0, 0.0, 0.0, 0.0, 0.0, 0.0, 0.0, 0.0, 0.0, 0.0, 0.0, 0.0, 0.0, 0.0, 0.0, 0.0, 0.0, 0.0, 0.0, 0.0, 0.0, 0.0, 0.0, 0.0, 0.0, 0.0, 0.0, 0.0, 0.0, 0.0, 0.0, 0.0, 0.0, 0.0, 0.0, 0.0, 0.8142857142857143, 0.6923076923076923, 0.0, 0.0, 0.0, 0.0, 0.0, 0.0, 0.0, 0.0, 0.0, 0.0, 0.0, 0.0, 0.0, 0.0, 0.0, 0.0, 0.0, 0.0, 0.0, 0.0, 0.0, 0.8857142857142857, 0.0, 0.0, 0.0, 0.0, 0.0, 0.0, 0.0, 0.0, 0.0, 0.0, 0.0, 0.0, 0.0, 0.0, 0.0, 0.0, 0.0, 0.0, 0.0, 0.0, 0.0, 0.0, 0.0, 0.0, 0.0, 0.0, 0.0, 0.9365079365079365, 0.0, 0.0, 0.0, 0.0, 0.0, 0.0, 0.0, 0.0, 0.0, 0.0, 0.0, 0.0, 0.0, 0.0, 0.0, 0.0, 0.0, 0.0, 0.0, 0.0, 0.0, 0.0, 0.0, 0.0, 0.0, 0.0, 0.0, 0.0, 0.0, 0.0, 0.0, 0.0, 0.0, 0.0, 0.0, 0.0, 0.0, 0.0, 0.0, 0.0, 0.0, 0.0, 0.0, 0.0, 0.0, 0.0, 0.0, 0.0, 0.0, 0.0, 0.0, 0.0, 0.0, 0.0, 0.0, 0.0, 0.0, 0.0, 0.0, 0.0, 0.0, 0.0, 0.0, 0.0, 0.0, 0.0, 0.0, 0.0, 0.0, 0.0, 0.0, 0.0, 0.0, 0.0, 0.0, 0.0, 0.0, 0.0, 0.0, 0.0, 0.0, 0.0, 0.0, 0.0, 0.0, 0.0, 0.0, 0.9565217391304348, 0.0, 0.0, 0.0, 0.0, 0.0, 0.0, 0.0, 0.0, 0.0, 0.0, 0.0, 0.0, 0.0, 0.6666666666666667, 0.0, 0.0, 0.0, 0.0, 0.0, 0.0, 0.0, 0.0, 0.0, 0.0, 0.0, 0.0, 0.0, 0.0, 0.0, 0.0, 0.0, 0.0, 0.0, 0.0, 0.0, 0.0, 0.0, 0.0, 0.0, 0.0, 0.0, 0.0, 0.0, 0.0, 0.0, 0.0, 0.0, 0.0, 0.0, 0.0, 0.0, 0.0, 0.0, 0.9111111111111111, 0.0, 0.0, 0.0, 0.0, 0.0, 0.0, 0.0, 0.0, 0.0, 0.0, 0.0, 0.0, 0.0, 0.0, 0.0, 0.0, 0.0, 0.0, 0.0, 0.0, 0.6666666666666667, 0.0, 0.0, 0.0, 0.0, 0.0, 0.0, 0.0, 0.0, 0.0, 0.0, 0.0, 0.0, 0.0, 0.0, 0.0, 0.0, 0.0, 0.0, 0.0, 0.0, 0.0, 0.0, 0.0, 0.0, 0.0, 0.0, 0.0, 0.0, 0.0, 0.0, 0.0, 0.0, 0.0, 0.0, 0.0, 0.0, 0.0, 0.0, 0.0, 0.0, 0.0, 0.0, 0.0, 0.0, 0.0, 0.0, 0.0, 0.0, 0.0, 0.0, 0.0, 0.0, 0.0, 0.0, 0.0, 0.0, 0.0, 0.0, 0.0, 0.0, 0.0, 0.0, 0.0, 0.0, 0.0, 0.0, 0.0, 0.0, 0.0, 0.0, 0.0, 0.0, 0.9, 0.0, 0.0, 0.0, 0.0, 0.0, 0.0, 0.0, 0.0, 0.0, 0.0, 0.0, 0.0, 0.0, 0.0, 0.0, 0.0, 0.0, 0.0, 0.0, 0.0, 0.0, 0.7666666666666666, 0.0, 0.0, 0.0, 0.0, 0.0, 0.0, 0.0, 0.0, 0.0, 0.0, 0.0, 0.0, 0.0, 0.0, 0.0, 0.0, 0.0, 0.0, 0.0, 0.0, 0.0, 0.0, 0.0, 0.0, 0.0, 0.0, 0.0, 0.0, 0.0, 0.0, 0.0, 0.0, 0.0, 0.0, 0.0, 0.0, 0.0, 0.0, 0.0, 0.0, 0.0, 0.0, 0.0, 0.0, 0.9056603773584906, 0.0, 0.0, 0.0, 0.0, 0.0, 0.0, 0.0, 0.0, 0.0, 0.0, 0.0, 0.0, 0.0]","[0.0, 0.0, 0.0, 0.0, 0.0, 0.1666666666666666, 0.2857142857142857, 0.375, 0.4444444444444444, 0.4, 0.4545454545454545, 0.4166666666666667, 0.4615384615384615, 0.4285714285714285, 0.4666666666666667, 0.4375, 0.4705882352941176, 0.4444444444444444, 0.4210526315789473, 0.4, 0.4, 0.4, 0.45, 0.5, 0.55, 0.5, 0.45, 0.4, 0.4, 0.45, 0.45, 0.45, 0.4, 0.4, 0.4, 0.45, 0.45, 0.45, 0.45, 0.5, 0.55, 0.55, 0.5, 0.5, 0.5, 0.5, 0.5, 0.55, 0.55, 0.5, 0.45, 0.5, 0.55, 0.55, 0.5, 0.5, 0.45, 0.5, 0.5, 0.5, 0.45, 0.5, 0.5, 0.5, 0.45, 0.5, 0.5, 0.5, 0.45, 0.5, 0.5, 0.5, 0.45, 0.5, 0.5, 0.5, 0.5, 0.5, 0.5, 0.5, 0.5, 0.5, 0.5, 0.5, 0.5, 0.5, 0.5, 0.5, 0.5, 0.5, 0.5, 0.5, 0.5, 0.5, 0.5, 0.5, 0.5, 0.5, 0.5, 0.5, 0.5, 0.5, 0.5, 0.5, 0.5, 0.5, 0.5, 0.5, 0.55, 0.5, 0.55, 0.5, 0.55, 0.5, 0.55, 0.5, 0.55, 0.5, 0.55, 0.5, 0.55, 0.5, 0.55, 0.5, 0.55, 0.5, 0.55, 0.5, 0.5, 0.5, 0.5, 0.55, 0.5, 0.55, 0.5, 0.55, 0.5, 0.5, 0.45, 0.5, 0.5, 0.5, 0.5, 0.5, 0.5, 0.5, 0.5, 0.5, 0.5, 0.5, 0.5, 0.45, 0.5, 0.45, 0.5, 0.45, 0.5, 0.5, 0.55, 0.5, 0.5, 0.5, 0.5, 0.5, 0.5, 0.5, 0.5, 0.5, 0.5, 0.5, 0.5, 0.5, 0.5, 0.55, 0.55, 0.55, 0.55, 0.6, 0.55, 0.6, 0.55, 0.55, 0.55, 0.55, 0.5, 0.55, 0.5, 0.55, 0.55, 0.55, 0.5, 0.5, 0.5, 0.5, 0.45, 0.45, 0.4, 0.4, 0.4, 0.4, 0.4, 0.45, 0.4, 0.45, 0.45, 0.45, 0.45, 0.45, 0.4, 0.45, 0.45, 0.5, 0.45, 0.45, 0.45, 0.5, 0.5, 0.5, 0.5, 0.5, 0.5, 0.5, 0.5, 0.5, 0.5, 0.5, 0.5, 0.5, 0.55, 0.5, 0.55, 0.5, 0.55, 0.5, 0.55, 0.5, 0.5, 0.45, 0.5, 0.5, 0.5, 0.45, 0.5, 0.5, 0.5, 0.45, 0.5, 0.5, 0.45, 0.45, 0.4, 0.45, 0.45, 0.45, 0.4, 0.45, 0.5, 0.5, 0.45, 0.45, 0.5, 0.5, 0.45, 0.45, 0.5, 0.5, 0.45, 0.45, 0.5, 0.5, 0.5, 0.45, 0.45, 0.5, 0.5, 0.5, 0.45, 0.5, 0.5, 0.5, 0.45, 0.5, 0.5, 0.5, 0.45, 0.5, 0.55, 0.55, 0.5, 0.5, 0.55, 0.6, 0.6, 0.6, 0.65, 0.65, 0.7, 0.7, 0.75, 0.75, 0.8, 0.75, 0.75, 0.7, 0.75, 0.75, 0.75, 0.75, 0.8, 0.8, 0.75, 0.75, 0.75, 0.75, 0.75, 0.75, 0.7, 0.65, 0.6, 0.6, 0.55, 0.6, 0.6, 0.65, 0.6, 0.6, 0.6, 0.6, 0.6, 0.65, 0.65, 0.6, 0.55, 0.5, 0.45, 0.45, 0.5, 0.55, 0.6, 0.6, 0.65, 0.65, 0.7, 0.65, 0.65, 0.6, 0.55, 0.55, 0.5, 0.5, 0.5, 0.55, 0.55, 0.6, 0.65, 0.65, 0.65, 0.65, 0.65, 0.65, 0.65, 0.65, 0.65, 0.7, 0.7, 0.7, 0.7, 0.7, 0.75, 0.75, 0.8, 0.8, 0.85, 0.85, 0.8, 0.75, 0.7, 0.65, 0.6, 0.6, 0.6, 0.6, 0.6, 0.6, 0.65, 0.7, 0.75, 0.7, 0.65, 0.6, 0.55, 0.55, 0.55, 0.55, 0.6, 0.6, 0.6, 0.6, 0.6, 0.6, 0.55, 0.55, 0.5, 0.5, 0.45, 0.45, 0.4, 0.45, 0.5, 0.55, 0.6, 0.6, 0.6, 0.6, 0.6, 0.65, 0.7, 0.75, 0.8, 0.75, 0.75, 0.7, 0.75, 0.75, 0.75, 0.7, 0.7, 0.7, 0.7, 0.7, 0.7, 0.7, 0.7, 0.7, 0.7, 0.7, 0.7, 0.7, 0.7, 0.75, 0.8, 0.85, 0.85, 0.85, 0.9, 0.95, 1.0, 1.0, 1.0, 1.0, 1.0, 1.0, 0.95, 0.9, 0.85, 0.8, 0.75, 0.7, 0.65, 0.6, 0.55, 0.5, 0.45, 0.45, 0.45, 0.45, 0.45, 0.45, 0.45, 0.45, 0.45, 0.45, 0.5, 0.55, 0.6, 0.65, 0.7, 0.75, 0.8, 0.85, 0.9, 0.9, 0.9, 0.85, 0.85, 0.8, 0.8, 0.75, 0.75, 0.7, 0.7, 0.65, 0.65, 0.6, 0.6, 0.55, 0.55, 0.5, 0.5, 0.45, 0.45, 0.45, 0.5, 0.5, 0.5, 0.5, 0.45, 0.45, 0.45, 0.5, 0.5, 0.5, 0.45, 0.5, 0.45, 0.5, 0.45, 0.45, 0.4, 0.4, 0.35, 0.35, 0.3, 0.3, 0.3, 0.35, 0.4, 0.4, 0.35, 0.3, 0.25, 0.25, 0.25, 0.2, 0.25, 0.25, 0.3, 0.3, 0.3, 0.3, 0.3, 0.3, 0.3, 0.3, 0.25, 0.2, 0.15, 0.15, 0.2, 0.25, 0.3, 0.35, 0.35, 0.4, 0.35, 0.35, 0.3, 0.3, 0.3, 0.3, 0.3, 0.3, 0.3, 0.3, 0.35, 0.4, 0.4, 0.4, 0.35, 0.3, 0.25, 0.25, 0.3, 0.3, 0.35, 0.35, 0.4, 0.4, 0.4, 0.4, 0.4, 0.4, 0.4, 0.4, 0.4, 0.4, 0.45, 0.5, 0.55, 0.6, 0.65, 0.6, 0.55, 0.5, 0.45, 0.4, 0.35, 0.35, 0.35, 0.4, 0.4, 0.45, 0.45, 0.5, 0.45, 0.45, 0.4, 0.35, 0.3, 0.25, 0.2, 0.2, 0.25, 0.3, 0.35, 0.4, 0.45, 0.5, 0.55, 0.55, 0.6, 0.55, 0.55, 0.5, 0.5, 0.45, 0.45, 0.45, 0.45, 0.45, 0.5, 0.55, 0.5, 0.45, 0.4, 0.35, 0.3, 0.25, 0.2, 0.15, 0.1, 0.15, 0.2, 0.25, 0.3, 0.35, 0.4, 0.45, 0.45, 0.45, 0.4, 0.35, 0.35, 0.35, 0.35, 0.35, 0.4, 0.45, 0.5, 0.55, 0.55, 0.5, 0.45, 0.4, 0.35, 0.3, 0.25, 0.2, 0.2, 0.2, 0.25, 0.3, 0.3, 0.3, 0.35, 0.4, 0.35, 0.3, 0.25, 0.2, 0.2, 0.2, 0.2, 0.2, 0.25, 0.3, 0.35, 0.4, 0.45, 0.5, 0.45, 0.4, 0.4, 0.4, 0.35, 0.3, 0.3, 0.3, 0.3, 0.3, 0.3, 0.3, 0.35, 0.4, 0.4, 0.4, 0.4, 0.4, 0.35, 0.3, 0.3, 0.3, 0.3, 0.3, 0.3, 0.3, 0.3, 0.3, 0.3, 0.3, 0.3, 0.3, 0.25, 0.2, 0.15, 0.1, 0.05, 0.0, 0.0, 0.05, 0.1, 0.15, 0.2, 0.2, 0.2, 0.25, 0.3, 0.35, 0.4, 0.45, 0.45, 0.45, 0.45, 0.45, 0.5, 0.5, 0.5, 0.5, 0.5, 0.45, 0.45, 0.45, 0.45, 0.5, 0.55, 0.5, 0.45, 0.4, 0.35, 0.3, 0.3, 0.3, 0.35, 0.35, 0.35, 0.35, 0.35, 0.35, 0.35, 0.35, 0.35, 0.35, 0.35, 0.35, 0.35, 0.4, 0.45, 0.5, 0.55, 0.6, 0.65, 0.7, 0.7, 0.75, 0.75, 0.8, 0.85, 0.85, 0.85, 0.85, 0.8, 0.75, 0.7, 0.65, 0.65, 0.6, 0.55, 0.55, 0.5, 0.5, 0.5, 0.45, 0.45, 0.4, 0.4, 0.35, 0.35, 0.35, 0.4, 0.4, 0.45, 0.45, 0.5, 0.5, 0.5, 0.5, 0.55, 0.5, 0.55, 0.5, 0.5, 0.5, 0.5, 0.55, 0.55, 0.55, 0.55, 0.55, 0.55, 0.55, 0.55, 0.55, 0.55, 0.6, 0.6, 0.6, 0.55, 0.55, 0.55, 0.6, 0.6, 0.6, 0.55, 0.5, 0.45, 0.5, 0.5, 0.55, 0.55, 0.55, 0.5, 0.5, 0.45, 0.45, 0.45, 0.5, 0.55, 0.55, 0.5, 0.45, 0.45, 0.5, 0.55, 0.6, 0.6, 0.55, 0.5, 0.45, 0.4, 0.4, 0.4, 0.4, 0.4, 0.35, 0.35, 0.35, 0.3, 0.3, 0.35, 0.4, 0.35, 0.35, 0.3, 0.3, 0.3, 0.35, 0.35, 0.4, 0.4, 0.45, 0.45, 0.5, 0.55, 0.55, 0.5, 0.5, 0.55, 0.6, 0.55, 0.5, 0.55, 0.5, 0.55, 0.5, 0.55, 0.5, 0.55, 0.5, 0.5, 0.5, 0.55, 0.55, 0.5, 0.55, 0.6, 0.6, 0.55, 0.5, 0.5, 0.5, 0.45, 0.45, 0.45, 0.5, 0.5, 0.55, 0.5, 0.5, 0.5, 0.45, 0.4, 0.4, 0.45, 0.45, 0.45, 0.45, 0.5, 0.55, 0.6, 0.65, 0.65, 0.7, 0.65, 0.6, 0.55, 0.5, 0.5, 0.5, 0.5, 0.5, 0.55, 0.55, 0.55, 0.5, 0.45, 0.4]","[0.879, 1.318, 1.774, 2.351, 2.806, 3.247, 3.742, 4.175, 4.647, 5.087, 5.51, 5.934, 6.375, 6.777, 7.118, 7.48, 7.775, 8.079, 8.327, 8.614, 8.88, 9.136, 9.679, 10.031, 10.327, 10.622, 10.903, 11.163, 11.446, 11.718, 11.974, 12.27, 12.519, 12.768, 13.055, 13.287, 13.534, 13.935, 14.344, 14.782, 15.134, 15.487, 15.816, 16.175, 16.463, 16.806, 17.088, 17.703, 17.958, 18.454, 19.007, 19.511, 19.942, 20.368, 20.814, 21.166, 21.6, 21.99, 22.385, 22.768, 23.143, 23.488, 23.839, 24.305, 24.775, 25.198, 25.576, 25.926, 26.278, 26.606, 26.96, 27.286, 27.638, 27.966, 28.313, 28.647, 28.975, 29.295, 29.632, 29.952, 30.287, 30.622, 30.951, 31.263, 31.582, 31.894, 32.206, 32.512, 32.791, 33.071, 33.359, 33.662, 33.952, 34.238, 34.538, 34.831, 35.115, 35.398, 35.714, 36.039, 36.392, 36.711, 37.023, 37.35, 37.67, 37.991, 38.278, 38.582, 39.199, 39.519, 39.838, 40.136, 40.438, 40.734, 41.015, 41.319, 41.624, 41.926, 42.231, 42.529, 42.814, 43.112, 43.414, 43.695, 43.983, 44.28, 44.575, 44.856, 45.135, 45.456, 45.751, 46.335, 46.638, 46.959, 47.255, 47.527, 47.863, 48.159, 48.455, 48.822, 49.246, 49.574, 49.926, 50.296, 50.63, 50.967, 51.302, 51.638, 51.95, 52.253, 52.558, 52.871, 53.19, 53.503, 53.831, 54.127, 54.439, 54.754, 55.07, 55.391, 55.71, 56.009, 56.31, 56.607, 56.911, 57.2, 57.512, 57.791, 58.094, 58.39, 58.719, 58.992, 59.294, 59.87, 60.821, 61.134, 61.454, 62.072, 62.37, 62.67, 63.279, 63.607, 64.022, 64.386, 64.758, 65.11, 65.479, 65.806, 66.087, 66.455, 66.776, 67.001, 67.247, 67.807, 68.096, 68.734, 69.063, 69.383, 69.751, 70.079, 70.4, 70.702, 71.032, 71.35, 71.67, 71.973, 72.303, 72.606, 72.943, 73.23, 73.536, 73.822, 74.112, 74.4, 74.712, 74.998, 75.312, 75.606, 75.927, 76.214, 76.521, 76.823, 77.128, 77.448, 77.735, 78.023, 78.335, 78.647, 78.944, 79.415, 79.767, 80.129, 80.542, 81.047, 81.422, 81.847, 83.335, 83.846, 84.269, 84.678, 85.118, 85.518, 85.943, 86.382, 86.798, 87.214, 87.63, 88.046, 88.414, 88.806, 89.168, 89.511, 89.918, 90.334, 90.709, 91.071, 91.438, 91.822, 92.19, 92.558, 92.934, 93.271, 93.639, 93.958, 94.319, 94.63, 94.982, 95.302, 95.632, 95.894, 96.182, 96.414, 96.782, 97.119, 97.423, 97.726, 98.03, 98.368, 98.679, 98.967, 99.246, 99.55, 99.855, 100.143, 100.439, 100.733, 101.071, 101.519, 101.911, 102.309, 103.134, 103.438, 103.734, 104.07, 104.343, 104.855, 105.27, 105.59, 105.918, 106.208, 106.503, 107.038, 107.383, 107.694, 108.43, 108.712, 109.006, 109.27, 109.55, 110.022, 110.31, 110.798, 111.125, 111.391, 111.701, 111.999, 112.253, 112.534, 112.75, 113.423, 113.759, 114.07, 114.381, 114.702, 114.976, 115.318, 115.654, 115.933, 116.303, 116.606, 116.959, 117.279, 117.613, 117.886, 118.142, 118.437, 118.766, 119.062, 119.398, 119.693, 120.038, 120.311, 120.637, 121.086, 121.407, 121.679, 121.925, 122.438, 122.782, 123.143, 123.447, 123.767, 124.101, 124.446, 124.757, 125.07, 125.382, 125.694, 125.958, 126.349, 126.742, 127.813, 128.165, 128.541, 128.998, 129.326, 129.622, 130.181, 130.486, 130.766, 130.998, 131.221, 131.47, 131.99, 132.463, 132.774, 133.064, 133.335, 133.599, 133.912, 134.165, 134.43, 134.645, 134.878, 135.125, 135.366, 135.646, 136.109, 136.398, 136.622, 136.863, 137.133, 137.383, 137.589, 137.798, 138.381, 138.685, 138.911, 139.127, 139.95, 140.397, 140.823, 141.199, 141.55, 141.895, 142.23, 142.609, 142.958, 143.293, 143.589, 144.03, 144.469, 144.679, 145.189, 145.478, 145.717, 145.933, 146.19, 146.438, 146.981, 147.254, 147.486, 148.221, 148.949, 149.333, 149.733, 150.03, 150.333, 150.99, 151.437, 151.813, 152.197, 152.589, 153.029, 153.454, 153.997, 154.549, 154.982, 155.502, 156.022, 156.517, 157.045, 157.501, 158.062, 158.605, 159.173, 159.758, 160.374, 160.949, 161.437, 161.877, 162.333, 162.749, 163.198, 163.67, 164.181, 164.845, 165.429, 166.013, 166.606, 167.213, 167.917, 168.541, 169.189, 169.773, 170.341, 170.845, 171.349, 171.829, 172.333, 172.821, 173.294, 173.749, 174.214, 174.629, 175.085, 175.533, 175.965, 176.374, 176.758, 177.197, 177.581, 178.014, 178.421, 178.877, 179.294, 179.671, 180.046, 180.398, 180.79, 181.165, 181.486, 181.814, 182.192, 182.573, 182.957, 183.31, 183.663, 183.99, 184.334, 184.645, 184.973, 185.277, 185.606, 186.029, 186.373, 186.718, 187.047, 187.357, 187.685, 188.0, 188.272, 189.086, 189.407, 189.719, 190.014, 190.318, 190.693, 191.013, 191.365, 191.693, 192.061, 192.421, 192.781, 193.253, 193.621, 193.997, 194.349, 194.718, 195.101, 195.421, 195.773, 196.11, 196.501, 196.901, 197.276, 197.621, 198.117, 198.542, 199.045, 200.157, 200.518, 200.957, 201.333, 201.758, 202.197, 202.613, 203.006, 203.758, 204.141, 204.549, 204.925, 205.261, 205.701, 206.157, 206.565, 206.933, 207.293, 207.678, 207.973, 208.247, 208.509, 208.78, 209.045, 209.548, 209.924, 210.812, 211.284, 211.637, 212.022, 212.302, 212.629, 212.941, 213.23, 213.55, 213.836, 214.109, 214.413, 214.693, 214.957, 215.213, 215.469, 215.693, 215.918, 216.398, 216.677, 216.942, 217.229, 217.51, 217.766, 218.03, 218.333, 218.758, 219.014, 219.309, 219.542, 219.797, 220.029, 220.302, 220.597, 220.943, 221.245, 221.534, 221.823, 222.118, 222.461, 222.742, 222.989, 223.309, 223.549, 223.829, 224.053, 224.405, 224.645, 224.878, 226.077, 226.304, 226.613, 227.117, 227.342, 227.573, 227.925, 228.34, 228.716, 229.061, 229.42, 229.797, 230.165, 230.549, 230.917, 231.364, 231.724, 232.453, 233.005, 233.389, 233.741, 234.085, 234.461, 234.822, 235.173, 235.549, 236.045, 236.477, 236.837, 237.221, 237.589, 237.997, 238.389, 238.788, 239.181, 239.534, 239.905, 240.261, 240.596, 240.964, 241.333, 241.716, 242.085, 242.373, 242.774, 243.1, 243.398, 243.709, 243.982, 244.293, 244.59, 244.876, 245.189, 245.485, 245.797, 246.27, 246.717, 247.07, 247.428, 247.805, 248.18, 248.696, 248.949, 249.327, 249.933, 250.317, 250.725, 251.205, 251.725, 252.229, 252.693, 253.125, 253.557, 253.995, 254.349, 254.668, 255.044, 255.415, 255.781, 256.102, 256.461, 256.766, 257.133, 257.485, 257.837, 258.197, 258.556, 258.911, 259.26, 259.637, 259.98, 260.309, 260.623, 260.932, 261.303, 261.588, 261.901, 262.245, 262.565, 262.901, 263.23, 263.565, 263.957, 264.269, 264.581, 264.917, 265.237, 265.581, 265.892, 266.205, 266.564, 266.886, 267.214, 267.511, 267.924, 268.316, 268.676, 268.991, 269.295, 269.678, 270.308, 270.613, 270.908, 271.245, 271.565, 271.901, 272.182, 272.495, 272.789, 273.084, 273.413, 274.06, 274.365, 274.669, 274.909, 275.197, 275.501, 275.733, 275.997, 276.236, 276.501, 276.749, 276.996, 277.222, 277.454, 277.678, 277.902, 278.732, 279.3, 279.708, 280.125, 280.596, 280.908, 281.166, 281.397, 281.717, 281.981, 282.213, 282.445, 282.661, 282.973, 283.228, 283.461, 283.686, 283.902, 284.141, 284.375, 284.598, 284.82, 285.038, 285.261, 285.479, 285.948, 286.223, 286.494, 286.749, 286.972, 287.207, 287.469, 287.885, 288.292, 288.702, 289.02, 289.39, 289.854, 290.262, 290.645, 291.085, 291.5, 291.909, 292.318, 292.726, 293.133, 293.565, 293.958, 294.365, 294.78, 295.156, 295.549, 295.925, 296.325, 296.669, 297.078, 297.444, 297.829, 298.173, 298.533, 298.916, 299.66, 300.349, 300.726, 301.084, 301.414, 301.741, 302.063, 302.389, 303.724, 304.341, 304.868, 305.252, 305.621, 305.972, 306.286, 306.612, 306.916, 307.204, 308.117, 308.757, 309.142, 309.445, 309.732, 310.117, 310.356, 310.621, 311.797, 312.182, 312.468, 312.773, 313.7, 314.1, 314.34, 315.444, 315.98, 316.565, 317.165, 317.676, 318.203, 318.94, 319.572, 320.148, 320.573, 320.916, 321.22, 321.517, 321.812, 322.102, 322.397, 322.704, 322.927, 323.797, 324.413, 325.244, 325.868, 326.492, 327.54, 328.116, 328.628, 329.084, 329.517, 329.941, 330.38, 330.772, 331.148, 331.533, 331.918, 332.285, 332.628, 333.327, 333.669, 334.052, 334.444, 334.901, 335.277, 336.7, 337.212, 337.612, 338.02, 338.388, 338.742, 339.1, 339.452, 341.46, 342.277, 342.893, 343.27, 343.844, 344.141, 344.574, 345.293, 345.62, 345.885, 346.525, 346.9, 347.237, 347.556, 347.821, 348.1, 348.421, 348.74, 348.988, 349.253, 349.684, 350.012, 350.261, 350.536, 350.78, 351.068, 351.931, 352.62, 353.268, 353.812, 354.14, 354.413, 354.628, 354.885, 355.204, 355.58, 356.044, 356.348, 356.588, 356.821, 357.068, 357.351, 357.628, 357.918, 358.198, 358.428, 358.652, 359.301, 359.547, 359.774]"
mmgr8c41csnx7y,40,23751,23.751,0.868421052631579,0.2,,,
mmgr8c41csnx7y,74,46536,46.536,0.7619047619047619,0.2,,,
mmgr8c41csnx7y,137,79138,79.138,0.9384615384615385,0.4,,,
mmgr8c41csnx7y,176,98474,98.474,0.9024390243902439,0.15,,,
mmgr8c41csnx7y,231,120204,120.204,0.7727272727272727,0.85,,,
mmgr8c41csnx7y,255,131913,131.913,0.8518518518518519,0.5,,,
mmgr8c41csnx7y,296,152162,152.162,0.8863636363636364,0.3,,,
mmgr8c41csnx7y,339,168166,168.166,0.8214285714285714,1.0,,,
mmgr8c41csnx7y,374,180732,180.732,0.7391304347826086,0.75,,,
mmgr8c41csnx7y,417,197342,197.342,0.9183673469387755,0.35,,,
mmgr8c41csnx7y,439,206019,206.019,0.75,0.55,,,
mmgr8c41csnx7y,469,217090,217.09,0.9090909090909091,0.05,,,
mmgr8c41csnx7y,502,229664,229.664,0.7727272727272727,0.2,,,
mmgr8c41csnx7y,532,241972,241.972,0.6666666666666667,0.45,,,
mmgr8c41csnx7y,-1,0,0.0,0.0,0.0,"[0.0, 0.9999999999999999, 1.0, 1.0, 0.0, 0.0, 0.0, 0.0, 0.0, 0.0, 0.0, 0.0, 0.0, 0.0, 0.0, 0.0, 0.0, 0.0, 0.0, 0.0, 0.0, 0.0, 0.0, 0.0, 0.0, 0.0, 0.0, 0.0, 0.0, 0.0, 0.0, 0.0, 0.0, 0.0, 0.0, 0.0, 0.0, 0.0, 0.0, 0.0, 0.868421052631579, 0.0, 0.0, 0.0, 0.0, 0.0, 0.0, 0.0, 0.0, 0.0, 0.0, 0.0, 0.0, 0.0, 0.0, 0.0, 0.75, 0.0, 0.0, 0.0, 0.0, 0.0, 0.0, 0.0, 0.0, 0.0, 0.0, 0.0, 0.0, 0.0, 0.0, 0.0, 0.0, 0.0, 0.7619047619047619, 0.0, 0.0, 0.0, 0.0, 0.0, 0.0, 0.0, 0.0, 0.0, 0.0, 0.0, 0.0, 0.0, 0.0, 0.0, 0.0, 0.0, 0.0, 0.0, 0.0, 0.0, 0.0, 0.0, 0.0, 0.0, 0.0, 0.0, 0.0, 0.0, 0.0, 0.0, 0.0, 0.0, 0.0, 0.0, 0.0, 0.0, 0.0, 0.0, 0.0, 0.0, 0.0, 0.0, 0.0, 0.0, 0.0, 0.0, 0.0, 0.0, 0.0, 0.0, 0.0, 0.0, 0.0, 0.0, 0.0, 0.0, 0.0, 0.0, 0.0, 0.0, 0.0, 0.9384615384615385, 0.0, 0.0, 0.0, 0.0, 0.0, 0.0, 0.0, 0.0, 0.0, 0.0, 0.0, 0.0, 0.0, 0.0, 0.0, 0.0, 0.0, 0.0, 0.0, 0.0, 0.0, 0.0, 0.0, 0.0, 0.0, 0.0, 0.0, 0.0, 0.0, 0.0, 0.0, 0.0, 0.0, 0.0, 0.0, 0.0, 0.0, 0.0, 0.9024390243902439, 0.0, 0.0, 0.0, 0.0, 0.0, 0.0, 0.0, 0.0, 0.0, 0.0, 0.0, 0.0, 0.0, 0.0, 0.0, 0.0, 0.0, 0.7619047619047619, 0.0, 0.0, 0.0, 0.0, 0.0, 0.0, 0.0, 0.0, 0.0, 0.0, 0.0, 0.0, 0.0, 0.0, 0.0, 0.0, 0.0, 0.0, 0.0, 0.0, 0.0, 0.0, 0.0, 0.6, 0.0, 0.0, 0.0, 0.0, 0.0, 0.0, 0.0, 0.0, 0.0, 0.0, 0.0, 0.0, 0.7727272727272727, 0.0, 0.0, 0.0, 0.0, 0.0, 0.0, 0.0, 0.0, 0.0, 0.0, 0.0, 0.0, 0.0, 0.0, 0.0, 0.0, 0.0, 0.0, 0.0, 0.0, 0.0, 0.0, 0.0, 0.8518518518518519, 0.0, 0.0, 0.0, 0.0, 0.0, 0.0, 0.0, 0.0, 0.0, 0.0, 0.0, 0.0, 0.0, 0.0, 0.0, 0.0, 0.0, 0.0, 0.0, 0.0, 0.0, 0.0, 0.0, 0.0, 0.0, 0.0, 0.0, 0.0, 0.0, 0.6060606060606061, 0.0, 0.0, 0.0, 0.0, 0.0, 0.0, 0.0, 0.0, 0.0, 0.0, 0.8863636363636364, 0.0, 0.0, 0.0, 0.0, 0.0, 0.0, 0.0, 0.0, 0.0, 0.0, 0.0, 0.0, 0.0, 0.0, 0.0, 0.0, 0.7619047619047619, 0.0, 0.0, 0.0, 0.0, 0.0, 0.0, 0.0, 0.0, 0.0, 0.0, 0.0, 0.0, 0.0, 0.0, 0.0, 0.0, 0.0, 0.0, 0.0, 0.0, 0.0, 0.0, 0.0, 0.0, 0.0, 0.8214285714285714, 0.0, 0.0, 0.0, 0.0, 0.0, 0.0, 0.0, 0.0, 0.0, 0.0, 0.0, 0.0, 0.0, 0.0, 0.736842105263158, 0.0, 0.0, 0.0, 0.0, 0.0, 0.0, 0.0, 0.0, 0.0, 0.0, 0.0, 0.0, 0.0, 0.0, 0.0, 0.0, 0.0, 0.0, 0.0, 0.7391304347826086, 0.0, 0.0, 0.0, 0.0, 0.0, 0.0, 0.0, 0.0, 0.0, 0.0, 0.0, 0.0, 0.0, 0.0, 0.0, 0.0, 0.0, 0.0, 0.0, 0.0, 0.0, 0.0, 0.0, 0.0, 0.0, 0.0, 0.0, 0.0, 0.0, 0.0, 0.0, 0.0, 0.0, 0.0, 0.0, 0.0, 0.0, 0.0, 0.0, 0.0, 0.0, 0.0, 0.9183673469387755, 0.0, 0.0, 0.0, 0.0, 0.0, 0.0, 0.0, 0.0, 0.0, 0.0, 0.0, 0.0, 0.0, 0.0, 0.0, 0.0, 0.0, 0.0, 0.0, 0.0, 0.0, 0.75, 0.0, 0.0, 0.0, 0.0, 0.0, 0.0, 0.0, 0.0, 0.0, 0.0, 0.0, 0.0, 0.0, 0.0, 0.0, 0.0, 0.0, 0.0, 0.0, 0.0, 0.0, 0.0, 0.0, 0.0, 0.0, 0.0, 0.0, 0.0, 0.0, 0.9090909090909091, 0.0, 0.0, 0.0, 0.0, 0.0, 0.0, 0.0, 0.0, 0.0, 0.0, 0.0, 0.0, 0.0, 0.0, 0.6842105263157895, 0.0, 0.0, 0.0, 0.0, 0.0, 0.0, 0.0, 0.0, 0.0, 0.0, 0.0, 0.0, 0.0, 0.0, 0.0, 0.0, 0.0, 0.7727272727272727, 0.0, 0.0, 0.0, 0.0, 0.0, 0.0, 0.0, 0.0, 0.0, 0.0, 0.0, 0.0, 0.0, 0.0, 0.0, 0.0, 0.0, 0.0, 0.0, 0.0, 0.0, 0.0, 0.0, 0.0, 0.0, 0.0, 0.0, 0.0, 0.0, 0.6666666666666667, 0.0, 0.0, 0.0, 0.0, 0.0, 0.0, 0.0, 0.0, 0.0, 0.0, 0.0, 0.0, 0.0, 0.0, 0.0, 0.0, 0.0, 0.0, 0.0, 0.0, 0.0, 0.0, 0.0, 0.0, 0.0, 0.0, 0.0, 0.0, 0.0, 0.0, 0.0, 0.0, 0.0, 0.0, 0.0, 0.0, 0.0, 0.0, 0.0, 0.0, 0.0, 0.0, 0.0, 0.0, 0.0, 0.0, 0.0, 0.0, 0.0, 0.0, 0.0, 0.0, 0.0, 0.0, 0.0, 0.0, 0.0, 0.0, 0.0, 0.0, 0.0, 0.0, 0.0, 0.0, 0.0, 0.0, 0.0, 0.0, 0.0, 0.0, 0.0, 0.0, 0.0, 0.0, 0.0, 0.0, 0.0, 0.0, 0.0, 0.0, 0.0, 0.0, 0.0, 0.0, 0.0, 0.0, 0.0, 0.0, 0.0, 0.0, 0.0, 0.0, 0.0, 0.0, 0.0, 0.0, 0.0, 0.0, 0.0, 0.0, 0.0, 0.0, 0.0, 0.0, 0.0, 0.0, 0.0, 0.0, 0.0, 0.0, 0.0, 0.0, 0.0, 0.0, 0.0, 0.0, 0.0, 0.0, 0.0, 0.0, 0.0, 0.0, 0.0, 0.0, 0.0, 0.0, 0.0, 0.0, 0.0, 0.0, 0.0, 0.0, 0.0, 0.0, 0.0, 0.0, 0.0, 0.0, 0.0, 0.0, 0.0, 0.0, 0.0, 0.0, 0.0, 0.0, 0.0, 0.0, 0.0, 0.0]","[0.0, 0.0, 0.3333333333333333, 0.5, 0.6, 0.5, 0.4285714285714285, 0.5, 0.4444444444444444, 0.4, 0.3636363636363636, 0.3333333333333333, 0.3076923076923077, 0.2857142857142857, 0.3333333333333333, 0.375, 0.4117647058823529, 0.4444444444444444, 0.4736842105263157, 0.5, 0.55, 0.6, 0.6, 0.6, 0.55, 0.55, 0.55, 0.5, 0.5, 0.5, 0.5, 0.5, 0.5, 0.5, 0.45, 0.4, 0.35, 0.3, 0.25, 0.2, 0.2, 0.2, 0.15, 0.1, 0.1, 0.1, 0.1, 0.1, 0.15, 0.2, 0.25, 0.3, 0.35, 0.4, 0.45, 0.5, 0.55, 0.6, 0.65, 0.65, 0.6, 0.55, 0.55, 0.55, 0.55, 0.55, 0.55, 0.55, 0.5, 0.45, 0.4, 0.35, 0.3, 0.25, 0.2, 0.15, 0.1, 0.05, 0.0, 0.0, 0.0, 0.0, 0.0, 0.0, 0.0, 0.0, 0.0, 0.0, 0.0, 0.0, 0.0, 0.0, 0.0, 0.0, 0.0, 0.0, 0.0, 0.05, 0.1, 0.15, 0.15, 0.15, 0.15, 0.15, 0.15, 0.15, 0.15, 0.15, 0.15, 0.15, 0.15, 0.15, 0.15, 0.15, 0.15, 0.15, 0.15, 0.1, 0.05, 0.0, 0.0, 0.0, 0.0, 0.0, 0.0, 0.0, 0.0, 0.0, 0.0, 0.0, 0.05, 0.1, 0.15, 0.2, 0.25, 0.3, 0.35, 0.4, 0.4, 0.4, 0.4, 0.4, 0.4, 0.4, 0.4, 0.4, 0.4, 0.4, 0.4, 0.4, 0.4, 0.4, 0.4, 0.4, 0.4, 0.4, 0.4, 0.4, 0.45, 0.5, 0.5, 0.5, 0.5, 0.5, 0.5, 0.5, 0.5, 0.5, 0.5, 0.5, 0.45, 0.4, 0.35, 0.3, 0.25, 0.2, 0.15, 0.1, 0.05, 0.0, 0.0, 0.0, 0.0, 0.0, 0.0, 0.05, 0.1, 0.15, 0.2, 0.25, 0.3, 0.35, 0.4, 0.45, 0.5, 0.55, 0.6, 0.65, 0.7, 0.75, 0.8, 0.85, 0.9, 0.9, 0.9, 0.85, 0.8, 0.75, 0.7, 0.65, 0.6, 0.55, 0.55, 0.55, 0.55, 0.55, 0.55, 0.55, 0.5, 0.45, 0.4, 0.4, 0.4, 0.45, 0.5, 0.55, 0.6, 0.65, 0.7, 0.75, 0.8, 0.85, 0.85, 0.85, 0.85, 0.85, 0.85, 0.85, 0.9, 0.95, 1.0, 1.0, 1.0, 0.95, 0.9, 0.85, 0.8, 0.8, 0.75, 0.75, 0.75, 0.7, 0.65, 0.6, 0.55, 0.5, 0.5, 0.5, 0.5, 0.5, 0.45, 0.4, 0.4, 0.45, 0.45, 0.45, 0.5, 0.5, 0.5, 0.45, 0.45, 0.5, 0.55, 0.6, 0.65, 0.7, 0.65, 0.6, 0.6, 0.6, 0.65, 0.65, 0.6, 0.6, 0.65, 0.7, 0.65, 0.6, 0.6, 0.6, 0.55, 0.5, 0.45, 0.4, 0.35, 0.3, 0.3, 0.3, 0.25, 0.2, 0.15, 0.2, 0.25, 0.25, 0.25, 0.25, 0.3, 0.35, 0.4, 0.45, 0.5, 0.55, 0.6, 0.65, 0.65, 0.65, 0.65, 0.65, 0.65, 0.7, 0.75, 0.75, 0.75, 0.75, 0.75, 0.75, 0.75, 0.75, 0.75, 0.75, 0.75, 0.75, 0.75, 0.75, 0.8, 0.85, 0.9, 0.95, 1.0, 1.0, 1.0, 1.0, 1.0, 1.0, 1.0, 0.95, 0.9, 0.85, 0.8, 0.75, 0.7, 0.65, 0.6, 0.55, 0.5, 0.5, 0.5, 0.5, 0.5, 0.45, 0.4, 0.35, 0.35, 0.35, 0.35, 0.4, 0.45, 0.5, 0.55, 0.6, 0.65, 0.7, 0.75, 0.75, 0.75, 0.7, 0.65, 0.6, 0.55, 0.55, 0.6, 0.65, 0.65, 0.65, 0.65, 0.65, 0.65, 0.65, 0.6, 0.55, 0.5, 0.45, 0.4, 0.45, 0.5, 0.55, 0.6, 0.65, 0.7, 0.75, 0.75, 0.75, 0.75, 0.75, 0.75, 0.7, 0.65, 0.6, 0.6, 0.6, 0.6, 0.6, 0.6, 0.55, 0.5, 0.45, 0.4, 0.35, 0.3, 0.25, 0.25, 0.25, 0.25, 0.25, 0.25, 0.3, 0.35, 0.35, 0.35, 0.35, 0.35, 0.35, 0.35, 0.4, 0.45, 0.5, 0.55, 0.55, 0.55, 0.55, 0.5, 0.45, 0.4, 0.35, 0.35, 0.35, 0.35, 0.4, 0.45, 0.5, 0.55, 0.55, 0.55, 0.5, 0.45, 0.4, 0.35, 0.35, 0.35, 0.35, 0.35, 0.35, 0.35, 0.35, 0.3, 0.25, 0.2, 0.15, 0.1, 0.05, 0.0, 0.0, 0.0, 0.0, 0.05, 0.1, 0.15, 0.2, 0.25, 0.3, 0.35, 0.4, 0.45, 0.5, 0.5, 0.5, 0.5, 0.5, 0.55, 0.6, 0.65, 0.65, 0.65, 0.65, 0.6, 0.55, 0.5, 0.45, 0.4, 0.35, 0.3, 0.25, 0.2, 0.15, 0.15, 0.15, 0.15, 0.15, 0.1, 0.05, 0.0, 0.0, 0.0, 0.0, 0.0, 0.0, 0.0, 0.0, 0.05, 0.1, 0.15, 0.2, 0.25, 0.25, 0.25, 0.25, 0.25, 0.25, 0.3, 0.35, 0.4, 0.4, 0.45, 0.45, 0.5, 0.5, 0.55, 0.55, 0.5, 0.5, 0.45, 0.4, 0.4, 0.4, 0.45, 0.45, 0.5, 0.55, 0.5, 0.5, 0.5, 0.5, 0.45, 0.5, 0.5, 0.5, 0.5, 0.5, 0.55, 0.5, 0.55, 0.55, 0.55, 0.55, 0.55, 0.6, 0.55, 0.55, 0.55, 0.5, 0.45, 0.5, 0.5, 0.45, 0.45, 0.5, 0.45, 0.45, 0.45, 0.5, 0.45, 0.45, 0.4, 0.45, 0.45, 0.4, 0.45, 0.4, 0.4, 0.45, 0.5, 0.45, 0.5, 0.55, 0.5, 0.5, 0.55, 0.55, 0.55, 0.55, 0.55, 0.55, 0.6, 0.55, 0.55, 0.55, 0.55, 0.55, 0.6, 0.55, 0.55, 0.55, 0.55, 0.5, 0.5, 0.45, 0.45, 0.45, 0.45, 0.4, 0.45, 0.45, 0.45, 0.45, 0.45, 0.5, 0.45, 0.5, 0.45, 0.5, 0.45, 0.5, 0.45, 0.5, 0.5, 0.55, 0.5, 0.55, 0.5, 0.55, 0.5, 0.55, 0.55, 0.55, 0.5, 0.5, 0.55, 0.5, 0.5, 0.5, 0.55, 0.5, 0.5, 0.5, 0.55, 0.5, 0.5, 0.5, 0.55, 0.5, 0.5, 0.5, 0.45, 0.5, 0.5, 0.5, 0.45, 0.5, 0.5, 0.5, 0.45, 0.5, 0.5, 0.5, 0.45, 0.5, 0.5, 0.5, 0.45, 0.5, 0.5, 0.5, 0.5]","[0.915, 2.02, 3.039, 3.923, 4.832, 5.79, 6.842, 7.784, 8.697, 9.227, 9.467, 9.685, 10.066, 10.287, 11.246, 12.011, 12.239, 12.51, 12.734, 12.97, 13.187, 13.59, 13.979, 14.215, 14.982, 15.343, 15.551, 16.665, 17.369, 18.067, 18.726, 19.189, 19.479, 20.097, 20.627, 21.087, 21.488, 21.844, 22.196, 22.537, 23.751, 24.535, 25.53, 26.211, 26.761, 27.201, 27.542, 27.903, 28.686, 29.411, 29.976, 30.19, 30.56, 31.127, 31.471, 32.224, 32.953, 33.557, 34.217, 35.822, 36.479, 37.176, 37.872, 38.653, 39.381, 40.053, 40.772, 41.523, 42.254, 42.979, 43.595, 44.265, 44.991, 45.839, 46.536, 47.268, 47.989, 48.725, 49.477, 50.308, 51.018, 51.724, 52.325, 52.641, 52.946, 53.247, 53.587, 53.876, 54.21, 54.541, 54.898, 55.24, 55.599, 55.809, 56.116, 56.336, 58.081, 59.511, 60.374, 61.104, 62.127, 62.837, 63.306, 63.538, 63.911, 64.176, 64.399, 66.072, 67.361, 68.172, 68.535, 68.875, 69.232, 69.608, 69.955, 70.348, 70.672, 71.05, 71.423, 71.746, 72.066, 72.433, 72.789, 73.082, 73.375, 73.721, 74.068, 74.463, 74.789, 75.165, 76.691, 77.041, 77.402, 77.74, 78.081, 78.411, 78.735, 79.138, 80.147, 80.517, 80.834, 81.194, 81.547, 81.846, 82.198, 82.526, 82.878, 83.492, 83.839, 84.198, 85.346, 85.663, 85.996, 86.334, 86.628, 86.94, 87.308, 87.674, 88.009, 88.238, 89.381, 90.008, 91.019, 91.781, 92.58, 93.234, 93.812, 94.303, 94.832, 95.318, 95.84, 96.169, 96.496, 96.717, 97.187, 97.83, 98.474, 99.017, 99.437, 99.806, 100.156, 100.482, 100.785, 101.103, 101.411, 102.141, 102.835, 103.19, 103.489, 103.805, 104.121, 104.443, 104.746, 105.054, 105.351, 105.652, 105.98, 106.292, 106.616, 106.95, 107.272, 107.675, 107.891, 109.372, 109.928, 110.247, 110.628, 110.946, 111.245, 111.573, 111.843, 112.061, 113.729, 114.112, 114.461, 114.794, 115.169, 115.393, 115.984, 116.331, 116.546, 117.301, 117.68, 117.889, 118.113, 118.357, 118.606, 118.855, 119.125, 119.355, 119.661, 120.204, 120.69, 120.923, 121.159, 121.402, 121.646, 121.867, 122.383, 122.595, 122.973, 123.19, 123.475, 124.202, 124.441, 124.86, 125.091, 126.153, 127.12, 128.455, 128.841, 129.702, 130.104, 131.229, 131.685, 131.913, 132.667, 132.916, 133.137, 133.351, 134.1, 134.496, 135.262, 136.035, 137.111, 137.717, 138.534, 138.909, 139.595, 139.806, 140.438, 140.659, 141.411, 142.073, 142.278, 142.659, 143.465, 144.161, 144.937, 145.16, 145.562, 146.227, 146.559, 147.228, 147.465, 148.029, 148.778, 149.017, 149.256, 149.485, 149.846, 150.729, 150.945, 151.294, 151.583, 151.86, 152.162, 152.498, 152.824, 153.127, 153.388, 154.444, 154.845, 155.072, 155.299, 155.512, 155.746, 155.983, 156.231, 156.475, 156.749, 156.982, 158.183, 158.464, 159.467, 159.711, 159.942, 160.27, 160.611, 162.032, 162.253, 162.53, 162.753, 163.37, 163.761, 164.419, 164.699, 164.947, 165.189, 165.415, 165.636, 165.855, 166.252, 166.614, 167.01, 167.227, 167.443, 167.689, 167.937, 168.166, 168.414, 168.633, 168.875, 169.093, 169.344, 170.222, 170.628, 170.848, 171.082, 171.501, 171.727, 172.139, 172.542, 172.771, 173.182, 173.899, 174.263, 174.636, 174.861, 175.466, 175.787, 176.183, 176.747, 176.971, 177.492, 177.703, 178.18, 178.406, 178.812, 179.041, 179.289, 179.528, 179.748, 180.471, 180.732, 180.959, 181.178, 182.045, 182.321, 182.546, 183.301, 183.71, 184.094, 184.368, 184.766, 185.151, 185.368, 185.655, 186.405, 186.802, 187.171, 187.519, 187.748, 188.421, 188.767, 189.073, 189.483, 189.704, 190.383, 190.736, 191.083, 191.424, 191.784, 192.123, 192.344, 192.975, 193.349, 193.708, 194.05, 194.427, 194.816, 195.188, 195.542, 195.905, 196.257, 196.617, 196.964, 197.342, 197.745, 197.961, 198.908, 199.127, 199.659, 199.99, 200.285, 200.504, 200.876, 201.633, 201.882, 202.122, 202.36, 202.589, 202.809, 203.972, 204.216, 204.499, 204.747, 205.539, 205.789, 206.019, 206.373, 206.834, 207.383, 207.73, 208.397, 208.976, 209.214, 209.449, 209.675, 209.89, 210.13, 210.921, 211.33, 211.7, 212.109, 212.502, 212.728, 212.944, 213.348, 213.753, 213.972, 214.189, 214.585, 214.798, 215.191, 215.581, 215.951, 216.323, 216.702, 217.09, 217.469, 217.83, 218.181, 218.407, 219.176, 219.413, 219.663, 219.898, 220.129, 220.381, 220.615, 220.827, 221.047, 221.281, 222.074, 222.428, 222.656, 223.041, 223.762, 224.107, 224.486, 225.787, 226.18, 226.557, 226.961, 227.17, 227.549, 227.924, 228.279, 228.493, 228.926, 229.28, 229.664, 229.93, 230.176, 230.419, 230.642, 231.653, 231.897, 232.153, 232.38, 232.609, 232.868, 233.141, 233.441, 233.662, 234.161, 234.383, 235.027, 235.307, 235.562, 235.811, 236.044, 236.708, 236.941, 237.167, 237.392, 237.707, 238.872, 239.088, 239.308, 240.444, 241.972, 242.698, 243.46, 244.12, 244.839, 245.495, 246.816, 247.686, 248.386, 249.732, 250.458, 251.15, 251.874, 252.561, 253.232, 254.512, 256.05, 256.662, 256.89, 257.634, 257.855, 258.572, 258.799, 259.911, 260.916, 261.741, 262.475, 263.21, 264.108, 264.851, 265.54, 266.241, 266.934, 268.21, 268.877, 269.582, 270.249, 272.505, 273.072, 273.911, 274.774, 275.14, 275.887, 276.351, 277.093, 277.605, 278.852, 279.287, 280.074, 280.295, 280.766, 281.749, 282.286, 283.096, 284.291, 285.056, 285.585, 286.334, 286.946, 288.23, 289.003, 289.543, 290.337, 291.102, 291.522, 292.414, 293.128, 293.518, 294.396, 294.933, 295.69, 296.658, 297.438, 298.114, 298.754, 299.466, 300.637, 301.248, 301.919, 302.543, 303.186, 303.851, 305.742, 307.078, 307.834, 308.469, 309.176, 309.85, 310.54, 311.246, 311.887, 312.631, 313.372, 314.178, 315.511, 316.489, 317.188, 317.82, 318.482, 319.162, 319.893, 320.541, 321.84, 323.165, 323.864, 324.558, 325.257, 325.932, 326.628, 327.319, 327.796, 328.516, 329.017, 330.152, 330.54, 331.242, 331.61, 332.433, 332.657, 333.613, 333.989, 334.958, 335.366, 336.204, 336.616, 337.547, 337.767, 339.44, 339.913, 340.628, 341.407, 343.383, 344.81, 345.689, 346.423, 347.189, 347.976, 348.843, 349.877, 350.794, 351.886, 352.766, 353.629, 354.365, 355.116, 355.956, 356.827, 357.532, 358.231, 358.96, 359.681]"
