session_id,model,phase,accuracy,precision,recall,f1,mcc
mmgkzukxb91bym,random,Full,0.530360531309298,0.530360531309298,1.0,0.6931184128952262,0.0
mmgkzukxb91bym,random,Ph 1,0.4924812030075188,0.4924812030075188,1.0,0.6599496221662469,0.0
mmgkzukxb91bym,random,Ph 2,0.6538461538461539,0.6538461538461539,1.0,0.7906976744186046,0.0
mmgkzukxb91bym,random,Ph 3,0.43346007604562736,0.43346007604562736,1.0,0.6047745358090185,0.0
mmgkzukxb91bym,random,Ph 4,0.5433962264150943,0.5433962264150943,1.0,0.7041564792176039,0.0
mmgkzukxb91bym,bias,Full,0.4696394686907021,0.0,0.0,0.0,0.0
mmgkzukxb91bym,bias,Ph 1,0.5075187969924813,0.0,0.0,0.0,0.0
mmgkzukxb91bym,bias,Ph 2,0.34615384615384615,0.0,0.0,0.0,0.0
mmgkzukxb91bym,bias,Ph 3,0.5665399239543726,0.0,0.0,0.0,0.0
mmgkzukxb91bym,bias,Ph 4,0.45660377358490567,0.0,0.0,0.0,0.0
mmgkzukxb91bym,wsls,Full,0.7049335863377609,0.8502824858757062,0.5384615384615384,0.6593647316538883,0.45585714154836793
mmgkzukxb91bym,wsls,Ph 1,0.6691729323308271,0.8208955223880597,0.4198473282442748,0.5555555555555556,0.38116415501573236
mmgkzukxb91bym,wsls,Ph 2,0.5230769230769231,0.8285714285714286,0.3411764705882353,0.48333333333333334,0.22292336193979417
mmgkzukxb91bym,wsls,Ph 3,0.8060836501901141,0.8620689655172413,0.6578947368421053,0.746268656716418,0.608099512445104
mmgkzukxb91bym,wsls,Ph 4,0.8188679245283019,0.8692307692307693,0.7847222222222222,0.8248175182481752,0.6419095812259135
mmgkzukxb91bym,generalized_matching_law,Full,0.6385199240986718,0.6421725239616614,0.7191413237924866,0.6784810126582278,0.27094789222291304
mmgkzukxb91bym,generalized_matching_law,Ph 1,0.5902255639097744,0.569620253164557,0.6870229007633588,0.6228373702422145,0.1866251016216363
mmgkzukxb91bym,generalized_matching_law,Ph 2,0.6730769230769231,0.6666666666666666,1.0,0.8,0.19245008972987523
mmgkzukxb91bym,generalized_matching_law,Ph 3,0.6577946768060836,0.6714285714285714,0.41228070175438597,0.5108695652173914,0.2892011521358582
mmgkzukxb91bym,generalized_matching_law,Ph 4,0.6339622641509434,0.6643356643356644,0.6597222222222222,0.662020905923345,0.26286211139316945
mmgkzukxb91bym,melioration,Full,0.7324478178368121,0.7742574257425743,0.6994633273703041,0.7349624060150376,0.4687031742269327
mmgkzukxb91bym,melioration,Ph 1,0.7631578947368421,0.788135593220339,0.7099236641221374,0.7469879518072289,0.5280482197538285
mmgkzukxb91bym,melioration,Ph 2,0.8346153846153846,0.8009478672985783,0.9941176470588236,0.8871391076115486,0.6416357472330803
mmgkzukxb91bym,melioration,Ph 3,0.7186311787072244,0.8448275862068966,0.4298245614035088,0.5697674418604651,0.4415473096682957
mmgkzukxb91bym,melioration,Ph 4,0.6150943396226415,0.6779661016949152,0.5555555555555556,0.6106870229007634,0.24204835135596367
mmgkzukxb91bym,kinetic,Full,0.6404174573055028,0.6973684210526315,0.5688729874776386,0.6266009852216748,0.29221393680479313
mmgkzukxb91bym,kinetic,Ph 1,0.7030075187969925,0.8023255813953488,0.5267175572519084,0.6359447004608295,0.4283864234916281
mmgkzukxb91bym,kinetic,Ph 2,0.6884615384615385,0.678714859437751,0.9941176470588236,0.8066825775656324,0.24870478698126208
mmgkzukxb91bym,kinetic,Ph 3,0.623574144486692,0.7142857142857143,0.21929824561403508,0.33557046979865773,0.22203096264762806
mmgkzukxb91bym,kinetic,Ph 4,0.5471698113207547,0.6395348837209303,0.3819444444444444,0.4782608695652174,0.13378046625807116
mmgkzukxb91bym,behavioral_momentum,Full,0.6385199240986718,0.7069767441860465,0.5438282647584973,0.6147623862487361,0.2937680824964719
mmgkzukxb91bym,behavioral_momentum,Ph 1,0.7142857142857143,0.8873239436619719,0.48091603053435117,0.6237623762376238,0.4765573048621805
mmgkzukxb91bym,behavioral_momentum,Ph 2,0.6615384615384615,0.66015625,0.9941176470588236,0.7934272300469484,0.10610933595339568
mmgkzukxb91bym,behavioral_momentum,Ph 3,0.5817490494296578,0.5833333333333334,0.12280701754385964,0.2028985507246377,0.09583872009957756
mmgkzukxb91bym,behavioral_momentum,Ph 4,0.5962264150943396,0.7341772151898734,0.4027777777777778,0.5201793721973094,0.249611224960617
mmgkzukxb91bym,hill_climbing,Full,0.7647058823529411,0.8055009823182712,0.7334525939177102,0.7677902621722846,0.5327791152815021
mmgkzukxb91bym,hill_climbing,Ph 1,0.8421052631578947,0.8803418803418803,0.7862595419847328,0.8306451612903226,0.6874714273726668
mmgkzukxb91bym,hill_climbing,Ph 2,0.8923076923076924,0.8817204301075269,0.9647058823529412,0.9213483146067416,0.7593876801581064
mmgkzukxb91bym,hill_climbing,Ph 3,0.7984790874524715,0.8588235294117647,0.6403508771929824,0.7336683417085427,0.5931572233376617
mmgkzukxb91bym,hill_climbing,Ph 4,0.5283018867924528,0.5785123966942148,0.4861111111111111,0.5283018867924528,0.06462350780532598
mmgkzukxb91bym,q_learning,Full,0.7324478178368121,0.7742574257425743,0.6994633273703041,0.7349624060150376,0.4687031742269327
mmgkzukxb91bym,q_learning,Ph 1,0.7631578947368421,0.788135593220339,0.7099236641221374,0.7469879518072289,0.5280482197538285
mmgkzukxb91bym,q_learning,Ph 2,0.8346153846153846,0.8009478672985783,0.9941176470588236,0.8871391076115486,0.6416357472330803
mmgkzukxb91bym,q_learning,Ph 3,0.7186311787072244,0.8448275862068966,0.4298245614035088,0.5697674418604651,0.4415473096682957
mmgkzukxb91bym,q_learning,Ph 4,0.6150943396226415,0.6779661016949152,0.5555555555555556,0.6106870229007634,0.24204835135596367
mmgkzukxb91bym,q_dual_alpha,Full,0.7371916508538899,0.7764705882352941,0.7084078711985689,0.7408793264733395,0.4774711180984705
mmgkzukxb91bym,q_dual_alpha,Ph 1,0.7744360902255639,0.7933884297520661,0.732824427480916,0.7619047619047619,0.5498198394860936
mmgkzukxb91bym,q_dual_alpha,Ph 2,0.8346153846153846,0.8009478672985783,0.9941176470588236,0.8871391076115486,0.6416357472330803
mmgkzukxb91bym,q_dual_alpha,Ph 3,0.7262357414448669,0.85,0.4473684210526316,0.5862068965517241,0.45697709050140933
mmgkzukxb91bym,q_dual_alpha,Ph 4,0.6150943396226415,0.6779661016949152,0.5555555555555556,0.6106870229007634,0.24204835135596367
mmgkzukxb91bym,q_forgetting,Full,0.7087286527514232,0.75,0.6762075134168157,0.7111947318908749,0.4212854066667871
mmgkzukxb91bym,q_forgetting,Ph 1,0.7481203007518797,0.7758620689655172,0.6870229007633588,0.728744939271255,0.49846307548632546
mmgkzukxb91bym,q_forgetting,Ph 2,0.8269230769230769,0.7962085308056872,0.9882352941176471,0.8818897637795275,0.6209634678922376
mmgkzukxb91bym,q_forgetting,Ph 3,0.7110266159695817,0.8166666666666667,0.4298245614035088,0.5632183908045977,0.4204077995225958
mmgkzukxb91bym,q_forgetting,Ph 4,0.5509433962264151,0.6068376068376068,0.4930555555555556,0.5440613026819924,0.11324176771966125
mmgkzukxb91bym,hmm_2state,Full,0.9876660341555977,0.9772727272727273,1.0,0.9885057471264368,0.9755034489327581
mmgkzukxb91bym,hmm_2state,Ph 1,0.9849624060150376,0.9703703703703703,1.0,0.9849624060150376,0.9703703703703703
mmgkzukxb91bym,hmm_2state,Ph 2,1.0,1.0,1.0,1.0,1.0
mmgkzukxb91bym,hmm_2state,Ph 3,0.9809885931558935,0.957983193277311,1.0,0.9785407725321889,0.9622037758471864
mmgkzukxb91bym,hmm_2state,Ph 4,0.9849056603773585,0.972972972972973,1.0,0.9863013698630136,0.9699528736862496
mmgkzukxb91bym,hmm_3state,Full,0.9876660341555977,0.9772727272727273,1.0,0.9885057471264368,0.9755034489327581
mmgkzukxb91bym,hmm_3state,Ph 1,0.9849624060150376,0.9703703703703703,1.0,0.9849624060150376,0.9703703703703703
mmgkzukxb91bym,hmm_3state,Ph 2,1.0,1.0,1.0,1.0,1.0
mmgkzukxb91bym,hmm_3state,Ph 3,0.9809885931558935,0.957983193277311,1.0,0.9785407725321889,0.9622037758471864
mmgkzukxb91bym,hmm_3state,Ph 4,0.9849056603773585,0.972972972972973,1.0,0.9863013698630136,0.9699528736862496
mmgkzukxb91bym,hmm_4state,Full,0.9876660341555977,0.9772727272727273,1.0,0.9885057471264368,0.9755034489327581
mmgkzukxb91bym,hmm_4state,Ph 1,0.9849624060150376,0.9703703703703703,1.0,0.9849624060150376,0.9703703703703703
mmgkzukxb91bym,hmm_4state,Ph 2,1.0,1.0,1.0,1.0,1.0
mmgkzukxb91bym,hmm_4state,Ph 3,0.9809885931558935,0.957983193277311,1.0,0.9785407725321889,0.9622037758471864
mmgkzukxb91bym,hmm_4state,Ph 4,0.9849056603773585,0.972972972972973,1.0,0.9863013698630136,0.9699528736862496
mmglwqjl2idcz3,random,Full,0.5385934819897084,0.5385934819897084,1.0,0.7001114827201784,0.0
mmglwqjl2idcz3,random,Ph 1,0.728,0.728,1.0,0.8425925925925926,0.0
mmglwqjl2idcz3,random,Ph 2,0.9207317073170732,0.9207317073170732,1.0,0.9587301587301588,0.0
mmglwqjl2idcz3,random,Ph 3,0.0755813953488372,0.0755813953488372,1.0,0.14054054054054055,0.0
mmglwqjl2idcz3,random,Ph 4,0.48360655737704916,0.48360655737704916,1.0,0.6519337016574586,0.0
mmglwqjl2idcz3,bias,Full,0.4614065180102916,0.0,0.0,0.0,0.0
mmglwqjl2idcz3,bias,Ph 1,0.272,0.0,0.0,0.0,0.0
mmglwqjl2idcz3,bias,Ph 2,0.07926829268292683,0.0,0.0,0.0,0.0
mmglwqjl2idcz3,bias,Ph 3,0.9244186046511628,0.0,0.0,0.0,0.0
mmglwqjl2idcz3,bias,Ph 4,0.5163934426229508,0.0,0.0,0.0,0.0
mmglwqjl2idcz3,wsls,Full,0.46826758147512865,0.5555555555555556,0.06369426751592357,0.11428571428571428,0.00872899250080465
mmglwqjl2idcz3,wsls,Ph 1,0.336,0.8333333333333334,0.10989010989010989,0.1941747572815534,0.07713777141226114
mmglwqjl2idcz3,wsls,Ph 2,0.0975609756097561,1.0,0.019867549668874173,0.03896103896103896,0.04005261645716012
mmglwqjl2idcz3,wsls,Ph 3,0.9302325581395349,0.6,0.23076923076923078,0.3333333333333333,0.34329151227156923
mmglwqjl2idcz3,wsls,Ph 4,0.45081967213114754,0.25,0.06779661016949153,0.10666666666666667,-0.18161664058963672
mmglwqjl2idcz3,generalized_matching_law,Full,0.8181818181818182,0.8687943262411347,0.7802547770700637,0.8221476510067114,0.6411314428587271
mmglwqjl2idcz3,generalized_matching_law,Ph 1,0.56,0.9736842105263158,0.4065934065934066,0.5736434108527132,0.36488774433480403
mmglwqjl2idcz3,generalized_matching_law,Ph 2,0.9817073170731707,0.9805194805194806,1.0,0.9901639344262295,0.8684732317381775
mmglwqjl2idcz3,generalized_matching_law,Ph 3,0.9767441860465116,0.8,0.9230769230769231,0.8571428571428571,0.847117409722236
mmglwqjl2idcz3,generalized_matching_law,Ph 4,0.639344262295082,0.6,0.7627118644067796,0.6716417910447762,0.29422106729433795
mmglwqjl2idcz3,melioration,Full,0.8782161234991424,0.8957654723127035,0.8757961783439491,0.8856682769726248,0.7556481636917384
mmglwqjl2idcz3,melioration,Ph 1,0.904,0.9340659340659341,0.9340659340659341,0.9340659340659341,0.7575953458306399
mmglwqjl2idcz3,melioration,Ph 2,0.8963414634146342,0.9407894736842105,0.9470198675496688,0.9438943894389439,0.26423931664094796
mmglwqjl2idcz3,melioration,Ph 3,0.9825581395348837,1.0,0.7692307692307693,0.8695652173913043,0.8688991627258914
mmglwqjl2idcz3,melioration,Ph 4,0.680327868852459,0.6851851851851852,0.6271186440677966,0.6548672566371682,0.3594599075022589
mmglwqjl2idcz3,kinetic,Full,0.7615780445969125,0.8404669260700389,0.6878980891719745,0.7565674255691769,0.5376631374938855
mmglwqjl2idcz3,kinetic,Ph 1,0.456,0.9259259259259259,0.27472527472527475,0.423728813559322,0.2334647879378979
mmglwqjl2idcz3,kinetic,Ph 2,0.9024390243902439,0.972027972027972,0.9205298013245033,0.9455782312925171,0.49548191956306187
mmglwqjl2idcz3,kinetic,Ph 3,0.9593023255813954,0.6875,0.8461538461538461,0.7586206896551724,0.7413948387486934
mmglwqjl2idcz3,kinetic,Ph 4,0.6065573770491803,0.5774647887323944,0.6949152542372882,0.6307692307692307,0.2216052284090608
mmglwqjl2idcz3,behavioral_momentum,Full,0.8490566037735849,0.8598726114649682,0.8598726114649682,0.8598726114649682,0.6963038382307674
mmglwqjl2idcz3,behavioral_momentum,Ph 1,0.936,0.9368421052631579,0.978021978021978,0.956989247311828,0.8351588664231823
mmglwqjl2idcz3,behavioral_momentum,Ph 2,0.8658536585365854,0.9161290322580645,0.9403973509933775,0.9281045751633987,-0.07070312476947777
mmglwqjl2idcz3,behavioral_momentum,Ph 3,0.9767441860465116,1.0,0.6923076923076923,0.8181818181818182,0.8217776746080357
mmglwqjl2idcz3,behavioral_momentum,Ph 4,0.5573770491803278,0.5454545454545454,0.5084745762711864,0.5263157894736842,0.11213290412384011
mmglwqjl2idcz3,hill_climbing,Full,0.9039451114922813,0.9134615384615384,0.9076433121019108,0.9105431309904153,0.8068609121725169
mmglwqjl2idcz3,hill_climbing,Ph 1,0.92,0.9550561797752809,0.9340659340659341,0.9444444444444444,0.802281795596187
mmglwqjl2idcz3,hill_climbing,Ph 2,0.9573170731707317,0.98,0.9735099337748344,0.9767441860465116,0.7181046299219349
mmglwqjl2idcz3,hill_climbing,Ph 3,0.9825581395348837,0.8125,1.0,0.896551724137931,0.8928436656664787
mmglwqjl2idcz3,hill_climbing,Ph 4,0.7049180327868853,0.7017543859649122,0.6779661016949152,0.6896551724137931,0.40878522845362697
mmglwqjl2idcz3,q_learning,Full,0.8782161234991424,0.8957654723127035,0.8757961783439491,0.8856682769726248,0.7556481636917384
mmglwqjl2idcz3,q_learning,Ph 1,0.904,0.9340659340659341,0.9340659340659341,0.9340659340659341,0.7575953458306399
mmglwqjl2idcz3,q_learning,Ph 2,0.8963414634146342,0.9407894736842105,0.9470198675496688,0.9438943894389439,0.26423931664094796
mmglwqjl2idcz3,q_learning,Ph 3,0.9825581395348837,1.0,0.7692307692307693,0.8695652173913043,0.8688991627258914
mmglwqjl2idcz3,q_learning,Ph 4,0.680327868852459,0.6851851851851852,0.6271186440677966,0.6548672566371682,0.3594599075022589
mmglwqjl2idcz3,q_dual_alpha,Full,0.8765008576329331,0.8954248366013072,0.8726114649681529,0.8838709677419355,0.7523352799592863
mmglwqjl2idcz3,q_dual_alpha,Ph 1,0.904,0.9340659340659341,0.9340659340659341,0.9340659340659341,0.7575953458306399
mmglwqjl2idcz3,q_dual_alpha,Ph 2,0.8963414634146342,0.9407894736842105,0.9470198675496688,0.9438943894389439,0.26423931664094796
mmglwqjl2idcz3,q_dual_alpha,Ph 3,0.9825581395348837,1.0,0.7692307692307693,0.8695652173913043,0.8688991627258914
mmglwqjl2idcz3,q_dual_alpha,Ph 4,0.6721311475409836,0.6792452830188679,0.6101694915254238,0.6428571428571429,0.34310872722181884
mmglwqjl2idcz3,q_forgetting,Full,0.9056603773584906,0.9137380191693291,0.910828025477707,0.9122807017543859,0.8102452693967824
mmglwqjl2idcz3,q_forgetting,Ph 1,0.896,0.9333333333333333,0.9230769230769231,0.9281767955801105,0.7399400733959437
mmglwqjl2idcz3,q_forgetting,Ph 2,0.9451219512195121,0.9671052631578947,0.9735099337748344,0.9702970297029703,0.6109213000738717
mmglwqjl2idcz3,q_forgetting,Ph 3,0.9941860465116279,1.0,0.9230769230769231,0.96,0.9577618139744831
mmglwqjl2idcz3,q_forgetting,Ph 4,0.7377049180327869,0.7288135593220338,0.7288135593220338,0.7288135593220338,0.47484530535377995
mmglwqjl2idcz3,hmm_2state,Full,1.0,1.0,1.0,1.0,1.0
mmglwqjl2idcz3,hmm_2state,Ph 1,1.0,1.0,1.0,1.0,1.0
mmglwqjl2idcz3,hmm_2state,Ph 2,1.0,1.0,1.0,1.0,1.0
mmglwqjl2idcz3,hmm_2state,Ph 3,1.0,1.0,1.0,1.0,1.0
mmglwqjl2idcz3,hmm_2state,Ph 4,1.0,1.0,1.0,1.0,1.0
mmglwqjl2idcz3,hmm_3state,Full,1.0,1.0,1.0,1.0,1.0
mmglwqjl2idcz3,hmm_3state,Ph 1,1.0,1.0,1.0,1.0,1.0
mmglwqjl2idcz3,hmm_3state,Ph 2,1.0,1.0,1.0,1.0,1.0
mmglwqjl2idcz3,hmm_3state,Ph 3,1.0,1.0,1.0,1.0,1.0
mmglwqjl2idcz3,hmm_3state,Ph 4,1.0,1.0,1.0,1.0,1.0
mmglwqjl2idcz3,hmm_4state,Full,1.0,1.0,1.0,1.0,1.0
mmglwqjl2idcz3,hmm_4state,Ph 1,1.0,1.0,1.0,1.0,1.0
mmglwqjl2idcz3,hmm_4state,Ph 2,1.0,1.0,1.0,1.0,1.0
mmglwqjl2idcz3,hmm_4state,Ph 3,1.0,1.0,1.0,1.0,1.0
mmglwqjl2idcz3,hmm_4state,Ph 4,1.0,1.0,1.0,1.0,1.0
mmgnnwif7rgnag,random,Full,0.5,0.5,1.0,0.6666666666666666,0.0
mmgnnwif7rgnag,random,Ph 1,0.4954545454545455,0.4954545454545455,1.0,0.662613981762918,0.0
mmgnnwif7rgnag,random,Ph 2,0.691304347826087,0.691304347826087,1.0,0.8174807197943444,0.0
mmgnnwif7rgnag,random,Ph 3,0.3053097345132743,0.3053097345132743,1.0,0.46779661016949153,0.0
mmgnnwif7rgnag,random,Ph 4,0.5073529411764706,0.5073529411764706,1.0,0.6731707317073171,0.0
mmgnnwif7rgnag,bias,Full,0.5,0.0,0.0,0.0,0.0
mmgnnwif7rgnag,bias,Ph 1,0.5045454545454545,0.0,0.0,0.0,0.0
mmgnnwif7rgnag,bias,Ph 2,0.30869565217391304,0.0,0.0,0.0,0.0
mmgnnwif7rgnag,bias,Ph 3,0.6946902654867256,0.0,0.0,0.0,0.0
mmgnnwif7rgnag,bias,Ph 4,0.49264705882352944,0.0,0.0,0.0,0.0
mmgnnwif7rgnag,wsls,Full,0.4963054187192118,0.48739495798319327,0.14285714285714285,0.22095238095238096,-0.010446748916101867
mmgnnwif7rgnag,wsls,Ph 1,0.5045454545454545,0.5,0.05504587155963303,0.09917355371900827,0.002183655969287883
mmgnnwif7rgnag,wsls,Ph 2,0.36086956521739133,0.7,0.1320754716981132,0.2222222222222222,0.007290341773765834
mmgnnwif7rgnag,wsls,Ph 3,0.6637168141592921,0.3939393939393939,0.18840579710144928,0.2549019607843137,0.07957771478779338
mmgnnwif7rgnag,wsls,Ph 4,0.4338235294117647,0.4090909090909091,0.2608695652173913,0.3185840707964602,-0.1359236810406297
mmgnnwif7rgnag,generalized_matching_law,Full,0.6317733990147784,0.6207674943566591,0.6773399014778325,0.6478209658421673,0.26464807020496395
mmgnnwif7rgnag,generalized_matching_law,Ph 1,0.5545454545454546,0.5317919075144508,0.8440366972477065,0.6524822695035462,0.1394361751519711
mmgnnwif7rgnag,generalized_matching_law,Ph 2,0.6434782608695652,0.7421383647798742,0.7421383647798742,0.7421383647798742,0.16467357604747984
mmgnnwif7rgnag,generalized_matching_law,Ph 3,0.7477876106194691,0.6578947368421053,0.36231884057971014,0.4672897196261682,0.3441999289265232
mmgnnwif7rgnag,generalized_matching_law,Ph 4,0.5441176470588235,0.547945205479452,0.5797101449275363,0.5633802816901409,0.08739999235278488
mmgnnwif7rgnag,melioration,Full,0.7130541871921182,0.7306666666666667,0.6748768472906403,0.7016645326504481,0.42735594590502823
mmgnnwif7rgnag,melioration,Ph 1,0.6409090909090909,0.6293103448275862,0.6697247706422018,0.6488888888888888,0.2827466443428447
mmgnnwif7rgnag,melioration,Ph 2,0.7478260869565218,0.8258064516129032,0.8050314465408805,0.8152866242038217,0.4185664302244153
mmgnnwif7rgnag,melioration,Ph 3,0.8141592920353983,0.8,0.5217391304347826,0.631578947368421,0.5355923946226833
mmgnnwif7rgnag,melioration,Ph 4,0.6029411764705882,0.6271186440677966,0.5362318840579711,0.578125,0.20969596439813676
mmgnnwif7rgnag,kinetic,Full,0.6157635467980296,0.6223958333333334,0.5886699507389163,0.6050632911392405,0.23186775490188338
mmgnnwif7rgnag,kinetic,Ph 1,0.5590909090909091,0.5454545454545454,0.6605504587155964,0.5975103734439834,0.1224795483820951
mmgnnwif7rgnag,kinetic,Ph 2,0.6347826086956522,0.7450980392156863,0.7169811320754716,0.7307692307692307,0.1641465651955494
mmgnnwif7rgnag,kinetic,Ph 3,0.6991150442477876,0.5135135135135135,0.2753623188405797,0.3584905660377358,0.2000288487559412
mmgnnwif7rgnag,kinetic,Ph 4,0.5367647058823529,0.5483870967741935,0.4927536231884058,0.5190839694656488,0.07512810723919655
mmgnnwif7rgnag,behavioral_momentum,Full,0.6527093596059114,0.6666666666666666,0.6108374384236454,0.6375321336760925,0.3064953408118857
mmgnnwif7rgnag,behavioral_momentum,Ph 1,0.6181818181818182,0.6016260162601627,0.6788990825688074,0.6379310344827587,0.23912361343588312
mmgnnwif7rgnag,behavioral_momentum,Ph 2,0.6826086956521739,0.7336956521739131,0.8490566037735849,0.7871720116618076,0.18352991980670957
mmgnnwif7rgnag,behavioral_momentum,Ph 3,0.7123893805309734,0.7,0.10144927536231885,0.17721518987341772,0.18440114238509828
mmgnnwif7rgnag,behavioral_momentum,Ph 4,0.5588235294117647,0.5818181818181818,0.463768115942029,0.5161290322580645,0.12273527337384528
mmgnnwif7rgnag,hill_climbing,Full,0.7364532019704434,0.7307692307692307,0.7487684729064039,0.7396593673965937,0.47304991679126607
mmgnnwif7rgnag,hill_climbing,Ph 1,0.6772727272727272,0.6696428571428571,0.6880733944954128,0.6787330316742082,0.35478404901780836
mmgnnwif7rgnag,hill_climbing,Ph 2,0.7739130434782608,0.8165680473372781,0.8679245283018868,0.8414634146341463,0.4513399414350768
mmgnnwif7rgnag,hill_climbing,Ph 3,0.8053097345132744,0.6923076923076923,0.6521739130434783,0.6716417910447762,0.5339326528530691
mmgnnwif7rgnag,hill_climbing,Ph 4,0.6544117647058824,0.6571428571428571,0.6666666666666666,0.6618705035971223,0.3085578437977829
mmgnnwif7rgnag,q_learning,Full,0.7130541871921182,0.7306666666666667,0.6748768472906403,0.7016645326504481,0.42735594590502823
mmgnnwif7rgnag,q_learning,Ph 1,0.6409090909090909,0.6293103448275862,0.6697247706422018,0.6488888888888888,0.2827466443428447
mmgnnwif7rgnag,q_learning,Ph 2,0.7478260869565218,0.8258064516129032,0.8050314465408805,0.8152866242038217,0.4185664302244153
mmgnnwif7rgnag,q_learning,Ph 3,0.8141592920353983,0.8,0.5217391304347826,0.631578947368421,0.5355923946226833
mmgnnwif7rgnag,q_learning,Ph 4,0.6029411764705882,0.6271186440677966,0.5362318840579711,0.578125,0.20969596439813676
mmgnnwif7rgnag,q_dual_alpha,Full,0.7130541871921182,0.7306666666666667,0.6748768472906403,0.7016645326504481,0.42735594590502823
mmgnnwif7rgnag,q_dual_alpha,Ph 1,0.6409090909090909,0.6293103448275862,0.6697247706422018,0.6488888888888888,0.2827466443428447
mmgnnwif7rgnag,q_dual_alpha,Ph 2,0.7478260869565218,0.8258064516129032,0.8050314465408805,0.8152866242038217,0.4185664302244153
mmgnnwif7rgnag,q_dual_alpha,Ph 3,0.8141592920353983,0.8,0.5217391304347826,0.631578947368421,0.5355923946226833
mmgnnwif7rgnag,q_dual_alpha,Ph 4,0.6029411764705882,0.6271186440677966,0.5362318840579711,0.578125,0.20969596439813676
mmgnnwif7rgnag,q_forgetting,Full,0.7352216748768473,0.7369727047146402,0.7315270935960592,0.7342398022249691,0.47045619331801514
mmgnnwif7rgnag,q_forgetting,Ph 1,0.6590909090909091,0.6416666666666667,0.7064220183486238,0.6724890829694323,0.3203479456661632
mmgnnwif7rgnag,q_forgetting,Ph 2,0.7695652173913043,0.8271604938271605,0.8427672955974843,0.8348909657320872,0.4539232633296024
mmgnnwif7rgnag,q_forgetting,Ph 3,0.8185840707964602,0.7692307692307693,0.5797101449275363,0.6611570247933884,0.5506874506038015
mmgnnwif7rgnag,q_forgetting,Ph 4,0.6617647058823529,0.6666666666666666,0.6666666666666666,0.6666666666666666,0.32338308457711445
mmgnnwif7rgnag,hmm_2state,Full,0.645320197044335,1.0,0.29064039408866993,0.45038167938931295,0.41234550857721736
mmgnnwif7rgnag,hmm_2state,Ph 1,0.5545454545454546,1.0,0.10091743119266056,0.18333333333333332,0.23151089821490967
mmgnnwif7rgnag,hmm_2state,Ph 2,0.4391304347826087,1.0,0.18867924528301888,0.31746031746031744,0.2588071329686871
mmgnnwif7rgnag,hmm_2state,Ph 3,0.8407079646017699,1.0,0.4782608695652174,0.6470588235294118,0.6237400004773941
mmgnnwif7rgnag,hmm_2state,Ph 4,0.8161764705882353,1.0,0.6376811594202898,0.7787610619469026,0.6814677069860143
mmgnnwif7rgnag,hmm_3state,Full,0.645320197044335,1.0,0.29064039408866993,0.45038167938931295,0.41234550857721736
mmgnnwif7rgnag,hmm_3state,Ph 1,0.5545454545454546,1.0,0.10091743119266056,0.18333333333333332,0.23151089821490967
mmgnnwif7rgnag,hmm_3state,Ph 2,0.4391304347826087,1.0,0.18867924528301888,0.31746031746031744,0.2588071329686871
mmgnnwif7rgnag,hmm_3state,Ph 3,0.8407079646017699,1.0,0.4782608695652174,0.6470588235294118,0.6237400004773941
mmgnnwif7rgnag,hmm_3state,Ph 4,0.8161764705882353,1.0,0.6376811594202898,0.7787610619469026,0.6814677069860143
mmgnnwif7rgnag,hmm_4state,Full,0.645320197044335,1.0,0.29064039408866993,0.45038167938931295,0.41234550857721736
mmgnnwif7rgnag,hmm_4state,Ph 1,0.5545454545454546,1.0,0.10091743119266056,0.18333333333333332,0.23151089821490967
mmgnnwif7rgnag,hmm_4state,Ph 2,0.4391304347826087,1.0,0.18867924528301888,0.31746031746031744,0.2588071329686871
mmgnnwif7rgnag,hmm_4state,Ph 3,0.8407079646017699,1.0,0.4782608695652174,0.6470588235294118,0.6237400004773941
mmgnnwif7rgnag,hmm_4state,Ph 4,0.8161764705882353,1.0,0.6376811594202898,0.7787610619469026,0.6814677069860143
mmgp4bc84vs4qt,random,Full,0.4832881662149955,0.4832881662149955,1.0,0.6516443361753959,0.0
mmgp4bc84vs4qt,random,Ph 1,0.458955223880597,0.458955223880597,1.0,0.629156010230179,0.0
mmgp4bc84vs4qt,random,Ph 2,0.6313725490196078,0.6313725490196078,1.0,0.7740384615384616,0.0
mmgp4bc84vs4qt,random,Ph 3,0.3706293706293706,0.3706293706293706,1.0,0.5408163265306123,0.0
mmgp4bc84vs4qt,random,Ph 4,0.4865771812080537,0.4865771812080537,1.0,0.654627539503386,0.0
mmgp4bc84vs4qt,bias,Full,0.5167118337850045,0.0,0.0,0.0,0.0
mmgp4bc84vs4qt,bias,Ph 1,0.5410447761194029,0.0,0.0,0.0,0.0
mmgp4bc84vs4qt,bias,Ph 2,0.3686274509803922,0.0,0.0,0.0,0.0
mmgp4bc84vs4qt,bias,Ph 3,0.6293706293706294,0.0,0.0,0.0,0.0
mmgp4bc84vs4qt,bias,Ph 4,0.5134228187919463,0.0,0.0,0.0,0.0
mmgp4bc84vs4qt,wsls,Full,0.6395663956639567,0.7125,0.4261682242990654,0.5333333333333333,0.29248080821856487
mmgp4bc84vs4qt,wsls,Ph 1,0.4664179104477612,0.34375,0.17886178861788618,0.23529411764705882,-0.12949270788573966
mmgp4bc84vs4qt,wsls,Ph 2,0.4666666666666667,0.7659574468085106,0.2236024844720497,0.34615384615384615,0.13261019269373078
mmgp4bc84vs4qt,wsls,Ph 3,0.8181818181818182,0.8292682926829268,0.6415094339622641,0.723404255319149,0.6020597562856279
mmgp4bc84vs4qt,wsls,Ph 4,0.7718120805369127,0.8031496062992126,0.7034482758620689,0.75,0.5458375839688953
mmgp4bc84vs4qt,generalized_matching_law,Full,0.6097560975609756,0.614190687361419,0.5177570093457944,0.5618661257606491,0.21719862808562782
mmgp4bc84vs4qt,generalized_matching_law,Ph 1,0.6082089552238806,0.6216216216216216,0.37398373983739835,0.467005076142132,0.20160954123604488
mmgp4bc84vs4qt,generalized_matching_law,Ph 2,0.6392156862745098,0.648068669527897,0.937888198757764,0.766497461928934,0.1126277754801469
mmgp4bc84vs4qt,generalized_matching_law,Ph 3,0.6713286713286714,0.625,0.2830188679245283,0.38961038961038963,0.2365244017250317
mmgp4bc84vs4qt,generalized_matching_law,Ph 4,0.5268456375838926,0.5208333333333334,0.3448275862068966,0.4149377593360996,0.047248177147455155
mmgp4bc84vs4qt,melioration,Full,0.6775067750677507,0.6583629893238434,0.6915887850467289,0.6745670009115771,0.35576753797646526
mmgp4bc84vs4qt,melioration,Ph 1,0.6119402985074627,0.5855855855855856,0.5284552845528455,0.5555555555555556,0.21367206527848998
mmgp4bc84vs4qt,melioration,Ph 2,0.6901960784313725,0.6915887850467289,0.9192546583850931,0.7893333333333333,0.2851621492132822
mmgp4bc84vs4qt,melioration,Ph 3,0.8006993006993007,0.7752808988764045,0.6509433962264151,0.7076923076923077,0.5631445988373319
mmgp4bc84vs4qt,melioration,Ph 4,0.6073825503355704,0.5945945945945946,0.6068965517241379,0.6006825938566553,0.21466712952808215
mmgp4bc84vs4qt,kinetic,Full,0.6016260162601627,0.5785953177257525,0.6467289719626168,0.6107678729037952,0.20672352700544275
mmgp4bc84vs4qt,kinetic,Ph 1,0.6119402985074627,0.5725190839694656,0.6097560975609756,0.5905511811023622,0.22285056906152645
mmgp4bc84vs4qt,kinetic,Ph 2,0.6627450980392157,0.6637554585152838,0.9440993788819876,0.7794871794871795,0.19920959331953653
mmgp4bc84vs4qt,kinetic,Ph 3,0.6468531468531469,0.5294117647058824,0.42452830188679247,0.4712041884816754,0.21379159527547523
mmgp4bc84vs4qt,kinetic,Ph 4,0.4966442953020134,0.48366013071895425,0.5103448275862069,0.4966442953020134,-0.005995041694838855
mmgp4bc84vs4qt,behavioral_momentum,Full,0.6332429990966576,0.6121739130434782,0.6579439252336449,0.6342342342342342,0.2681363628496501
mmgp4bc84vs4qt,behavioral_momentum,Ph 1,0.6268656716417911,0.592,0.6016260162601627,0.5967741935483871,0.24962211123517533
mmgp4bc84vs4qt,behavioral_momentum,Ph 2,0.6352941176470588,0.6370967741935484,0.9813664596273292,0.7726161369193154,0.07062473728282812
mmgp4bc84vs4qt,behavioral_momentum,Ph 3,0.7027972027972028,0.7058823529411765,0.33962264150943394,0.4585987261146497,0.3233706910598991
mmgp4bc84vs4qt,behavioral_momentum,Ph 4,0.5704697986577181,0.5562913907284768,0.5793103448275863,0.5675675675675675,0.1413636210475256
mmgp4bc84vs4qt,hill_climbing,Full,0.6233062330623306,0.6024305555555556,0.6485981308411215,0.6246624662466247,0.24831502699492147
mmgp4bc84vs4qt,hill_climbing,Ph 1,0.5634328358208955,0.5238095238095238,0.5365853658536586,0.5301204819277109,0.12259651172625685
mmgp4bc84vs4qt,hill_climbing,Ph 2,0.6784313725490196,0.7068062827225131,0.8385093167701864,0.7670454545454546,0.27011930058464123
mmgp4bc84vs4qt,hill_climbing,Ph 3,0.7517482517482518,0.6576576576576577,0.6886792452830188,0.6728110599078341,0.47330818204468694
mmgp4bc84vs4qt,hill_climbing,Ph 4,0.5067114093959731,0.49324324324324326,0.503448275862069,0.49829351535836175,0.013247719580448394
mmgp4bc84vs4qt,q_learning,Full,0.6775067750677507,0.6583629893238434,0.6915887850467289,0.6745670009115771,0.35576753797646526
mmgp4bc84vs4qt,q_learning,Ph 1,0.6119402985074627,0.5855855855855856,0.5284552845528455,0.5555555555555556,0.21367206527848998
mmgp4bc84vs4qt,q_learning,Ph 2,0.6901960784313725,0.6915887850467289,0.9192546583850931,0.7893333333333333,0.2851621492132822
mmgp4bc84vs4qt,q_learning,Ph 3,0.8006993006993007,0.7752808988764045,0.6509433962264151,0.7076923076923077,0.5631445988373319
mmgp4bc84vs4qt,q_learning,Ph 4,0.6073825503355704,0.5945945945945946,0.6068965517241379,0.6006825938566553,0.21466712952808215
mmgp4bc84vs4qt,q_dual_alpha,Full,0.6784101174345076,0.6595365418894831,0.6915887850467289,0.6751824817518248,0.35750568141519645
mmgp4bc84vs4qt,q_dual_alpha,Ph 1,0.6156716417910447,0.5909090909090909,0.5284552845528455,0.5579399141630901,0.22094702508552608
mmgp4bc84vs4qt,q_dual_alpha,Ph 2,0.6901960784313725,0.6915887850467289,0.9192546583850931,0.7893333333333333,0.2851621492132822
mmgp4bc84vs4qt,q_dual_alpha,Ph 3,0.8006993006993007,0.7752808988764045,0.6509433962264151,0.7076923076923077,0.5631445988373319
mmgp4bc84vs4qt,q_dual_alpha,Ph 4,0.6073825503355704,0.5945945945945946,0.6068965517241379,0.6006825938566553,0.21466712952808215
mmgp4bc84vs4qt,q_forgetting,Full,0.6531165311653117,0.6355475763016158,0.6616822429906543,0.6483516483516484,0.30662185813127035
mmgp4bc84vs4qt,q_forgetting,Ph 1,0.6156716417910447,0.5892857142857143,0.5365853658536586,0.5617021276595745,0.2216108292128248
mmgp4bc84vs4qt,q_forgetting,Ph 2,0.6784313725490196,0.6854460093896714,0.906832298136646,0.7807486631016043,0.25241353250861537
mmgp4bc84vs4qt,q_forgetting,Ph 3,0.7657342657342657,0.7191011235955056,0.6037735849056604,0.6564102564102564,0.4849604457948674
mmgp4bc84vs4qt,q_forgetting,Ph 4,0.5570469798657718,0.5454545454545454,0.5379310344827586,0.5416666666666666,0.1131454455521711
mmgp4bc84vs4qt,hmm_2state,Full,0.7091237579042458,1.0,0.3981308411214953,0.56951871657754,0.5047102975727219
mmgp4bc84vs4qt,hmm_2state,Ph 1,0.7649253731343284,1.0,0.4878048780487805,0.6557377049180327,0.583143451629388
mmgp4bc84vs4qt,hmm_2state,Ph 2,0.803921568627451,1.0,0.6894409937888198,0.8161764705882353,0.6708589716433466
mmgp4bc84vs4qt,hmm_2state,Ph 3,0.7132867132867133,1.0,0.22641509433962265,0.36923076923076925,0.3944012612680354
mmgp4bc84vs4qt,hmm_2state,Ph 4,0.5738255033557047,1.0,0.12413793103448276,0.22085889570552147,0.26044675524043476
mmgp4bc84vs4qt,hmm_3state,Full,0.7091237579042458,1.0,0.3981308411214953,0.56951871657754,0.5047102975727219
mmgp4bc84vs4qt,hmm_3state,Ph 1,0.7649253731343284,1.0,0.4878048780487805,0.6557377049180327,0.583143451629388
mmgp4bc84vs4qt,hmm_3state,Ph 2,0.803921568627451,1.0,0.6894409937888198,0.8161764705882353,0.6708589716433466
mmgp4bc84vs4qt,hmm_3state,Ph 3,0.7132867132867133,1.0,0.22641509433962265,0.36923076923076925,0.3944012612680354
mmgp4bc84vs4qt,hmm_3state,Ph 4,0.5738255033557047,1.0,0.12413793103448276,0.22085889570552147,0.26044675524043476
mmgp4bc84vs4qt,hmm_4state,Full,0.7091237579042458,1.0,0.3981308411214953,0.56951871657754,0.5047102975727219
mmgp4bc84vs4qt,hmm_4state,Ph 1,0.7649253731343284,1.0,0.4878048780487805,0.6557377049180327,0.583143451629388
mmgp4bc84vs4qt,hmm_4state,Ph 2,0.803921568627451,1.0,0.6894409937888198,0.8161764705882353,0.6708589716433466
mmgp4bc84vs4qt,hmm_4state,Ph 3,0.7132867132867133,1.0,0.22641509433962265,0.36923076923076925,0.3944012612680354
mmgp4bc84vs4qt,hmm_4state,Ph 4,0.5738255033557047,1.0,0.12413793103448276,0.22085889570552147,0.26044675524043476
mmgp4tj5hwk1cr,random,Full,0.4984552008238929,0.4984552008238929,1.0,0.6652920962199312,0.0
mmgp4tj5hwk1cr,random,Ph 1,0.4864864864864865,0.4864864864864865,1.0,0.6545454545454545,0.0
mmgp4tj5hwk1cr,random,Ph 2,0.6508620689655172,0.6508620689655172,1.0,0.7885117493472585,0.0
mmgp4tj5hwk1cr,random,Ph 3,0.36470588235294116,0.36470588235294116,1.0,0.5344827586206896,0.0
mmgp4tj5hwk1cr,random,Ph 4,0.5038167938931297,0.5038167938931297,1.0,0.6700507614213198,0.0
mmgp4tj5hwk1cr,bias,Full,0.5015447991761071,0.0,0.0,0.0,0.0
mmgp4tj5hwk1cr,bias,Ph 1,0.5135135135135135,0.0,0.0,0.0,0.0
mmgp4tj5hwk1cr,bias,Ph 2,0.34913793103448276,0.0,0.0,0.0,0.0
mmgp4tj5hwk1cr,bias,Ph 3,0.6352941176470588,0.0,0.0,0.0,0.0
mmgp4tj5hwk1cr,bias,Ph 4,0.4961832061068702,0.0,0.0,0.0,0.0
mmgp4tj5hwk1cr,wsls,Full,0.6210092687950567,0.7543859649122807,0.35537190082644626,0.48314606741573035,0.28354864638398874
mmgp4tj5hwk1cr,wsls,Ph 1,0.5405405405405406,0.7142857142857143,0.09259259259259259,0.16393442622950818,0.11824240893495427
mmgp4tj5hwk1cr,wsls,Ph 2,0.4353448275862069,0.75,0.1986754966887417,0.31413612565445026,0.09492404449856962
mmgp4tj5hwk1cr,wsls,Ph 3,0.6941176470588235,0.631578947368421,0.3870967741935484,0.48,0.2974752067819423
mmgp4tj5hwk1cr,wsls,Ph 4,0.7824427480916031,0.8205128205128205,0.7272727272727273,0.7710843373493976,0.5689763224522123
mmgp4tj5hwk1cr,generalized_matching_law,Full,0.6766220391349125,0.6475694444444444,0.7706611570247934,0.7037735849056603,0.36013380723343974
mmgp4tj5hwk1cr,generalized_matching_law,Ph 1,0.5315315315315315,0.512987012987013,0.7314814814814815,0.6030534351145038,0.07979011251600379
mmgp4tj5hwk1cr,generalized_matching_law,Ph 2,0.6724137931034483,0.6777251184834123,0.9470198675496688,0.7900552486187845,0.17862567984814096
mmgp4tj5hwk1cr,generalized_matching_law,Ph 3,0.788235294117647,0.7910447761194029,0.5698924731182796,0.6625,0.5287551734030126
mmgp4tj5hwk1cr,generalized_matching_law,Ph 4,0.6946564885496184,0.6805555555555556,0.7424242424242424,0.7101449275362319,0.3904943007063022
mmgp4tj5hwk1cr,melioration,Full,0.6725025746652935,0.6653386454183267,0.6900826446280992,0.6774847870182555,0.3453112765785022
mmgp4tj5hwk1cr,melioration,Ph 1,0.509009009009009,0.4957983193277311,0.5462962962962963,0.5198237885462555,0.020025285228722316
mmgp4tj5hwk1cr,melioration,Ph 2,0.6681034482758621,0.6887755102040817,0.8940397350993378,0.7780979827089337,0.1855782146721533
mmgp4tj5hwk1cr,melioration,Ph 3,0.792156862745098,0.8333333333333334,0.5376344086021505,0.6535947712418301,0.5400416347581058
mmgp4tj5hwk1cr,melioration,Ph 4,0.6984732824427481,0.7086614173228346,0.6818181818181818,0.694980694980695,0.39737651371982863
mmgp4tj5hwk1cr,kinetic,Full,0.6601441812564367,0.64,0.7272727272727273,0.6808510638297872,0.3235685344737351
mmgp4tj5hwk1cr,kinetic,Ph 1,0.5135135135135135,0.5,0.6481481481481481,0.5645161290322581,0.03532759256130306
mmgp4tj5hwk1cr,kinetic,Ph 2,0.7068965517241379,0.7085427135678392,0.9337748344370861,0.8057142857142857,0.297136959604105
mmgp4tj5hwk1cr,kinetic,Ph 3,0.7607843137254902,0.7162162162162162,0.5698924731182796,0.6347305389221557,0.4669343978381138
mmgp4tj5hwk1cr,kinetic,Ph 4,0.6450381679389313,0.6423357664233577,0.6666666666666666,0.654275092936803,0.29003952695186225
mmgp4tj5hwk1cr,behavioral_momentum,Full,0.678681771369722,0.6673151750972762,0.7086776859504132,0.687374749498998,0.3581642598464617
mmgp4tj5hwk1cr,behavioral_momentum,Ph 1,0.5495495495495496,0.5289855072463768,0.6759259259259259,0.5934959349593496,0.10898519223996182
mmgp4tj5hwk1cr,behavioral_momentum,Ph 2,0.6508620689655172,0.6682692307692307,0.9205298013245033,0.7743732590529248,0.10750063129382617
mmgp4tj5hwk1cr,behavioral_momentum,Ph 3,0.7764705882352941,0.9285714285714286,0.41935483870967744,0.5777777777777777,0.5201775455763142
mmgp4tj5hwk1cr,behavioral_momentum,Ph 4,0.7175572519083969,0.7301587301587301,0.696969696969697,0.7131782945736435,0.4357360525742233
mmgp4tj5hwk1cr,hill_climbing,Full,0.5623069001029866,0.5598377281947262,0.5702479338842975,0.5649948822927329,0.12467700066116152
mmgp4tj5hwk1cr,hill_climbing,Ph 1,0.4864864864864865,0.4732142857142857,0.49074074074074076,0.4818181818181818,-0.02679441518387644
mmgp4tj5hwk1cr,hill_climbing,Ph 2,0.5603448275862069,0.6484848484848484,0.7086092715231788,0.6772151898734177,-0.007825841285018013
mmgp4tj5hwk1cr,hill_climbing,Ph 3,0.7215686274509804,0.6222222222222222,0.6021505376344086,0.6120218579234973,0.39511659678353633
mmgp4tj5hwk1cr,hill_climbing,Ph 4,0.4732824427480916,0.47619047619047616,0.45454545454545453,0.46511627906976744,-0.05318405780884525
mmgp4tj5hwk1cr,q_learning,Full,0.6725025746652935,0.6653386454183267,0.6900826446280992,0.6774847870182555,0.3453112765785022
mmgp4tj5hwk1cr,q_learning,Ph 1,0.509009009009009,0.4957983193277311,0.5462962962962963,0.5198237885462555,0.020025285228722316
mmgp4tj5hwk1cr,q_learning,Ph 2,0.6681034482758621,0.6887755102040817,0.8940397350993378,0.7780979827089337,0.1855782146721533
mmgp4tj5hwk1cr,q_learning,Ph 3,0.792156862745098,0.8333333333333334,0.5376344086021505,0.6535947712418301,0.5400416347581058
mmgp4tj5hwk1cr,q_learning,Ph 4,0.6984732824427481,0.7086614173228346,0.6818181818181818,0.694980694980695,0.39737651371982863
mmgp4tj5hwk1cr,q_dual_alpha,Full,0.6725025746652935,0.6646825396825397,0.6921487603305785,0.6781376518218624,0.34537535849164547
mmgp4tj5hwk1cr,q_dual_alpha,Ph 1,0.5045045045045045,0.49166666666666664,0.5462962962962963,0.5175438596491229,0.011241495063047984
mmgp4tj5hwk1cr,q_dual_alpha,Ph 2,0.6724137931034483,0.6923076923076923,0.8940397350993378,0.7803468208092486,0.19959613222093356
mmgp4tj5hwk1cr,q_dual_alpha,Ph 3,0.792156862745098,0.8333333333333334,0.5376344086021505,0.6535947712418301,0.5400416347581058
mmgp4tj5hwk1cr,q_dual_alpha,Ph 4,0.6984732824427481,0.7054263565891473,0.6893939393939394,0.6973180076628352,0.39712096197437446
mmgp4tj5hwk1cr,q_forgetting,Full,0.6477857878475798,0.6448979591836734,0.6528925619834711,0.648870636550308,0.29561432187151926
mmgp4tj5hwk1cr,q_forgetting,Ph 1,0.4954954954954955,0.48214285714285715,0.5,0.4909090909090909,-0.008769081332905016
mmgp4tj5hwk1cr,q_forgetting,Ph 2,0.6681034482758621,0.6907216494845361,0.8874172185430463,0.7768115942028986,0.18892907242722504
mmgp4tj5hwk1cr,q_forgetting,Ph 3,0.7803921568627451,0.7846153846153846,0.5483870967741935,0.6455696202531646,0.5102426756178002
mmgp4tj5hwk1cr,q_forgetting,Ph 4,0.6297709923664122,0.6470588235294118,0.5833333333333334,0.6135458167330677,0.2613476368883258
mmgp4tj5hwk1cr,hmm_2state,Full,0.7353244078269825,1.0,0.4690082644628099,0.6385372714486639,0.5540746242505835
mmgp4tj5hwk1cr,hmm_2state,Ph 1,0.5720720720720721,1.0,0.12037037037037036,0.21487603305785125,0.2562353715952691
mmgp4tj5hwk1cr,hmm_2state,Ph 2,0.521551724137931,1.0,0.26490066225165565,0.418848167539267,0.33429772192974516
mmgp4tj5hwk1cr,hmm_2state,Ph 3,0.8588235294117647,1.0,0.6129032258064516,0.76,0.7081428356340436
mmgp4tj5hwk1cr,hmm_2state,Ph 4,0.9427480916030534,1.0,0.8863636363636364,0.9397590361445783,0.891443125720864
mmgp4tj5hwk1cr,hmm_3state,Full,0.7353244078269825,1.0,0.4690082644628099,0.6385372714486639,0.5540746242505835
mmgp4tj5hwk1cr,hmm_3state,Ph 1,0.5720720720720721,1.0,0.12037037037037036,0.21487603305785125,0.2562353715952691
mmgp4tj5hwk1cr,hmm_3state,Ph 2,0.521551724137931,1.0,0.26490066225165565,0.418848167539267,0.33429772192974516
mmgp4tj5hwk1cr,hmm_3state,Ph 3,0.8588235294117647,1.0,0.6129032258064516,0.76,0.7081428356340436
mmgp4tj5hwk1cr,hmm_3state,Ph 4,0.9427480916030534,1.0,0.8863636363636364,0.9397590361445783,0.891443125720864
mmgp4tj5hwk1cr,hmm_4state,Full,0.7353244078269825,1.0,0.4690082644628099,0.6385372714486639,0.5540746242505835
mmgp4tj5hwk1cr,hmm_4state,Ph 1,0.5720720720720721,1.0,0.12037037037037036,0.21487603305785125,0.2562353715952691
mmgp4tj5hwk1cr,hmm_4state,Ph 2,0.521551724137931,1.0,0.26490066225165565,0.418848167539267,0.33429772192974516
mmgp4tj5hwk1cr,hmm_4state,Ph 3,0.8588235294117647,1.0,0.6129032258064516,0.76,0.7081428356340436
mmgp4tj5hwk1cr,hmm_4state,Ph 4,0.9427480916030534,1.0,0.8863636363636364,0.9397590361445783,0.891443125720864
mmgp5kmoz5itw5,random,Full,0.5924657534246576,0.5924657534246576,1.0,0.7440860215053764,0.0
mmgp5kmoz5itw5,random,Ph 1,0.7333333333333333,0.7333333333333333,1.0,0.8461538461538461,0.0
mmgp5kmoz5itw5,random,Ph 2,0.9090909090909091,0.9090909090909091,1.0,0.9523809523809523,0.0
mmgp5kmoz5itw5,random,Ph 3,0.43373493975903615,0.43373493975903615,1.0,0.6050420168067226,0.0
mmgp5kmoz5itw5,random,Ph 4,0.5,0.5,1.0,0.6666666666666666,0.0
mmgp5kmoz5itw5,bias,Full,0.4075342465753425,0.0,0.0,0.0,0.0
mmgp5kmoz5itw5,bias,Ph 1,0.26666666666666666,0.0,0.0,0.0,0.0
mmgp5kmoz5itw5,bias,Ph 2,0.09090909090909091,0.0,0.0,0.0,0.0
mmgp5kmoz5itw5,bias,Ph 3,0.5662650602409639,0.0,0.0,0.0,0.0
mmgp5kmoz5itw5,bias,Ph 4,0.5,0.0,0.0,0.0,0.0
mmgp5kmoz5itw5,wsls,Full,0.4212328767123288,0.6111111111111112,0.06358381502890173,0.11518324607329843,0.009725635959952066
mmgp5kmoz5itw5,wsls,Ph 1,0.2833333333333333,0.75,0.03409090909090909,0.06521739130434782,0.006998656386948179
mmgp5kmoz5itw5,wsls,Ph 2,0.09090909090909091,0.0,0.0,0.0,0.0
mmgp5kmoz5itw5,wsls,Ph 3,0.6265060240963856,0.8571428571428571,0.16666666666666666,0.27906976744186046,0.2592860260813695
mmgp5kmoz5itw5,wsls,Ph 4,0.46153846153846156,0.2857142857142857,0.05128205128205128,0.08695652173913043,-0.13456839120487699
mmgp5kmoz5itw5,generalized_matching_law,Full,0.6232876712328768,0.6387665198237885,0.838150289017341,0.725,0.1760884007818324
mmgp5kmoz5itw5,generalized_matching_law,Ph 1,0.7166666666666667,0.7288135593220338,0.9772727272727273,0.8349514563106796,-0.07850686719788597
mmgp5kmoz5itw5,generalized_matching_law,Ph 2,0.9090909090909091,0.9090909090909091,1.0,0.9523809523809523,0.0
mmgp5kmoz5itw5,generalized_matching_law,Ph 3,0.4819277108433735,0.41025641025641024,0.4444444444444444,0.4266666666666667,-0.04460204496291991
mmgp5kmoz5itw5,generalized_matching_law,Ph 4,0.5897435897435898,0.559322033898305,0.8461538461538461,0.673469387755102,0.2090716918813246
mmgp5kmoz5itw5,melioration,Full,0.7773972602739726,0.8068181818181818,0.8208092485549133,0.8137535816618912,0.5373312098581243
mmgp5kmoz5itw5,melioration,Ph 1,0.8166666666666667,0.8113207547169812,0.9772727272727273,0.8865979381443299,0.48526436056282046
mmgp5kmoz5itw5,melioration,Ph 2,1.0,1.0,1.0,1.0,1.0
mmgp5kmoz5itw5,melioration,Ph 3,0.5783132530120482,0.5217391304347826,0.3333333333333333,0.4067796610169492,0.10994350019286846
mmgp5kmoz5itw5,melioration,Ph 4,0.8974358974358975,0.918918918918919,0.8717948717948718,0.8947368421052632,0.7959190572428
mmgp5kmoz5itw5,kinetic,Full,0.6575342465753424,0.7552447552447552,0.6242774566473989,0.6835443037974683,0.32453353824901193
mmgp5kmoz5itw5,kinetic,Ph 1,0.7083333333333334,0.8533333333333334,0.7272727272727273,0.7852760736196319,0.35032452487268534
mmgp5kmoz5itw5,kinetic,Ph 2,0.9090909090909091,0.9090909090909091,1.0,0.9523809523809523,0.0
mmgp5kmoz5itw5,kinetic,Ph 3,0.5903614457831325,0.5555555555555556,0.2777777777777778,0.37037037037037035,0.12935352786859539
mmgp5kmoz5itw5,kinetic,Ph 4,0.6153846153846154,0.6153846153846154,0.6153846153846154,0.6153846153846154,0.23076923076923078
mmgp5kmoz5itw5,behavioral_momentum,Full,0.6746575342465754,0.7294117647058823,0.7167630057803468,0.7230320699708455,0.3289881475859401
mmgp5kmoz5itw5,behavioral_momentum,Ph 1,0.7666666666666667,0.7586206896551724,1.0,0.8627450980392157,0.30794088102571987
mmgp5kmoz5itw5,behavioral_momentum,Ph 2,1.0,1.0,1.0,1.0,1.0
mmgp5kmoz5itw5,behavioral_momentum,Ph 3,0.5783132530120482,0.5217391304347826,0.3333333333333333,0.4067796610169492,0.10994350019286846
mmgp5kmoz5itw5,behavioral_momentum,Ph 4,0.5897435897435898,0.6666666666666666,0.358974358974359,0.4666666666666667,0.202325659555628
mmgp5kmoz5itw5,hill_climbing,Full,0.8801369863013698,0.93125,0.861271676300578,0.8948948948948949,0.7590712669008167
mmgp5kmoz5itw5,hill_climbing,Ph 1,0.9083333333333333,0.9529411764705882,0.9204545454545454,0.9364161849710982,0.7739059899518949
mmgp5kmoz5itw5,hill_climbing,Ph 2,0.8181818181818182,1.0,0.8,0.8888888888888888,0.5163977794943222
mmgp5kmoz5itw5,hill_climbing,Ph 3,0.8313253012048193,0.8666666666666667,0.7222222222222222,0.7878787878787878,0.6572339955992679
mmgp5kmoz5itw5,hill_climbing,Ph 4,0.8974358974358975,0.918918918918919,0.8717948717948718,0.8947368421052632,0.7959190572428
mmgp5kmoz5itw5,q_learning,Full,0.7773972602739726,0.8068181818181818,0.8208092485549133,0.8137535816618912,0.5373312098581243
mmgp5kmoz5itw5,q_learning,Ph 1,0.8166666666666667,0.8113207547169812,0.9772727272727273,0.8865979381443299,0.48526436056282046
mmgp5kmoz5itw5,q_learning,Ph 2,1.0,1.0,1.0,1.0,1.0
mmgp5kmoz5itw5,q_learning,Ph 3,0.5783132530120482,0.5217391304347826,0.3333333333333333,0.4067796610169492,0.10994350019286846
mmgp5kmoz5itw5,q_learning,Ph 4,0.8974358974358975,0.918918918918919,0.8717948717948718,0.8947368421052632,0.7959190572428
mmgp5kmoz5itw5,q_dual_alpha,Full,0.7773972602739726,0.8068181818181818,0.8208092485549133,0.8137535816618912,0.5373312098581243
mmgp5kmoz5itw5,q_dual_alpha,Ph 1,0.8166666666666667,0.8113207547169812,0.9772727272727273,0.8865979381443299,0.48526436056282046
mmgp5kmoz5itw5,q_dual_alpha,Ph 2,1.0,1.0,1.0,1.0,1.0
mmgp5kmoz5itw5,q_dual_alpha,Ph 3,0.5783132530120482,0.5217391304347826,0.3333333333333333,0.4067796610169492,0.10994350019286846
mmgp5kmoz5itw5,q_dual_alpha,Ph 4,0.8974358974358975,0.918918918918919,0.8717948717948718,0.8947368421052632,0.7959190572428
mmgp5kmoz5itw5,q_forgetting,Full,0.8938356164383562,0.9226190476190477,0.8959537572254336,0.9090909090909091,0.7820702261901026
mmgp5kmoz5itw5,q_forgetting,Ph 1,0.8916666666666667,0.9213483146067416,0.9318181818181818,0.9265536723163842,0.7203963985452293
mmgp5kmoz5itw5,q_forgetting,Ph 2,1.0,1.0,1.0,1.0,1.0
mmgp5kmoz5itw5,q_forgetting,Ph 3,0.8313253012048193,0.8666666666666667,0.7222222222222222,0.7878787878787878,0.6572339955992679
mmgp5kmoz5itw5,q_forgetting,Ph 4,0.9487179487179487,0.9487179487179487,0.9487179487179487,0.9487179487179487,0.8974358974358975
mmgp5kmoz5itw5,hmm_2state,Full,0.9623287671232876,0.9402173913043478,1.0,0.969187675070028,0.9237459282764429
mmgp5kmoz5itw5,hmm_2state,Ph 1,0.975,0.967032967032967,1.0,0.9832402234636871,0.9361482929395463
mmgp5kmoz5itw5,hmm_2state,Ph 2,0.9090909090909091,0.9090909090909091,1.0,0.9523809523809523,0.0
mmgp5kmoz5itw5,hmm_2state,Ph 3,1.0,1.0,1.0,1.0,1.0
mmgp5kmoz5itw5,hmm_2state,Ph 4,0.9102564102564102,0.8478260869565217,1.0,0.9176470588235294,0.8340576562282991
mmgp5kmoz5itw5,hmm_3state,Full,0.9623287671232876,0.9402173913043478,1.0,0.969187675070028,0.9237459282764429
mmgp5kmoz5itw5,hmm_3state,Ph 1,0.975,0.967032967032967,1.0,0.9832402234636871,0.9361482929395463
mmgp5kmoz5itw5,hmm_3state,Ph 2,0.9090909090909091,0.9090909090909091,1.0,0.9523809523809523,0.0
mmgp5kmoz5itw5,hmm_3state,Ph 3,1.0,1.0,1.0,1.0,1.0
mmgp5kmoz5itw5,hmm_3state,Ph 4,0.9102564102564102,0.8478260869565217,1.0,0.9176470588235294,0.8340576562282991
mmgp5kmoz5itw5,hmm_4state,Full,0.9623287671232876,0.9402173913043478,1.0,0.969187675070028,0.9237459282764429
mmgp5kmoz5itw5,hmm_4state,Ph 1,0.975,0.967032967032967,1.0,0.9832402234636871,0.9361482929395463
mmgp5kmoz5itw5,hmm_4state,Ph 2,0.9090909090909091,0.9090909090909091,1.0,0.9523809523809523,0.0
mmgp5kmoz5itw5,hmm_4state,Ph 3,1.0,1.0,1.0,1.0,1.0
mmgp5kmoz5itw5,hmm_4state,Ph 4,0.9102564102564102,0.8478260869565217,1.0,0.9176470588235294,0.8340576562282991
mmgp92mez7ni28,random,Full,0.5399659863945578,0.5399659863945578,1.0,0.7012700165654334,0.0
mmgp92mez7ni28,random,Ph 1,0.540084388185654,0.540084388185654,1.0,0.7013698630136986,0.0
mmgp92mez7ni28,random,Ph 2,0.6179401993355482,0.6179401993355482,1.0,0.7638603696098563,0.0
mmgp92mez7ni28,random,Ph 3,0.43478260869565216,0.43478260869565216,1.0,0.6060606060606061,0.0
mmgp92mez7ni28,random,Ph 4,0.5727848101265823,0.5727848101265823,1.0,0.7283702213279678,0.0
mmgp92mez7ni28,bias,Full,0.46003401360544216,0.0,0.0,0.0,0.0
mmgp92mez7ni28,bias,Ph 1,0.459915611814346,0.0,0.0,0.0,0.0
mmgp92mez7ni28,bias,Ph 2,0.38205980066445183,0.0,0.0,0.0,0.0
mmgp92mez7ni28,bias,Ph 3,0.5652173913043478,0.0,0.0,0.0,0.0
mmgp92mez7ni28,bias,Ph 4,0.4272151898734177,0.0,0.0,0.0,0.0
mmgp92mez7ni28,wsls,Full,0.7636054421768708,0.8940397350993378,0.6377952755905512,0.7444852941176471,0.5623355087150114
mmgp92mez7ni28,wsls,Ph 1,0.5991561181434599,0.7796610169491526,0.359375,0.4919786096256685,0.2767518714006814
mmgp92mez7ni28,wsls,Ph 2,0.6843853820598007,0.9099099099099099,0.543010752688172,0.6801346801346801,0.4592864062682791
mmgp92mez7ni28,wsls,Ph 3,0.8571428571428571,0.8852459016393442,0.7714285714285715,0.8244274809160306,0.7097092810130892
mmgp92mez7ni28,wsls,Ph 4,0.8670886075949367,0.9316770186335404,0.8287292817679558,0.8771929824561403,0.7394214242866369
mmgp92mez7ni28,generalized_matching_law,Full,0.6955782312925171,0.6874154262516915,0.8,0.7394468704512372,0.3847214973075496
mmgp92mez7ni28,generalized_matching_law,Ph 1,0.6033755274261603,0.5858585858585859,0.90625,0.7116564417177914,0.2069431924771648
mmgp92mez7ni28,generalized_matching_law,Ph 2,0.707641196013289,0.689922480620155,0.956989247311828,0.8018018018018018,0.362879416738413
mmgp92mez7ni28,generalized_matching_law,Ph 3,0.6801242236024845,0.6728971962616822,0.5142857142857142,0.582995951417004,0.3388557199902689
mmgp92mez7ni28,generalized_matching_law,Ph 4,0.7689873417721519,0.8068181818181818,0.7845303867403315,0.7955182072829131,0.5304580158495833
mmgp92mez7ni28,melioration,Full,0.7134353741496599,0.7865384615384615,0.6440944881889764,0.7082251082251082,0.4404698367414474
mmgp92mez7ni28,melioration,Ph 1,0.7426160337552743,0.7815126050420168,0.7265625,0.7530364372469636,0.4864638986493959
mmgp92mez7ni28,melioration,Ph 2,0.7275747508305648,0.7452830188679245,0.8494623655913979,0.7939698492462312,0.4044906544554048
mmgp92mez7ni28,melioration,Ph 3,0.7049689440993789,0.835820895522388,0.4,0.5410628019323671,0.4146763883529816
mmgp92mez7ni28,melioration,Ph 4,0.6867088607594937,0.8360655737704918,0.56353591160221,0.6732673267326733,0.4220647577730751
mmgp92mez7ni28,kinetic,Full,0.608843537414966,0.6746506986027944,0.5322834645669291,0.5950704225352113,0.2328129348902498
mmgp92mez7ni28,kinetic,Ph 1,0.6033755274261603,0.6545454545454545,0.5625,0.6050420168067226,0.21373831530991586
mmgp92mez7ni28,kinetic,Ph 2,0.6112956810631229,0.6699507389162561,0.7311827956989247,0.699228791773779,0.1540591309899808
mmgp92mez7ni28,kinetic,Ph 3,0.6366459627329193,0.6385542168674698,0.37857142857142856,0.47533632286995514,0.2422366927827549
mmgp92mez7ni28,kinetic,Ph 4,0.5822784810126582,0.7333333333333333,0.425414364640884,0.5384615384615384,0.22895000002910165
mmgp92mez7ni28,behavioral_momentum,Full,0.6513605442176871,0.731006160164271,0.5606299212598426,0.6345811051693404,0.3222562883210679
mmgp92mez7ni28,behavioral_momentum,Ph 1,0.7046413502109705,0.7735849056603774,0.640625,0.7008547008547008,0.4214395061710693
mmgp92mez7ni28,behavioral_momentum,Ph 2,0.6810631229235881,0.6814516129032258,0.9086021505376344,0.7788018433179723,0.28274881131902396
mmgp92mez7ni28,behavioral_momentum,Ph 3,0.5838509316770186,0.6071428571428571,0.12142857142857143,0.20238095238095238,0.10729972817436627
mmgp92mez7ni28,behavioral_momentum,Ph 4,0.6518987341772152,0.8380952380952381,0.4861878453038674,0.6153846153846154,0.37834556978715633
mmgp92mez7ni28,hill_climbing,Full,0.7270408163265306,0.7813620071684588,0.6866141732283465,0.7309304274937133,0.46022986289806306
mmgp92mez7ni28,hill_climbing,Ph 1,0.7468354430379747,0.753731343283582,0.7890625,0.7709923664122137,0.4889456724831587
mmgp92mez7ni28,hill_climbing,Ph 2,0.7541528239202658,0.7616822429906542,0.8763440860215054,0.815,0.4639724342668108
mmgp92mez7ni28,hill_climbing,Ph 3,0.7639751552795031,0.8902439024390244,0.5214285714285715,0.6576576576576577,0.5370428521222815
mmgp92mez7ni28,hill_climbing,Ph 4,0.6487341772151899,0.7734375,0.5469613259668509,0.6407766990291263,0.33469710602348934
mmgp92mez7ni28,q_learning,Full,0.7134353741496599,0.7865384615384615,0.6440944881889764,0.7082251082251082,0.4404698367414474
mmgp92mez7ni28,q_learning,Ph 1,0.7426160337552743,0.7815126050420168,0.7265625,0.7530364372469636,0.4864638986493959
mmgp92mez7ni28,q_learning,Ph 2,0.7275747508305648,0.7452830188679245,0.8494623655913979,0.7939698492462312,0.4044906544554048
mmgp92mez7ni28,q_learning,Ph 3,0.7049689440993789,0.835820895522388,0.4,0.5410628019323671,0.4146763883529816
mmgp92mez7ni28,q_learning,Ph 4,0.6867088607594937,0.8360655737704918,0.56353591160221,0.6732673267326733,0.4220647577730751
mmgp92mez7ni28,q_dual_alpha,Full,0.7168367346938775,0.789272030651341,0.6488188976377953,0.7121866897147796,0.44689038594853936
mmgp92mez7ni28,q_dual_alpha,Ph 1,0.7468354430379747,0.7833333333333333,0.734375,0.7580645161290323,0.4942865237378135
mmgp92mez7ni28,q_dual_alpha,Ph 2,0.7308970099667774,0.7488151658767772,0.8494623655913979,0.7959697732997482,0.41241804564840245
mmgp92mez7ni28,q_dual_alpha,Ph 3,0.7080745341614907,0.8484848484848485,0.4,0.5436893203883495,0.4237366386421393
mmgp92mez7ni28,q_dual_alpha,Ph 4,0.689873417721519,0.832,0.574585635359116,0.6797385620915033,0.42391587563703775
mmgp92mez7ni28,q_forgetting,Full,0.6879251700680272,0.771255060728745,0.6,0.674933569530558,0.3949555596962784
mmgp92mez7ni28,q_forgetting,Ph 1,0.729957805907173,0.7807017543859649,0.6953125,0.7355371900826446,0.46479018756718515
mmgp92mez7ni28,q_forgetting,Ph 2,0.7308970099667774,0.7611940298507462,0.8225806451612904,0.7906976744186046,0.41798950311930694
mmgp92mez7ni28,q_forgetting,Ph 3,0.6956521739130435,0.828125,0.37857142857142856,0.5196078431372549,0.3951910019173288
mmgp92mez7ni28,q_forgetting,Ph 4,0.6075949367088608,0.7478260869565218,0.47513812154696133,0.581081081081081,0.2676530982696308
mmgp92mez7ni28,hmm_2state,Full,0.8477891156462585,0.7800982800982801,1.0,0.8764665286404417,0.7224874589034652
mmgp92mez7ni28,hmm_2state,Ph 1,0.7510548523206751,0.6844919786096256,1.0,0.8126984126984127,0.5603455595890847
mmgp92mez7ni28,hmm_2state,Ph 2,0.920265780730897,0.8857142857142857,1.0,0.9393939393939394,0.8371795298604663
mmgp92mez7ni28,hmm_2state,Ph 3,0.7577639751552795,0.6422018348623854,1.0,0.7821229050279329,0.6057825328153826
mmgp92mez7ni28,hmm_2state,Ph 4,0.9430379746835443,0.9095477386934674,1.0,0.9526315789473684,0.8878483580362536
mmgp92mez7ni28,hmm_3state,Full,0.8477891156462585,0.7800982800982801,1.0,0.8764665286404417,0.7224874589034652
mmgp92mez7ni28,hmm_3state,Ph 1,0.7510548523206751,0.6844919786096256,1.0,0.8126984126984127,0.5603455595890847
mmgp92mez7ni28,hmm_3state,Ph 2,0.920265780730897,0.8857142857142857,1.0,0.9393939393939394,0.8371795298604663
mmgp92mez7ni28,hmm_3state,Ph 3,0.7577639751552795,0.6422018348623854,1.0,0.7821229050279329,0.6057825328153826
mmgp92mez7ni28,hmm_3state,Ph 4,0.9430379746835443,0.9095477386934674,1.0,0.9526315789473684,0.8878483580362536
mmgp92mez7ni28,hmm_4state,Full,0.8477891156462585,0.7800982800982801,1.0,0.8764665286404417,0.7224874589034652
mmgp92mez7ni28,hmm_4state,Ph 1,0.7510548523206751,0.6844919786096256,1.0,0.8126984126984127,0.5603455595890847
mmgp92mez7ni28,hmm_4state,Ph 2,0.920265780730897,0.8857142857142857,1.0,0.9393939393939394,0.8371795298604663
mmgp92mez7ni28,hmm_4state,Ph 3,0.7577639751552795,0.6422018348623854,1.0,0.7821229050279329,0.6057825328153826
mmgp92mez7ni28,hmm_4state,Ph 4,0.9430379746835443,0.9095477386934674,1.0,0.9526315789473684,0.8878483580362536
mmgp978syi159c,random,Full,0.49385245901639346,0.49385245901639346,1.0,0.6611796982167353,0.0
mmgp978syi159c,random,Ph 1,0.42913385826771655,0.42913385826771655,1.0,0.6005509641873278,0.0
mmgp978syi159c,random,Ph 2,0.6528925619834711,0.6528925619834711,1.0,0.79,0.0
mmgp978syi159c,random,Ph 3,0.3877551020408163,0.3877551020408163,1.0,0.5588235294117647,0.0
mmgp978syi159c,random,Ph 4,0.5106382978723404,0.5106382978723404,1.0,0.676056338028169,0.0
mmgp978syi159c,bias,Full,0.5061475409836066,0.0,0.0,0.0,0.0
mmgp978syi159c,bias,Ph 1,0.5708661417322834,0.0,0.0,0.0,0.0
mmgp978syi159c,bias,Ph 2,0.34710743801652894,0.0,0.0,0.0,0.0
mmgp978syi159c,bias,Ph 3,0.6122448979591837,0.0,0.0,0.0,0.0
mmgp978syi159c,bias,Ph 4,0.48936170212765956,0.0,0.0,0.0,0.0
mmgp978syi159c,wsls,Full,0.617827868852459,0.7206477732793523,0.36929460580912865,0.4883401920438957,0.26404722890867466
mmgp978syi159c,wsls,Ph 1,0.6417322834645669,0.78125,0.22935779816513763,0.3546099290780142,0.27009771054462445
mmgp978syi159c,wsls,Ph 2,0.45041322314049587,0.8048780487804879,0.2088607594936709,0.3316582914572864,0.1441926747370015
mmgp978syi159c,wsls,Ph 3,0.746938775510204,0.7538461538461538,0.5157894736842106,0.6125,0.45151085068146585
mmgp978syi159c,wsls,Ph 4,0.6297872340425532,0.6513761467889908,0.5916666666666667,0.6200873362445415,0.26185881868375976
mmgp978syi159c,generalized_matching_law,Full,0.6239754098360656,0.648578811369509,0.520746887966805,0.5776754890678941,0.2508562619227378
mmgp978syi159c,generalized_matching_law,Ph 1,0.6181102362204725,0.5666666666666667,0.46788990825688076,0.5125628140703518,0.20584584658859037
mmgp978syi159c,generalized_matching_law,Ph 2,0.7272727272727273,0.7323232323232324,0.9177215189873418,0.8146067415730337,0.35394979413442035
mmgp978syi159c,generalized_matching_law,Ph 3,0.6163265306122448,0.5161290322580645,0.16842105263157894,0.25396825396825395,0.10027887427186276
mmgp978syi159c,generalized_matching_law,Ph 4,0.5319148936170213,0.5735294117647058,0.325,0.4148936170212766,0.08028119466986665
mmgp978syi159c,melioration,Full,0.6434426229508197,0.6580188679245284,0.578838174273859,0.6158940397350994,0.28777993604840174
mmgp978syi159c,melioration,Ph 1,0.5905511811023622,0.5193798449612403,0.6146788990825688,0.5630252100840336,0.18522696587282553
mmgp978syi159c,melioration,Ph 2,0.7644628099173554,0.7589743589743589,0.9367088607594937,0.8385269121813032,0.45389607171193963
mmgp978syi159c,melioration,Ph 3,0.6489795918367347,0.6285714285714286,0.23157894736842105,0.3384615384615385,0.20177574257674696
mmgp978syi159c,melioration,Ph 4,0.5702127659574469,0.6461538461538462,0.35,0.4540540540540541,0.16762919647636632
mmgp978syi159c,kinetic,Full,0.6219262295081968,0.613682092555332,0.6327800829875518,0.6230847803881512,0.24413918638287962
mmgp978syi159c,kinetic,Ph 1,0.5748031496062992,0.5035971223021583,0.6422018348623854,0.5645161290322581,0.16540057527056923
mmgp978syi159c,kinetic,Ph 2,0.71900826446281,0.7045454545454546,0.9810126582278481,0.8201058201058201,0.34311667643350585
mmgp978syi159c,kinetic,Ph 3,0.6408163265306123,0.5945945945945946,0.23157894736842105,0.3333333333333333,0.179044634295862
mmgp978syi159c,kinetic,Ph 4,0.5531914893617021,0.5742574257425742,0.48333333333333334,0.5248868778280543,0.110490342044123
mmgp978syi159c,behavioral_momentum,Full,0.6127049180327869,0.6238095238095238,0.5435684647302904,0.5809312638580931,0.22591754880037854
mmgp978syi159c,behavioral_momentum,Ph 1,0.6023622047244095,0.53125,0.6238532110091743,0.5738396624472574,0.20794600260378956
mmgp978syi159c,behavioral_momentum,Ph 2,0.6900826446280992,0.6796536796536796,0.9936708860759493,0.8071979434447301,0.25760902535214114
mmgp978syi159c,behavioral_momentum,Ph 3,0.6122448979591837,0.5,0.12631578947368421,0.20168067226890757,0.07591624971445382
mmgp978syi159c,behavioral_momentum,Ph 4,0.5446808510638298,0.6756756756756757,0.20833333333333334,0.3184713375796178,0.14271804918822895
mmgp978syi159c,hill_climbing,Full,0.6700819672131147,0.6785714285714286,0.6307053941908713,0.6537634408602151,0.34032696993086536
mmgp978syi159c,hill_climbing,Ph 1,0.6456692913385826,0.5714285714285714,0.6972477064220184,0.628099173553719,0.3014104923535343
mmgp978syi159c,hill_climbing,Ph 2,0.8181818181818182,0.8238636363636364,0.9177215189873418,0.8682634730538922,0.5864813232967006
mmgp978syi159c,hill_climbing,Ph 3,0.7224489795918367,0.7547169811320755,0.42105263157894735,0.5405405405405406,0.3957007957696095
mmgp978syi159c,hill_climbing,Ph 4,0.48936170212765956,0.5,0.35833333333333334,0.4174757281553398,-0.016168009544560897
mmgp978syi159c,q_learning,Full,0.6434426229508197,0.6580188679245284,0.578838174273859,0.6158940397350994,0.28777993604840174
mmgp978syi159c,q_learning,Ph 1,0.5905511811023622,0.5193798449612403,0.6146788990825688,0.5630252100840336,0.18522696587282553
mmgp978syi159c,q_learning,Ph 2,0.7644628099173554,0.7589743589743589,0.9367088607594937,0.8385269121813032,0.45389607171193963
mmgp978syi159c,q_learning,Ph 3,0.6489795918367347,0.6285714285714286,0.23157894736842105,0.3384615384615385,0.20177574257674696
mmgp978syi159c,q_learning,Ph 4,0.5702127659574469,0.6461538461538462,0.35,0.4540540540540541,0.16762919647636632
mmgp978syi159c,q_dual_alpha,Full,0.6434426229508197,0.6580188679245284,0.578838174273859,0.6158940397350994,0.28777993604840174
mmgp978syi159c,q_dual_alpha,Ph 1,0.5866141732283464,0.5153846153846153,0.6146788990825688,0.5606694560669456,0.17842685318550533
mmgp978syi159c,q_dual_alpha,Ph 2,0.7644628099173554,0.7589743589743589,0.9367088607594937,0.8385269121813032,0.45389607171193963
mmgp978syi159c,q_dual_alpha,Ph 3,0.6530612244897959,0.6470588235294118,0.23157894736842105,0.34108527131782945,0.21363166869259897
mmgp978syi159c,q_dual_alpha,Ph 4,0.5702127659574469,0.6461538461538462,0.35,0.4540540540540541,0.16762919647636632
mmgp978syi159c,q_forgetting,Full,0.6454918032786885,0.6566820276497696,0.5912863070539419,0.6222707423580786,0.291434738684833
mmgp978syi159c,q_forgetting,Ph 1,0.5984251968503937,0.5275590551181102,0.6146788990825688,0.5677966101694916,0.1988578586817893
mmgp978syi159c,q_forgetting,Ph 2,0.7644628099173554,0.7616580310880829,0.930379746835443,0.8376068376068376,0.45343895872586587
mmgp978syi159c,q_forgetting,Ph 3,0.6489795918367347,0.6285714285714286,0.23157894736842105,0.3384615384615385,0.20177574257674696
mmgp978syi159c,q_forgetting,Ph 4,0.5702127659574469,0.620253164556962,0.4083333333333333,0.49246231155778897,0.15604470105503918
mmgp978syi159c,hmm_2state,Full,0.992827868852459,1.0,0.9854771784232366,0.9926854754440961,0.9857525228016097
mmgp978syi159c,hmm_2state,Ph 1,0.9960629921259843,1.0,0.9908256880733946,0.9953917050691244,0.9919875053436022
mmgp978syi159c,hmm_2state,Ph 2,0.9917355371900827,1.0,0.9873417721518988,0.9936305732484076,0.9820286836901592
mmgp978syi159c,hmm_2state,Ph 3,0.9959183673469387,1.0,0.9894736842105263,0.9947089947089947,0.9914236623940481
mmgp978syi159c,hmm_2state,Ph 4,0.9872340425531915,1.0,0.975,0.9873417721518988,0.9747881125694853
mmgp978syi159c,hmm_3state,Full,0.992827868852459,1.0,0.9854771784232366,0.9926854754440961,0.9857525228016097
mmgp978syi159c,hmm_3state,Ph 1,0.9960629921259843,1.0,0.9908256880733946,0.9953917050691244,0.9919875053436022
mmgp978syi159c,hmm_3state,Ph 2,0.9917355371900827,1.0,0.9873417721518988,0.9936305732484076,0.9820286836901592
mmgp978syi159c,hmm_3state,Ph 3,0.9959183673469387,1.0,0.9894736842105263,0.9947089947089947,0.9914236623940481
mmgp978syi159c,hmm_3state,Ph 4,0.9872340425531915,1.0,0.975,0.9873417721518988,0.9747881125694853
mmgp978syi159c,hmm_4state,Full,0.992827868852459,1.0,0.9854771784232366,0.9926854754440961,0.9857525228016097
mmgp978syi159c,hmm_4state,Ph 1,0.9960629921259843,1.0,0.9908256880733946,0.9953917050691244,0.9919875053436022
mmgp978syi159c,hmm_4state,Ph 2,0.9917355371900827,1.0,0.9873417721518988,0.9936305732484076,0.9820286836901592
mmgp978syi159c,hmm_4state,Ph 3,0.9959183673469387,1.0,0.9894736842105263,0.9947089947089947,0.9914236623940481
mmgp978syi159c,hmm_4state,Ph 4,0.9872340425531915,1.0,0.975,0.9873417721518988,0.9747881125694853
mmgp9zmmm2qlbz,random,Full,0.4787234042553192,0.4787234042553192,1.0,0.6474820143884892,0.0
mmgp9zmmm2qlbz,random,Ph 1,0.4410480349344978,0.4410480349344978,1.0,0.6121212121212121,0.0
mmgp9zmmm2qlbz,random,Ph 2,0.6775510204081633,0.6775510204081633,1.0,0.8077858880778589,0.0
mmgp9zmmm2qlbz,random,Ph 3,0.35251798561151076,0.35251798561151076,1.0,0.5212765957446809,0.0
mmgp9zmmm2qlbz,random,Ph 4,0.46099290780141844,0.46099290780141844,1.0,0.6310679611650486,0.0
mmgp9zmmm2qlbz,bias,Full,0.5212765957446809,0.0,0.0,0.0,0.0
mmgp9zmmm2qlbz,bias,Ph 1,0.5589519650655022,0.0,0.0,0.0,0.0
mmgp9zmmm2qlbz,bias,Ph 2,0.3224489795918367,0.0,0.0,0.0,0.0
mmgp9zmmm2qlbz,bias,Ph 3,0.6474820143884892,0.0,0.0,0.0,0.0
mmgp9zmmm2qlbz,bias,Ph 4,0.5390070921985816,0.0,0.0,0.0,0.0
mmgp9zmmm2qlbz,wsls,Full,0.5715667311411993,0.6031746031746031,0.30707070707070705,0.4069611780455154,0.1414228338230602
mmgp9zmmm2qlbz,wsls,Ph 1,0.5589519650655022,0.5,0.07920792079207921,0.13675213675213677,0.03254155383903082
mmgp9zmmm2qlbz,wsls,Ph 2,0.4122448979591837,0.72,0.21686746987951808,0.3333333333333333,0.04598682710290001
mmgp9zmmm2qlbz,wsls,Ph 3,0.7230215827338129,0.6666666666666666,0.42857142857142855,0.5217391304347826,0.35594409372679375
mmgp9zmmm2qlbz,wsls,Ph 4,0.5709219858156028,0.5365853658536586,0.5076923076923077,0.5217391304347826,0.13337919727547515
mmgp9zmmm2qlbz,generalized_matching_law,Full,0.6218568665377177,0.6428571428571429,0.4727272727272727,0.5448195576251456,0.24217801156752886
mmgp9zmmm2qlbz,generalized_matching_law,Ph 1,0.5676855895196506,0.5147058823529411,0.3465346534653465,0.41420118343195267,0.09641183566141653
mmgp9zmmm2qlbz,generalized_matching_law,Ph 2,0.6448979591836734,0.7046632124352331,0.8192771084337349,0.7576601671309192,0.1117480900763011
mmgp9zmmm2qlbz,generalized_matching_law,Ph 3,0.7014388489208633,0.7142857142857143,0.25510204081632654,0.37593984962406013,0.2873797840563828
mmgp9zmmm2qlbz,generalized_matching_law,Ph 4,0.5673758865248227,0.5588235294117647,0.2923076923076923,0.3838383838383838,0.11063130132086073
mmgp9zmmm2qlbz,melioration,Full,0.6470019342359767,0.620817843866171,0.6747474747474748,0.6466602129719264,0.296244939151873
mmgp9zmmm2qlbz,melioration,Ph 1,0.6593886462882096,0.5705521472392638,0.9207920792079208,0.7045454545454546,0.40989743851758853
mmgp9zmmm2qlbz,melioration,Ph 2,0.7183673469387755,0.7298578199052133,0.927710843373494,0.8169761273209549,0.27877794439128795
mmgp9zmmm2qlbz,melioration,Ph 3,0.6438848920863309,0.4939759036144578,0.41836734693877553,0.4530386740331492,0.19317214746106967
mmgp9zmmm2qlbz,melioration,Ph 4,0.5780141843971631,0.5679012345679012,0.35384615384615387,0.43601895734597157,0.13614812080481736
mmgp9zmmm2qlbz,kinetic,Full,0.5996131528046421,0.5699481865284974,0.6666666666666666,0.6145251396648045,0.2060013069648389
mmgp9zmmm2qlbz,kinetic,Ph 1,0.5327510917030568,0.48125,0.7623762376237624,0.5900383141762452,0.12329700815914615
mmgp9zmmm2qlbz,kinetic,Ph 2,0.7020408163265306,0.7030567685589519,0.9698795180722891,0.8151898734177215,0.20644021922892344
mmgp9zmmm2qlbz,kinetic,Ph 3,0.6366906474820144,0.4819277108433735,0.40816326530612246,0.4419889502762431,0.1767193726466771
mmgp9zmmm2qlbz,kinetic,Ph 4,0.5283687943262412,0.48598130841121495,0.4,0.4388185654008439,0.03919827564364863
mmgp9zmmm2qlbz,behavioral_momentum,Full,0.6121856866537717,0.5762987012987013,0.7171717171717171,0.639063906390639,0.2371186173680503
mmgp9zmmm2qlbz,behavioral_momentum,Ph 1,0.5851528384279476,0.5174418604651163,0.8811881188118812,0.652014652014652,0.26727286234528447
mmgp9zmmm2qlbz,behavioral_momentum,Ph 2,0.6775510204081633,0.6775510204081633,1.0,0.8077858880778589,0.0
mmgp9zmmm2qlbz,behavioral_momentum,Ph 3,0.6007194244604317,0.41975308641975306,0.3469387755102041,0.37988826815642457,0.09024038972431615
mmgp9zmmm2qlbz,behavioral_momentum,Ph 4,0.5886524822695035,0.559322033898305,0.5076923076923077,0.532258064516129,0.1673234833600569
mmgp9zmmm2qlbz,hill_climbing,Full,0.695357833655706,0.6859504132231405,0.6707070707070707,0.6782431052093973,0.38914481780984606
mmgp9zmmm2qlbz,hill_climbing,Ph 1,0.777292576419214,0.7192982456140351,0.8118811881188119,0.7627906976744186,0.5579673903853283
mmgp9zmmm2qlbz,hill_climbing,Ph 2,0.7346938775510204,0.7589743589743589,0.891566265060241,0.8199445983379502,0.3440168412120789
mmgp9zmmm2qlbz,hill_climbing,Ph 3,0.7014388489208633,0.6,0.45918367346938777,0.5202312138728323,0.31486309534147666
mmgp9zmmm2qlbz,hill_climbing,Ph 4,0.5886524822695035,0.57,0.43846153846153846,0.4956521739130435,0.1620968961641509
mmgp9zmmm2qlbz,q_learning,Full,0.6470019342359767,0.620817843866171,0.6747474747474748,0.6466602129719264,0.296244939151873
mmgp9zmmm2qlbz,q_learning,Ph 1,0.6593886462882096,0.5705521472392638,0.9207920792079208,0.7045454545454546,0.40989743851758853
mmgp9zmmm2qlbz,q_learning,Ph 2,0.7183673469387755,0.7298578199052133,0.927710843373494,0.8169761273209549,0.27877794439128795
mmgp9zmmm2qlbz,q_learning,Ph 3,0.6438848920863309,0.4939759036144578,0.41836734693877553,0.4530386740331492,0.19317214746106967
mmgp9zmmm2qlbz,q_learning,Ph 4,0.5780141843971631,0.5679012345679012,0.35384615384615387,0.43601895734597157,0.13614812080481736
mmgp9zmmm2qlbz,q_dual_alpha,Full,0.6479690522243714,0.6224299065420561,0.6727272727272727,0.6466019417475728,0.2978698824269423
mmgp9zmmm2qlbz,q_dual_alpha,Ph 1,0.6637554585152838,0.575,0.9108910891089109,0.7049808429118773,0.41082261781744017
mmgp9zmmm2qlbz,q_dual_alpha,Ph 2,0.7183673469387755,0.7298578199052133,0.927710843373494,0.8169761273209549,0.27877794439128795
mmgp9zmmm2qlbz,q_dual_alpha,Ph 3,0.6438848920863309,0.4939759036144578,0.41836734693877553,0.4530386740331492,0.19317214746106967
mmgp9zmmm2qlbz,q_dual_alpha,Ph 4,0.5780141843971631,0.5679012345679012,0.35384615384615387,0.43601895734597157,0.13614812080481736
mmgp9zmmm2qlbz,q_forgetting,Full,0.6595744680851063,0.6239168110918544,0.7272727272727273,0.6716417910447762,0.32658802689951183
mmgp9zmmm2qlbz,q_forgetting,Ph 1,0.6986899563318777,0.6159420289855072,0.8415841584158416,0.7112970711297071,0.4337740362008222
mmgp9zmmm2qlbz,q_forgetting,Ph 2,0.6938775510204082,0.7177033492822966,0.9036144578313253,0.8,0.20698130805458842
mmgp9zmmm2qlbz,q_forgetting,Ph 3,0.6618705035971223,0.5232558139534884,0.45918367346938777,0.4891304347826087,0.23917945392642856
mmgp9zmmm2qlbz,q_forgetting,Ph 4,0.5957446808510638,0.5555555555555556,0.6153846153846154,0.583941605839416,0.19378357558200457
mmgp9zmmm2qlbz,hmm_2state,Full,0.9990328820116054,0.9979838709677419,1.0,0.9989909182643795,0.9980642884590655
mmgp9zmmm2qlbz,hmm_2state,Ph 1,1.0,1.0,1.0,1.0,1.0
mmgp9zmmm2qlbz,hmm_2state,Ph 2,1.0,1.0,1.0,1.0,1.0
mmgp9zmmm2qlbz,hmm_2state,Ph 3,0.9964028776978417,0.98989898989899,1.0,0.9949238578680203,0.9921691141464833
mmgp9zmmm2qlbz,hmm_2state,Ph 4,1.0,1.0,1.0,1.0,1.0
mmgp9zmmm2qlbz,hmm_3state,Full,0.9990328820116054,0.9979838709677419,1.0,0.9989909182643795,0.9980642884590655
mmgp9zmmm2qlbz,hmm_3state,Ph 1,1.0,1.0,1.0,1.0,1.0
mmgp9zmmm2qlbz,hmm_3state,Ph 2,1.0,1.0,1.0,1.0,1.0
mmgp9zmmm2qlbz,hmm_3state,Ph 3,0.9964028776978417,0.98989898989899,1.0,0.9949238578680203,0.9921691141464833
mmgp9zmmm2qlbz,hmm_3state,Ph 4,1.0,1.0,1.0,1.0,1.0
mmgp9zmmm2qlbz,hmm_4state,Full,0.9990328820116054,0.9979838709677419,1.0,0.9989909182643795,0.9980642884590655
mmgp9zmmm2qlbz,hmm_4state,Ph 1,1.0,1.0,1.0,1.0,1.0
mmgp9zmmm2qlbz,hmm_4state,Ph 2,1.0,1.0,1.0,1.0,1.0
mmgp9zmmm2qlbz,hmm_4state,Ph 3,0.9964028776978417,0.98989898989899,1.0,0.9949238578680203,0.9921691141464833
mmgp9zmmm2qlbz,hmm_4state,Ph 4,1.0,1.0,1.0,1.0,1.0
mmgpaypnopkm1q,random,Full,0.5097365406643757,0.5097365406643757,1.0,0.6752655538694993,0.0
mmgpaypnopkm1q,random,Ph 1,0.5130434782608696,0.5130434782608696,1.0,0.6781609195402298,0.0
mmgpaypnopkm1q,random,Ph 2,0.6037735849056604,0.6037735849056604,1.0,0.7529411764705882,0.0
mmgpaypnopkm1q,random,Ph 3,0.33658536585365856,0.33658536585365856,1.0,0.5036496350364964,0.0
mmgpaypnopkm1q,random,Ph 4,0.5752212389380531,0.5752212389380531,1.0,0.7303370786516854,0.0
mmgpaypnopkm1q,bias,Full,0.49026345933562426,0.0,0.0,0.0,0.0
mmgpaypnopkm1q,bias,Ph 1,0.48695652173913045,0.0,0.0,0.0,0.0
mmgpaypnopkm1q,bias,Ph 2,0.39622641509433965,0.0,0.0,0.0,0.0
mmgpaypnopkm1q,bias,Ph 3,0.6634146341463415,0.0,0.0,0.0,0.0
mmgpaypnopkm1q,bias,Ph 4,0.4247787610619469,0.0,0.0,0.0,0.0
mmgpaypnopkm1q,wsls,Full,0.6449026345933563,0.8169014084507042,0.39101123595505616,0.5288753799392097,0.3490613219528544
mmgpaypnopkm1q,wsls,Ph 1,0.6173913043478261,0.7884615384615384,0.3474576271186441,0.4823529411764706,0.29782551872736546
mmgpaypnopkm1q,wsls,Ph 2,0.4811320754716981,0.8214285714285714,0.1796875,0.2948717948717949,0.1735921006549261
mmgpaypnopkm1q,wsls,Ph 3,0.7170731707317073,0.6896551724137931,0.2898550724637681,0.40816326530612246,0.3032935023005986
mmgpaypnopkm1q,wsls,Ph 4,0.7610619469026548,0.8653846153846154,0.6923076923076923,0.7692307692307693,0.5419765511379439
mmgpaypnopkm1q,generalized_matching_law,Full,0.6827033218785796,0.6971830985915493,0.6674157303370787,0.6819747416762342,0.3660503796290851
mmgpaypnopkm1q,generalized_matching_law,Ph 1,0.7521739130434782,0.7961165048543689,0.6949152542372882,0.7420814479638009,0.5100268751914664
mmgpaypnopkm1q,generalized_matching_law,Ph 2,0.6556603773584906,0.6470588235294118,0.9453125,0.7682539682539683,0.2420370483482007
mmgpaypnopkm1q,generalized_matching_law,Ph 3,0.6829268292682927,0.6428571428571429,0.13043478260869565,0.21686746987951808,0.17547456483187993
mmgpaypnopkm1q,generalized_matching_law,Ph 4,0.6371681415929203,0.6967213114754098,0.6538461538461539,0.6746031746031746,0.2662201534181982
mmgpaypnopkm1q,melioration,Full,0.7777777777777778,0.760914760914761,0.8224719101123595,0.7904967602591793,0.5565751823390997
mmgpaypnopkm1q,melioration,Ph 1,0.8782608695652174,0.875,0.8898305084745762,0.8823529411764706,0.7563599206912005
mmgpaypnopkm1q,melioration,Ph 2,0.7311320754716981,0.7052023121387283,0.953125,0.8106312292358804,0.43676010019637435
mmgpaypnopkm1q,melioration,Ph 3,0.8097560975609757,0.8,0.5797101449275363,0.6722689075630253,0.556991745178125
mmgpaypnopkm1q,melioration,Ph 4,0.6902654867256637,0.717391304347826,0.7615384615384615,0.7388059701492538,0.36016998421318236
mmgpaypnopkm1q,kinetic,Full,0.6414662084765178,0.6375,0.6876404494382022,0.6616216216216216,0.2824511579285906
mmgpaypnopkm1q,kinetic,Ph 1,0.6608695652173913,0.6515151515151515,0.7288135593220338,0.688,0.3215234763988726
mmgpaypnopkm1q,kinetic,Ph 2,0.6273584905660378,0.6282722513089005,0.9375,0.7523510971786834,0.1510569505999636
mmgpaypnopkm1q,kinetic,Ph 3,0.7170731707317073,0.6410256410256411,0.36231884057971014,0.46296296296296297,0.3122771641569032
mmgpaypnopkm1q,kinetic,Ph 4,0.5663716814159292,0.635593220338983,0.5769230769230769,0.6048387096774194,0.12766319286453795
mmgpaypnopkm1q,behavioral_momentum,Full,0.6849942726231386,0.6872246696035242,0.701123595505618,0.6941045606229144,0.3695749950849949
mmgpaypnopkm1q,behavioral_momentum,Ph 1,0.782608695652174,0.8090909090909091,0.7542372881355932,0.7807017543859649,0.5670806612589682
mmgpaypnopkm1q,behavioral_momentum,Ph 2,0.5943396226415094,0.605,0.9453125,0.7378048780487805,0.01023653781066657
mmgpaypnopkm1q,behavioral_momentum,Ph 3,0.7121951219512195,0.6785714285714286,0.2753623188405797,0.3917525773195876,0.28784629988347704
mmgpaypnopkm1q,behavioral_momentum,Ph 4,0.6460176991150443,0.7155172413793104,0.6384615384615384,0.6747967479674797,0.2914600902447018
mmgpaypnopkm1q,hill_climbing,Full,0.8098510882016037,0.8148984198645598,0.8112359550561797,0.8130630630630631,0.6195983744110911
mmgpaypnopkm1q,hill_climbing,Ph 1,0.9304347826086956,0.9322033898305084,0.9322033898305084,0.9322033898305084,0.860774818401937
mmgpaypnopkm1q,hill_climbing,Ph 2,0.8773584905660378,0.8642857142857143,0.9453125,0.9029850746268657,0.7427060325614024
mmgpaypnopkm1q,hill_climbing,Ph 3,0.8682926829268293,0.828125,0.7681159420289855,0.7969924812030075,0.7008076502091538
mmgpaypnopkm1q,hill_climbing,Ph 4,0.5707964601769911,0.6363636363636364,0.5923076923076923,0.6135458167330677,0.13278274598477632
mmgpaypnopkm1q,q_learning,Full,0.7777777777777778,0.760914760914761,0.8224719101123595,0.7904967602591793,0.5565751823390997
mmgpaypnopkm1q,q_learning,Ph 1,0.8782608695652174,0.875,0.8898305084745762,0.8823529411764706,0.7563599206912005
mmgpaypnopkm1q,q_learning,Ph 2,0.7311320754716981,0.7052023121387283,0.953125,0.8106312292358804,0.43676010019637435
mmgpaypnopkm1q,q_learning,Ph 3,0.8097560975609757,0.8,0.5797101449275363,0.6722689075630253,0.556991745178125
mmgpaypnopkm1q,q_learning,Ph 4,0.6902654867256637,0.717391304347826,0.7615384615384615,0.7388059701492538,0.36016998421318236
mmgpaypnopkm1q,q_dual_alpha,Full,0.7777777777777778,0.760914760914761,0.8224719101123595,0.7904967602591793,0.5565751823390997
mmgpaypnopkm1q,q_dual_alpha,Ph 1,0.8782608695652174,0.875,0.8898305084745762,0.8823529411764706,0.7563599206912005
mmgpaypnopkm1q,q_dual_alpha,Ph 2,0.7311320754716981,0.7052023121387283,0.953125,0.8106312292358804,0.43676010019637435
mmgpaypnopkm1q,q_dual_alpha,Ph 3,0.8097560975609757,0.8,0.5797101449275363,0.6722689075630253,0.556991745178125
mmgpaypnopkm1q,q_dual_alpha,Ph 4,0.6902654867256637,0.717391304347826,0.7615384615384615,0.7388059701492538,0.36016998421318236
mmgpaypnopkm1q,q_forgetting,Full,0.7445589919816724,0.7402597402597403,0.7685393258426966,0.7541345093715546,0.4889079163570517
mmgpaypnopkm1q,q_forgetting,Ph 1,0.8652173913043478,0.865546218487395,0.8728813559322034,0.869198312236287,0.7302176225931115
mmgpaypnopkm1q,q_forgetting,Ph 2,0.7264150943396226,0.7034883720930233,0.9453125,0.8066666666666666,0.42275137379416106
mmgpaypnopkm1q,q_forgetting,Ph 3,0.8048780487804879,0.7843137254901961,0.5797101449275363,0.6666666666666666,0.5452544178868497
mmgpaypnopkm1q,q_forgetting,Ph 4,0.584070796460177,0.65,0.6,0.624,0.1609596808766858
mmgpaypnopkm1q,hmm_2state,Full,1.0,1.0,1.0,1.0,1.0
mmgpaypnopkm1q,hmm_2state,Ph 1,1.0,1.0,1.0,1.0,1.0
mmgpaypnopkm1q,hmm_2state,Ph 2,1.0,1.0,1.0,1.0,1.0
mmgpaypnopkm1q,hmm_2state,Ph 3,1.0,1.0,1.0,1.0,1.0
mmgpaypnopkm1q,hmm_2state,Ph 4,1.0,1.0,1.0,1.0,1.0
mmgpaypnopkm1q,hmm_3state,Full,1.0,1.0,1.0,1.0,1.0
mmgpaypnopkm1q,hmm_3state,Ph 1,1.0,1.0,1.0,1.0,1.0
mmgpaypnopkm1q,hmm_3state,Ph 2,1.0,1.0,1.0,1.0,1.0
mmgpaypnopkm1q,hmm_3state,Ph 3,1.0,1.0,1.0,1.0,1.0
mmgpaypnopkm1q,hmm_3state,Ph 4,1.0,1.0,1.0,1.0,1.0
mmgpaypnopkm1q,hmm_4state,Full,1.0,1.0,1.0,1.0,1.0
mmgpaypnopkm1q,hmm_4state,Ph 1,1.0,1.0,1.0,1.0,1.0
mmgpaypnopkm1q,hmm_4state,Ph 2,1.0,1.0,1.0,1.0,1.0
mmgpaypnopkm1q,hmm_4state,Ph 3,1.0,1.0,1.0,1.0,1.0
mmgpaypnopkm1q,hmm_4state,Ph 4,1.0,1.0,1.0,1.0,1.0
mmgpciu4e2yunz,random,Full,0.4916256157635468,0.4916256157635468,1.0,0.6591809775429326,0.0
mmgpciu4e2yunz,random,Ph 1,0.5019607843137255,0.5019607843137255,1.0,0.6684073107049608,0.0
mmgpciu4e2yunz,random,Ph 2,0.6403162055335968,0.6403162055335968,1.0,0.7807228915662651,0.0
mmgpciu4e2yunz,random,Ph 3,0.375,0.375,1.0,0.5454545454545454,0.0
mmgpciu4e2yunz,random,Ph 4,0.44787644787644787,0.44787644787644787,1.0,0.6186666666666667,0.0
mmgpciu4e2yunz,bias,Full,0.5083743842364532,0.0,0.0,0.0,0.0
mmgpciu4e2yunz,bias,Ph 1,0.4980392156862745,0.0,0.0,0.0,0.0
mmgpciu4e2yunz,bias,Ph 2,0.35968379446640314,0.0,0.0,0.0,0.0
mmgpciu4e2yunz,bias,Ph 3,0.625,0.0,0.0,0.0,0.0
mmgpciu4e2yunz,bias,Ph 4,0.5521235521235521,0.0,0.0,0.0,0.0
mmgpciu4e2yunz,wsls,Full,0.7083743842364532,0.8586572438162544,0.48697394789579157,0.6214833759590793,0.45649085958594077
mmgpciu4e2yunz,wsls,Ph 1,0.6901960784313725,0.8888888888888888,0.4375,0.5863874345549738,0.4432852405189488
mmgpciu4e2yunz,wsls,Ph 2,0.5138339920948617,0.8679245283018868,0.2839506172839506,0.42790697674418604,0.2441481249239985
mmgpciu4e2yunz,wsls,Ph 3,0.8225806451612904,0.855072463768116,0.6344086021505376,0.7283950617283951,0.6156716890908738
mmgpciu4e2yunz,wsls,Ph 4,0.806949806949807,0.8367346938775511,0.7068965517241379,0.7663551401869159,0.6100903609483538
mmgpciu4e2yunz,generalized_matching_law,Full,0.729064039408867,0.6951219512195121,0.7995991983967936,0.7437092264678472,0.4643913940999429
mmgpciu4e2yunz,generalized_matching_law,Ph 1,0.792156862745098,0.7483443708609272,0.8828125,0.8100358422939068,0.5937681689442101
mmgpciu4e2yunz,generalized_matching_law,Ph 2,0.8102766798418972,0.7740384615384616,0.9938271604938271,0.8702702702702703,0.5990615187953083
mmgpciu4e2yunz,generalized_matching_law,Ph 3,0.7580645161290323,1.0,0.3548387096774194,0.5238095238095238,0.5057805388588732
mmgpciu4e2yunz,generalized_matching_law,Ph 4,0.5598455598455598,0.5054945054945055,0.7931034482758621,0.6174496644295302,0.17813599982367956
mmgpciu4e2yunz,melioration,Full,0.7536945812807881,0.7243243243243244,0.8056112224448898,0.7628083491461101,0.5112725395275023
mmgpciu4e2yunz,melioration,Ph 1,0.7803921568627451,0.7535211267605634,0.8359375,0.7925925925925926,0.5640017646927632
mmgpciu4e2yunz,melioration,Ph 2,0.8458498023715415,0.8153846153846154,0.9814814814814815,0.8907563025210085,0.6688880138932137
mmgpciu4e2yunz,melioration,Ph 3,0.8104838709677419,0.9423076923076923,0.5268817204301075,0.6758620689655173,0.6035825366903792
mmgpciu4e2yunz,melioration,Ph 4,0.583011583011583,0.5240963855421686,0.75,0.6170212765957447,0.2047782888851781
mmgpciu4e2yunz,kinetic,Full,0.6758620689655173,0.6523297491039427,0.7294589178356713,0.6887417218543046,0.35520327806582525
mmgpciu4e2yunz,kinetic,Ph 1,0.7372549019607844,0.7132867132867133,0.796875,0.7527675276752768,0.4775788982466427
mmgpciu4e2yunz,kinetic,Ph 2,0.758893280632411,0.7487684729064039,0.9382716049382716,0.8328767123287671,0.4553485632728648
mmgpciu4e2yunz,kinetic,Ph 3,0.7459677419354839,0.8947368421052632,0.3655913978494624,0.5190839694656488,0.4566779172827032
mmgpciu4e2yunz,kinetic,Ph 4,0.4671814671814672,0.4367816091954023,0.6551724137931034,0.5241379310344828,-0.03192191258518314
mmgpciu4e2yunz,behavioral_momentum,Full,0.6827586206896552,0.6566371681415929,0.7434869739478958,0.6973684210526315,0.3698479668952364
mmgpciu4e2yunz,behavioral_momentum,Ph 1,0.7333333333333333,0.7,0.8203125,0.7553956834532374,0.47340791293000895
mmgpciu4e2yunz,behavioral_momentum,Ph 2,0.758893280632411,0.726457399103139,1.0,0.8415584415584415,0.4893786368996731
mmgpciu4e2yunz,behavioral_momentum,Ph 3,0.6814516129032258,0.8181818181818182,0.1935483870967742,0.3130434782608696,0.2856165790870632
mmgpciu4e2yunz,behavioral_momentum,Ph 4,0.5598455598455598,0.5058823529411764,0.7413793103448276,0.6013986013986014,0.16121461689681188
mmgpciu4e2yunz,hill_climbing,Full,0.8098522167487685,0.7802197802197802,0.8537074148296593,0.815311004784689,0.6228570202644573
mmgpciu4e2yunz,hill_climbing,Ph 1,0.8941176470588236,0.8740740740740741,0.921875,0.8973384030418251,0.7893775615014179
mmgpciu4e2yunz,hill_climbing,Ph 2,0.9209486166007905,0.9176470588235294,0.9629629629629629,0.9397590361445783,0.8270388675191361
mmgpciu4e2yunz,hill_climbing,Ph 3,0.8709677419354839,0.8765432098765432,0.7634408602150538,0.8160919540229885,0.7215010815309318
mmgpciu4e2yunz,hill_climbing,Ph 4,0.5598455598455598,0.50625,0.6982758620689655,0.5869565217391305,0.14923176186178028
mmgpciu4e2yunz,q_learning,Full,0.7536945812807881,0.7243243243243244,0.8056112224448898,0.7628083491461101,0.5112725395275023
mmgpciu4e2yunz,q_learning,Ph 1,0.7803921568627451,0.7535211267605634,0.8359375,0.7925925925925926,0.5640017646927632
mmgpciu4e2yunz,q_learning,Ph 2,0.8458498023715415,0.8153846153846154,0.9814814814814815,0.8907563025210085,0.6688880138932137
mmgpciu4e2yunz,q_learning,Ph 3,0.8104838709677419,0.9423076923076923,0.5268817204301075,0.6758620689655173,0.6035825366903792
mmgpciu4e2yunz,q_learning,Ph 4,0.583011583011583,0.5240963855421686,0.75,0.6170212765957447,0.2047782888851781
mmgpciu4e2yunz,q_dual_alpha,Full,0.7527093596059113,0.7222222222222222,0.8076152304609219,0.7625354777672658,0.5096861469734665
mmgpciu4e2yunz,q_dual_alpha,Ph 1,0.7764705882352941,0.75177304964539,0.828125,0.7881040892193308,0.5556537164345178
mmgpciu4e2yunz,q_dual_alpha,Ph 2,0.8458498023715415,0.8090452261306532,0.9938271604938271,0.8919667590027701,0.6749347075032944
mmgpciu4e2yunz,q_dual_alpha,Ph 3,0.8104838709677419,0.9423076923076923,0.5268817204301075,0.6758620689655173,0.6035825366903792
mmgpciu4e2yunz,q_dual_alpha,Ph 4,0.583011583011583,0.5240963855421686,0.75,0.6170212765957447,0.2047782888851781
mmgpciu4e2yunz,q_forgetting,Full,0.7389162561576355,0.7158671586715867,0.7775551102204409,0.7454370797310279,0.480149039553229
mmgpciu4e2yunz,q_forgetting,Ph 1,0.7686274509803922,0.7518248175182481,0.8046875,0.7773584905660378,0.5384636130531518
mmgpciu4e2yunz,q_forgetting,Ph 2,0.841897233201581,0.8112244897959183,0.9814814814814815,0.888268156424581,0.6603832358119518
mmgpciu4e2yunz,q_forgetting,Ph 3,0.7862903225806451,0.9166666666666666,0.4731182795698925,0.624113475177305,0.5481281277625192
mmgpciu4e2yunz,q_forgetting,Ph 4,0.5637065637065637,0.5093167701863354,0.7068965517241379,0.592057761732852,0.1583638809270195
mmgpciu4e2yunz,hmm_2state,Full,0.9881773399014778,1.0,0.9759519038076152,0.9878296146044625,0.976612092245984
mmgpciu4e2yunz,hmm_2state,Ph 1,0.984313725490196,1.0,0.96875,0.9841269841269841,0.9691077583675843
mmgpciu4e2yunz,hmm_2state,Ph 2,0.9881422924901185,1.0,0.9814814814814815,0.9906542056074766,0.9747602804858861
mmgpciu4e2yunz,hmm_2state,Ph 3,0.9879032258064516,1.0,0.967741935483871,0.9836065573770492,0.9743547036924464
mmgpciu4e2yunz,hmm_2state,Ph 4,0.9922779922779923,1.0,0.9827586206896551,0.991304347826087,0.9844812488665277
mmgpciu4e2yunz,hmm_3state,Full,0.9881773399014778,1.0,0.9759519038076152,0.9878296146044625,0.976612092245984
mmgpciu4e2yunz,hmm_3state,Ph 1,0.984313725490196,1.0,0.96875,0.9841269841269841,0.9691077583675843
mmgpciu4e2yunz,hmm_3state,Ph 2,0.9881422924901185,1.0,0.9814814814814815,0.9906542056074766,0.9747602804858861
mmgpciu4e2yunz,hmm_3state,Ph 3,0.9879032258064516,1.0,0.967741935483871,0.9836065573770492,0.9743547036924464
mmgpciu4e2yunz,hmm_3state,Ph 4,0.9922779922779923,1.0,0.9827586206896551,0.991304347826087,0.9844812488665277
mmgpciu4e2yunz,hmm_4state,Full,0.9881773399014778,1.0,0.9759519038076152,0.9878296146044625,0.976612092245984
mmgpciu4e2yunz,hmm_4state,Ph 1,0.984313725490196,1.0,0.96875,0.9841269841269841,0.9691077583675843
mmgpciu4e2yunz,hmm_4state,Ph 2,0.9881422924901185,1.0,0.9814814814814815,0.9906542056074766,0.9747602804858861
mmgpciu4e2yunz,hmm_4state,Ph 3,0.9879032258064516,1.0,0.967741935483871,0.9836065573770492,0.9743547036924464
mmgpciu4e2yunz,hmm_4state,Ph 4,0.9922779922779923,1.0,0.9827586206896551,0.991304347826087,0.9844812488665277
mmgpgi4g1jzpv2,random,Full,0.46804326450344147,0.46804326450344147,1.0,0.6376423308774279,0.0
mmgpgi4g1jzpv2,random,Ph 1,0.5,0.5,1.0,0.6666666666666666,0.0
mmgpgi4g1jzpv2,random,Ph 2,0.5036764705882353,0.5036764705882353,1.0,0.6699266503667481,0.0
mmgpgi4g1jzpv2,random,Ph 3,0.4007220216606498,0.4007220216606498,1.0,0.5721649484536082,0.0
mmgpgi4g1jzpv2,random,Ph 4,0.4772727272727273,0.4772727272727273,1.0,0.6461538461538462,0.0
mmgpgi4g1jzpv2,bias,Full,0.5319567354965585,0.0,0.0,0.0,0.0
mmgpgi4g1jzpv2,bias,Ph 1,0.5,0.0,0.0,0.0,0.0
mmgpgi4g1jzpv2,bias,Ph 2,0.4963235294117647,0.0,0.0,0.0,0.0
mmgpgi4g1jzpv2,bias,Ph 3,0.5992779783393501,0.0,0.0,0.0,0.0
mmgpgi4g1jzpv2,bias,Ph 4,0.5227272727272727,0.0,0.0,0.0,0.0
mmgpgi4g1jzpv2,wsls,Full,0.7168141592920354,0.8587786259541985,0.4726890756302521,0.6097560975609756,0.4612949820537353
mmgpgi4g1jzpv2,wsls,Ph 1,0.5490196078431373,0.7272727272727273,0.1568627450980392,0.25806451612903225,0.15803488531025348
mmgpgi4g1jzpv2,wsls,Ph 2,0.6544117647058824,0.8909090909090909,0.35766423357664234,0.5104166666666666,0.38991069610593526
mmgpgi4g1jzpv2,wsls,Ph 3,0.7978339350180506,0.8481012658227848,0.6036036036036037,0.7052631578947368,0.5766615800668426
mmgpgi4g1jzpv2,wsls,Ph 4,0.8257575757575758,0.8773584905660378,0.7380952380952381,0.8017241379310345,0.6560796964091978
mmgpgi4g1jzpv2,generalized_matching_law,Full,0.5781710914454278,0.5423423423423424,0.6323529411764706,0.5838991270611057,0.16320286233087627
mmgpgi4g1jzpv2,generalized_matching_law,Ph 1,0.5245098039215687,0.5151515151515151,0.8333333333333334,0.6367041198501873,0.062329799333897144
mmgpgi4g1jzpv2,generalized_matching_law,Ph 2,0.5514705882352942,0.5384615384615384,0.7664233576642335,0.6325301204819277,0.1107150178499882
mmgpgi4g1jzpv2,generalized_matching_law,Ph 3,0.6498194945848376,0.6346153846153846,0.2972972972972973,0.4049079754601227,0.22945236938646876
mmgpgi4g1jzpv2,generalized_matching_law,Ph 4,0.571969696969697,0.5454545454545454,0.6190476190476191,0.5799256505576208,0.14839628298601518
mmgpgi4g1jzpv2,melioration,Full,0.6509341199606686,0.6174757281553398,0.6680672268907563,0.6417759838546923,0.30333013371946965
mmgpgi4g1jzpv2,melioration,Ph 1,0.6323529411764706,0.5985401459854015,0.803921568627451,0.6861924686192469,0.28181628087698996
mmgpgi4g1jzpv2,melioration,Ph 2,0.5036764705882353,0.5053191489361702,0.6934306569343066,0.5846153846153846,0.00491511349483563
mmgpgi4g1jzpv2,melioration,Ph 3,0.7689530685920578,0.821917808219178,0.5405405405405406,0.6521739130434783,0.5141556351751785
mmgpgi4g1jzpv2,melioration,Ph 4,0.6931818181818182,0.6923076923076923,0.6428571428571429,0.6666666666666666,0.3840806759251487
mmgpgi4g1jzpv2,kinetic,Full,0.5447394296951819,0.512241054613936,0.5714285714285714,0.5402184707050646,0.09258668293507749
mmgpgi4g1jzpv2,kinetic,Ph 1,0.5490196078431373,0.5362318840579711,0.7254901960784313,0.6166666666666667,0.10478243557698858
mmgpgi4g1jzpv2,kinetic,Ph 2,0.4632352941176471,0.47692307692307695,0.6788321167883211,0.5602409638554217,-0.08515155031389338
mmgpgi4g1jzpv2,kinetic,Ph 3,0.6173285198555957,0.543859649122807,0.27927927927927926,0.36904761904761907,0.14867711918810114
mmgpgi4g1jzpv2,kinetic,Ph 4,0.5492424242424242,0.524822695035461,0.5873015873015873,0.5543071161048689,0.10192631860359685
mmgpgi4g1jzpv2,behavioral_momentum,Full,0.5889872173058014,0.5537037037037037,0.6281512605042017,0.5885826771653543,0.1826572148225523
mmgpgi4g1jzpv2,behavioral_momentum,Ph 1,0.5833333333333334,0.5527950310559007,0.8725490196078431,0.6768060836501901,0.2043157073667089
mmgpgi4g1jzpv2,behavioral_momentum,Ph 2,0.4889705882352941,0.49514563106796117,0.7445255474452555,0.5947521865889213,-0.030143602268772253
mmgpgi4g1jzpv2,behavioral_momentum,Ph 3,0.631768953068592,0.6,0.24324324324324326,0.34615384615384615,0.1790959680416062
mmgpgi4g1jzpv2,behavioral_momentum,Ph 4,0.6515151515151515,0.6328125,0.6428571428571429,0.6377952755905512,0.3021037399824153
mmgpgi4g1jzpv2,hill_climbing,Full,0.7423795476892822,0.6996268656716418,0.7878151260504201,0.741106719367589,0.48993278659598993
mmgpgi4g1jzpv2,hill_climbing,Ph 1,0.7794117647058824,0.7821782178217822,0.7745098039215687,0.7783251231527094,0.5588503875344539
mmgpgi4g1jzpv2,hill_climbing,Ph 2,0.6617647058823529,0.616580310880829,0.8686131386861314,0.7212121212121212,0.3529519285626334
mmgpgi4g1jzpv2,hill_climbing,Ph 3,0.8664259927797834,0.8627450980392157,0.7927927927927928,0.8262910798122066,0.7197952306886893
mmgpgi4g1jzpv2,hill_climbing,Ph 4,0.6666666666666666,0.6357142857142857,0.7063492063492064,0.6691729323308271,0.3370554795211022
mmgpgi4g1jzpv2,q_learning,Full,0.6509341199606686,0.6174757281553398,0.6680672268907563,0.6417759838546923,0.30333013371946965
mmgpgi4g1jzpv2,q_learning,Ph 1,0.6323529411764706,0.5985401459854015,0.803921568627451,0.6861924686192469,0.28181628087698996
mmgpgi4g1jzpv2,q_learning,Ph 2,0.5036764705882353,0.5053191489361702,0.6934306569343066,0.5846153846153846,0.00491511349483563
mmgpgi4g1jzpv2,q_learning,Ph 3,0.7689530685920578,0.821917808219178,0.5405405405405406,0.6521739130434783,0.5141556351751785
mmgpgi4g1jzpv2,q_learning,Ph 4,0.6931818181818182,0.6923076923076923,0.6428571428571429,0.6666666666666666,0.3840806759251487
mmgpgi4g1jzpv2,q_dual_alpha,Full,0.6509341199606686,0.6161228406909789,0.6743697478991597,0.6439317953861585,0.3041529479783056
mmgpgi4g1jzpv2,q_dual_alpha,Ph 1,0.6323529411764706,0.5944055944055944,0.8333333333333334,0.6938775510204082,0.289088508141328
mmgpgi4g1jzpv2,q_dual_alpha,Ph 2,0.5036764705882353,0.5053191489361702,0.6934306569343066,0.5846153846153846,0.00491511349483563
mmgpgi4g1jzpv2,q_dual_alpha,Ph 3,0.7689530685920578,0.821917808219178,0.5405405405405406,0.6521739130434783,0.5141556351751785
mmgpgi4g1jzpv2,q_dual_alpha,Ph 4,0.6931818181818182,0.6923076923076923,0.6428571428571429,0.6666666666666666,0.3840806759251487
mmgpgi4g1jzpv2,q_forgetting,Full,0.615535889872173,0.5825242718446602,0.6302521008403361,0.6054490413723511,0.23238283313085376
mmgpgi4g1jzpv2,q_forgetting,Ph 1,0.6617647058823529,0.6299212598425197,0.7843137254901961,0.6986899563318777,0.3337080758162992
mmgpgi4g1jzpv2,q_forgetting,Ph 2,0.49264705882352944,0.4972972972972973,0.6715328467153284,0.5714285714285714,-0.018605115654878386
mmgpgi4g1jzpv2,q_forgetting,Ph 3,0.7364620938628159,0.7375,0.5315315315315315,0.6178010471204188,0.4379452311726709
mmgpgi4g1jzpv2,q_forgetting,Ph 4,0.5795454545454546,0.5609756097560976,0.5476190476190477,0.5542168674698795,0.1565173638217945
mmgpgi4g1jzpv2,hmm_2state,Full,0.9193706981317601,0.8530465949820788,1.0,0.9206963249516441,0.8507345821107856
mmgpgi4g1jzpv2,hmm_2state,Ph 1,0.8578431372549019,0.7786259541984732,1.0,0.8755364806866953,0.7464930732411028
mmgpgi4g1jzpv2,hmm_2state,Ph 2,0.9522058823529411,0.9133333333333333,1.0,0.9547038327526133,0.9085057600529469
mmgpgi4g1jzpv2,hmm_2state,Ph 3,0.924187725631769,0.8409090909090909,1.0,0.9135802469135802,0.8570466878715977
mmgpgi4g1jzpv2,hmm_2state,Ph 4,0.928030303030303,0.8689655172413793,1.0,0.9298892988929889,0.8656357994741982
mmgpgi4g1jzpv2,hmm_3state,Full,0.9193706981317601,0.8530465949820788,1.0,0.9206963249516441,0.8507345821107856
mmgpgi4g1jzpv2,hmm_3state,Ph 1,0.8578431372549019,0.7786259541984732,1.0,0.8755364806866953,0.7464930732411028
mmgpgi4g1jzpv2,hmm_3state,Ph 2,0.9522058823529411,0.9133333333333333,1.0,0.9547038327526133,0.9085057600529469
mmgpgi4g1jzpv2,hmm_3state,Ph 3,0.924187725631769,0.8409090909090909,1.0,0.9135802469135802,0.8570466878715977
mmgpgi4g1jzpv2,hmm_3state,Ph 4,0.928030303030303,0.8689655172413793,1.0,0.9298892988929889,0.8656357994741982
mmgpgi4g1jzpv2,hmm_4state,Full,0.9193706981317601,0.8530465949820788,1.0,0.9206963249516441,0.8507345821107856
mmgpgi4g1jzpv2,hmm_4state,Ph 1,0.8578431372549019,0.7786259541984732,1.0,0.8755364806866953,0.7464930732411028
mmgpgi4g1jzpv2,hmm_4state,Ph 2,0.9522058823529411,0.9133333333333333,1.0,0.9547038327526133,0.9085057600529469
mmgpgi4g1jzpv2,hmm_4state,Ph 3,0.924187725631769,0.8409090909090909,1.0,0.9135802469135802,0.8570466878715977
mmgpgi4g1jzpv2,hmm_4state,Ph 4,0.928030303030303,0.8689655172413793,1.0,0.9298892988929889,0.8656357994741982
mmgpiq4ct3r8s1,random,Full,0.46352941176470586,0.46352941176470586,1.0,0.6334405144694534,0.0
mmgpiq4ct3r8s1,random,Ph 1,0.4622222222222222,0.4622222222222222,1.0,0.6322188449848024,0.0
mmgpiq4ct3r8s1,random,Ph 2,0.5762081784386617,0.5762081784386617,1.0,0.7311320754716981,0.0
mmgpiq4ct3r8s1,random,Ph 3,0.1650485436893204,0.1650485436893204,1.0,0.2833333333333333,0.0
mmgpiq4ct3r8s1,random,Ph 4,0.466403162055336,0.466403162055336,1.0,0.6361185983827493,0.0
mmgpiq4ct3r8s1,bias,Full,0.5364705882352941,0.0,0.0,0.0,0.0
mmgpiq4ct3r8s1,bias,Ph 1,0.5377777777777778,0.0,0.0,0.0,0.0
mmgpiq4ct3r8s1,bias,Ph 2,0.42379182156133827,0.0,0.0,0.0,0.0
mmgpiq4ct3r8s1,bias,Ph 3,0.8349514563106796,0.0,0.0,0.0,0.0
mmgpiq4ct3r8s1,bias,Ph 4,0.5335968379446641,0.0,0.0,0.0,0.0
mmgpiq4ct3r8s1,wsls,Full,0.6764705882352942,0.8324022346368715,0.37817258883248733,0.5200698080279232,0.3820588887220864
mmgpiq4ct3r8s1,wsls,Ph 1,0.5911111111111111,0.8,0.15384615384615385,0.25806451612903225,0.21161298081458343
mmgpiq4ct3r8s1,wsls,Ph 2,0.5650557620817844,0.8275862068965517,0.3096774193548387,0.4507042253521127,0.2667068009053325
mmgpiq4ct3r8s1,wsls,Ph 3,0.8543689320388349,0.75,0.17647058823529413,0.2857142857142857,0.3167347860676652
mmgpiq4ct3r8s1,wsls,Ph 4,0.7984189723320159,0.845360824742268,0.6949152542372882,0.7627906976744186,0.5990000992420456
mmgpiq4ct3r8s1,generalized_matching_law,Full,0.6423529411764706,0.6584507042253521,0.4746192893401015,0.551622418879056,0.2768844908658457
mmgpiq4ct3r8s1,generalized_matching_law,Ph 1,0.6044444444444445,0.8,0.19230769230769232,0.31007751937984496,0.23952963018816714
mmgpiq4ct3r8s1,generalized_matching_law,Ph 2,0.6245353159851301,0.65,0.7548387096774194,0.6985074626865672,0.21236526581223242
mmgpiq4ct3r8s1,generalized_matching_law,Ph 3,0.8446601941747572,1.0,0.058823529411764705,0.1111111111111111,0.22270228807059894
mmgpiq4ct3r8s1,generalized_matching_law,Ph 4,0.6126482213438735,0.6282051282051282,0.4152542372881356,0.5,0.21653330513180877
mmgpiq4ct3r8s1,melioration,Full,0.6470588235294118,0.5890151515151515,0.7893401015228426,0.6746203904555315,0.3222343203310131
mmgpiq4ct3r8s1,melioration,Ph 1,0.6177777777777778,0.5511363636363636,0.9326923076923077,0.6928571428571428,0.3379887899801233
mmgpiq4ct3r8s1,melioration,Ph 2,0.6059479553903345,0.6042553191489362,0.9161290322580645,0.7282051282051282,0.14921657633200708
mmgpiq4ct3r8s1,melioration,Ph 3,0.883495145631068,0.6470588235294118,0.6470588235294118,0.6470588235294118,0.5772913816689467
mmgpiq4ct3r8s1,melioration,Ph 4,0.6205533596837944,0.61,0.5169491525423728,0.5596330275229358,0.23270825768118664
mmgpiq4ct3r8s1,kinetic,Full,0.4752941176470588,0.44583333333333336,0.5431472081218274,0.4897025171624714,-0.04041896464353262
mmgpiq4ct3r8s1,kinetic,Ph 1,0.3022222222222222,0.27350427350427353,0.3076923076923077,0.2895927601809955,-0.3939738747133783
mmgpiq4ct3r8s1,kinetic,Ph 2,0.550185873605948,0.5894736842105263,0.7225806451612903,0.6492753623188405,0.04163140548354029
mmgpiq4ct3r8s1,kinetic,Ph 3,0.5242718446601942,0.18,0.5294117647058824,0.26865671641791045,0.03911957265640119
mmgpiq4ct3r8s1,kinetic,Ph 4,0.5296442687747036,0.4959349593495935,0.5169491525423728,0.5062240663900415,0.057581555359744914
mmgpiq4ct3r8s1,behavioral_momentum,Full,0.6270588235294118,0.5683836589698046,0.8121827411167513,0.6687565308254964,0.29450160713337
mmgpiq4ct3r8s1,behavioral_momentum,Ph 1,0.6488888888888888,0.5757575757575758,0.9134615384615384,0.7063197026022305,0.3776335983475732
mmgpiq4ct3r8s1,behavioral_momentum,Ph 2,0.5985130111524164,0.5943775100401606,0.9548387096774194,0.7326732673267327,0.1297351421736622
mmgpiq4ct3r8s1,behavioral_momentum,Ph 3,0.8252427184466019,0.48148148148148145,0.7647058823529411,0.5909090909090909,0.5080662046261166
mmgpiq4ct3r8s1,behavioral_momentum,Ph 4,0.5573122529644269,0.5245901639344263,0.5423728813559322,0.5333333333333333,0.11255968816633502
mmgpiq4ct3r8s1,hill_climbing,Full,0.5117647058823529,0.4793713163064833,0.6192893401015228,0.540420819490587,0.03881302457000016
mmgpiq4ct3r8s1,hill_climbing,Ph 1,0.4488888888888889,0.41228070175438597,0.4519230769230769,0.43119266055045874,-0.10151398108303894
mmgpiq4ct3r8s1,hill_climbing,Ph 2,0.6356877323420075,0.6461538461538462,0.8129032258064516,0.72,0.22977155927206808
mmgpiq4ct3r8s1,hill_climbing,Ph 3,0.3786407766990291,0.19480519480519481,0.8823529411764706,0.3191489361702128,0.13794510055162115
mmgpiq4ct3r8s1,hill_climbing,Ph 4,0.4901185770750988,0.45528455284552843,0.4745762711864407,0.46473029045643155,-0.021679236294310924
mmgpiq4ct3r8s1,q_learning,Full,0.6470588235294118,0.5890151515151515,0.7893401015228426,0.6746203904555315,0.3222343203310131
mmgpiq4ct3r8s1,q_learning,Ph 1,0.6177777777777778,0.5511363636363636,0.9326923076923077,0.6928571428571428,0.3379887899801233
mmgpiq4ct3r8s1,q_learning,Ph 2,0.6059479553903345,0.6042553191489362,0.9161290322580645,0.7282051282051282,0.14921657633200708
mmgpiq4ct3r8s1,q_learning,Ph 3,0.883495145631068,0.6470588235294118,0.6470588235294118,0.6470588235294118,0.5772913816689467
mmgpiq4ct3r8s1,q_learning,Ph 4,0.6205533596837944,0.61,0.5169491525423728,0.5596330275229358,0.23270825768118664
mmgpiq4ct3r8s1,q_dual_alpha,Full,0.6435294117647059,0.5856873822975518,0.7893401015228426,0.6724324324324324,0.31605460424106685
mmgpiq4ct3r8s1,q_dual_alpha,Ph 1,0.6177777777777778,0.5511363636363636,0.9326923076923077,0.6928571428571428,0.3379887899801233
mmgpiq4ct3r8s1,q_dual_alpha,Ph 2,0.6096654275092936,0.6068376068376068,0.9161290322580645,0.7300771208226221,0.16026799504553343
mmgpiq4ct3r8s1,q_dual_alpha,Ph 3,0.8737864077669902,0.5909090909090909,0.7647058823529411,0.6666666666666666,0.5978603846163275
mmgpiq4ct3r8s1,q_dual_alpha,Ph 4,0.6086956521739131,0.5959595959595959,0.5,0.543778801843318,0.20822307487981362
mmgpiq4ct3r8s1,q_forgetting,Full,0.5670588235294117,0.5265306122448979,0.6548223350253807,0.583710407239819,0.14739542648499412
mmgpiq4ct3r8s1,q_forgetting,Ph 1,0.44,0.41911764705882354,0.5480769230769231,0.475,-0.10687373400251896
mmgpiq4ct3r8s1,q_forgetting,Ph 2,0.5836431226765799,0.5947136563876652,0.8709677419354839,0.7068062827225131,0.08706078824699494
mmgpiq4ct3r8s1,q_forgetting,Ph 3,0.883495145631068,0.6470588235294118,0.6470588235294118,0.6470588235294118,0.5772913816689467
mmgpiq4ct3r8s1,q_forgetting,Ph 4,0.5335968379446641,0.5,0.4661016949152542,0.4824561403508772,0.059066244890220124
mmgpiq4ct3r8s1,hmm_2state,Full,1.0,1.0,1.0,1.0,1.0
mmgpiq4ct3r8s1,hmm_2state,Ph 1,1.0,1.0,1.0,1.0,1.0
mmgpiq4ct3r8s1,hmm_2state,Ph 2,1.0,1.0,1.0,1.0,1.0
mmgpiq4ct3r8s1,hmm_2state,Ph 3,1.0,1.0,1.0,1.0,1.0
mmgpiq4ct3r8s1,hmm_2state,Ph 4,1.0,1.0,1.0,1.0,1.0
mmgpiq4ct3r8s1,hmm_3state,Full,1.0,1.0,1.0,1.0,1.0
mmgpiq4ct3r8s1,hmm_3state,Ph 1,1.0,1.0,1.0,1.0,1.0
mmgpiq4ct3r8s1,hmm_3state,Ph 2,1.0,1.0,1.0,1.0,1.0
mmgpiq4ct3r8s1,hmm_3state,Ph 3,1.0,1.0,1.0,1.0,1.0
mmgpiq4ct3r8s1,hmm_3state,Ph 4,1.0,1.0,1.0,1.0,1.0
mmgpiq4ct3r8s1,hmm_4state,Full,1.0,1.0,1.0,1.0,1.0
mmgpiq4ct3r8s1,hmm_4state,Ph 1,1.0,1.0,1.0,1.0,1.0
mmgpiq4ct3r8s1,hmm_4state,Ph 2,1.0,1.0,1.0,1.0,1.0
mmgpiq4ct3r8s1,hmm_4state,Ph 3,1.0,1.0,1.0,1.0,1.0
mmgpiq4ct3r8s1,hmm_4state,Ph 4,1.0,1.0,1.0,1.0,1.0
mmgpqa16u4u07b,random,Full,0.5040567951318459,0.5040567951318459,1.0,0.6702629804450438,0.0
mmgpqa16u4u07b,random,Ph 1,0.4915254237288136,0.4915254237288136,1.0,0.6590909090909091,0.0
mmgpqa16u4u07b,random,Ph 2,0.6212765957446809,0.6212765957446809,1.0,0.7664041994750657,0.0
mmgpqa16u4u07b,random,Ph 3,0.4148148148148148,0.4148148148148148,1.0,0.5863874345549738,0.0
mmgpqa16u4u07b,random,Ph 4,0.5020408163265306,0.5020408163265306,1.0,0.6684782608695652,0.0
mmgpqa16u4u07b,bias,Full,0.49594320486815413,0.0,0.0,0.0,0.0
mmgpqa16u4u07b,bias,Ph 1,0.5084745762711864,0.0,0.0,0.0,0.0
mmgpqa16u4u07b,bias,Ph 2,0.37872340425531914,0.0,0.0,0.0,0.0
mmgpqa16u4u07b,bias,Ph 3,0.5851851851851851,0.0,0.0,0.0,0.0
mmgpqa16u4u07b,bias,Ph 4,0.49795918367346936,0.0,0.0,0.0,0.0
mmgpqa16u4u07b,wsls,Full,0.691683569979716,0.8483754512635379,0.47283702213279677,0.6072351421188631,0.43044891014632475
mmgpqa16u4u07b,wsls,Ph 1,0.6016949152542372,0.7619047619047619,0.27586206896551724,0.4050632911392405,0.25164578833204104
mmgpqa16u4u07b,wsls,Ph 2,0.4851063829787234,0.7906976744186046,0.2328767123287671,0.35978835978835977,0.16529034531987372
mmgpqa16u4u07b,wsls,Ph 3,0.8222222222222222,0.8902439024390244,0.6517857142857143,0.7525773195876289,0.637294191271168
mmgpqa16u4u07b,wsls,Ph 4,0.8326530612244898,0.8727272727272727,0.7804878048780488,0.8240343347639485,0.6692213540735714
mmgpqa16u4u07b,generalized_matching_law,Full,0.6764705882352942,0.7258883248730964,0.5754527162977867,0.6419753086419753,0.3619552019922444
mmgpqa16u4u07b,generalized_matching_law,Ph 1,0.6186440677966102,0.7166666666666667,0.3706896551724138,0.48863636363636365,0.26294610134355084
mmgpqa16u4u07b,generalized_matching_law,Ph 2,0.6893617021276596,0.6994535519125683,0.8767123287671232,0.7781155015197568,0.30234240349115604
mmgpqa16u4u07b,generalized_matching_law,Ph 3,0.7407407407407407,0.8620689655172413,0.44642857142857145,0.5882352941176471,0.4748174325460455
mmgpqa16u4u07b,generalized_matching_law,Ph 4,0.6489795918367347,0.6989247311827957,0.5284552845528455,0.6018518518518519,0.3080090873771793
mmgpqa16u4u07b,melioration,Full,0.7079107505070994,0.7181628392484343,0.6921529175050302,0.7049180327868853,0.41623346603463485
mmgpqa16u4u07b,melioration,Ph 1,0.7288135593220338,0.7549019607843137,0.6637931034482759,0.7064220183486238,0.45963930064088804
mmgpqa16u4u07b,melioration,Ph 2,0.7702127659574468,0.7473118279569892,0.952054794520548,0.8373493975903614,0.5062287766233718
mmgpqa16u4u07b,melioration,Ph 3,0.7148148148148148,0.7611940298507462,0.45535714285714285,0.5698324022346368,0.4038940128519103
mmgpqa16u4u07b,melioration,Ph 4,0.6204081632653061,0.6209677419354839,0.6260162601626016,0.6234817813765182,0.24078640506654708
mmgpqa16u4u07b,kinetic,Full,0.6206896551724138,0.6120218579234973,0.676056338028169,0.6424474187380497,0.242032109718769
mmgpqa16u4u07b,kinetic,Ph 1,0.6483050847457628,0.6386554621848739,0.6551724137931034,0.6468085106382979,0.29680709865927224
mmgpqa16u4u07b,kinetic,Ph 2,0.6425531914893617,0.6581632653061225,0.8835616438356164,0.7543859649122807,0.17047535694894658
mmgpqa16u4u07b,kinetic,Ph 3,0.6888888888888889,0.6521739130434783,0.5357142857142857,0.5882352941176471,0.3463506485586815
mmgpqa16u4u07b,kinetic,Ph 4,0.49795918367346936,0.5,0.5772357723577236,0.5358490566037736,-0.004792510721397633
mmgpqa16u4u07b,behavioral_momentum,Full,0.652129817444219,0.6590909090909091,0.641851106639839,0.6503567787971458,0.30446851204716235
mmgpqa16u4u07b,behavioral_momentum,Ph 1,0.6822033898305084,0.6782608695652174,0.6724137931034483,0.6753246753246753,0.3641458654043029
mmgpqa16u4u07b,behavioral_momentum,Ph 2,0.6468085106382979,0.6536585365853659,0.9178082191780822,0.7635327635327636,0.17450810771359093
mmgpqa16u4u07b,behavioral_momentum,Ph 3,0.7148148148148148,0.8070175438596491,0.4107142857142857,0.5443786982248521,0.41179820263823946
mmgpqa16u4u07b,behavioral_momentum,Ph 4,0.5591836734693878,0.5700934579439252,0.4959349593495935,0.5304347826086957,0.11984804303078717
mmgpqa16u4u07b,hill_climbing,Full,0.757606490872211,0.7600806451612904,0.7585513078470825,0.7593152064451159,0.5151901052433845
mmgpqa16u4u07b,hill_climbing,Ph 1,0.8601694915254238,0.8608695652173913,0.853448275862069,0.8571428571428571,0.7202443083687317
mmgpqa16u4u07b,hill_climbing,Ph 2,0.8425531914893617,0.8562091503267973,0.8972602739726028,0.8762541806020067,0.6615739883521125
mmgpqa16u4u07b,hill_climbing,Ph 3,0.8222222222222222,0.7962962962962963,0.7678571428571429,0.7818181818181819,0.6321993432805543
mmgpqa16u4u07b,hill_climbing,Ph 4,0.5061224489795918,0.5083333333333333,0.4959349593495935,0.5020576131687243,0.012330867406420086
mmgpqa16u4u07b,q_learning,Full,0.7079107505070994,0.7181628392484343,0.6921529175050302,0.7049180327868853,0.41623346603463485
mmgpqa16u4u07b,q_learning,Ph 1,0.7288135593220338,0.7549019607843137,0.6637931034482759,0.7064220183486238,0.45963930064088804
mmgpqa16u4u07b,q_learning,Ph 2,0.7702127659574468,0.7473118279569892,0.952054794520548,0.8373493975903614,0.5062287766233718
mmgpqa16u4u07b,q_learning,Ph 3,0.7148148148148148,0.7611940298507462,0.45535714285714285,0.5698324022346368,0.4038940128519103
mmgpqa16u4u07b,q_learning,Ph 4,0.6204081632653061,0.6209677419354839,0.6260162601626016,0.6234817813765182,0.24078640506654708
mmgpqa16u4u07b,q_dual_alpha,Full,0.7109533468559838,0.7217573221757322,0.6941649899396378,0.7076923076923077,0.42236299772625485
mmgpqa16u4u07b,q_dual_alpha,Ph 1,0.7288135593220338,0.7549019607843137,0.6637931034482759,0.7064220183486238,0.45963930064088804
mmgpqa16u4u07b,q_dual_alpha,Ph 2,0.7787234042553192,0.7554347826086957,0.952054794520548,0.8424242424242424,0.525336328693563
mmgpqa16u4u07b,q_dual_alpha,Ph 3,0.7185185185185186,0.7647058823529411,0.4642857142857143,0.5777777777777777,0.41203853690770825
mmgpqa16u4u07b,q_dual_alpha,Ph 4,0.6204081632653061,0.6209677419354839,0.6260162601626016,0.6234817813765182,0.24078640506654708
mmgpqa16u4u07b,q_forgetting,Full,0.6774847870182555,0.6892177589852009,0.6559356136820925,0.6721649484536083,0.35560316005461634
mmgpqa16u4u07b,q_forgetting,Ph 1,0.7372881355932204,0.7596153846153846,0.6810344827586207,0.7181818181818181,0.4759952739441753
mmgpqa16u4u07b,q_forgetting,Ph 2,0.7489361702127659,0.7403314917127072,0.9178082191780822,0.8195718654434251,0.44935139930795087
mmgpqa16u4u07b,q_forgetting,Ph 3,0.6666666666666666,0.6486486486486487,0.42857142857142855,0.5161290322580645,0.2916227383898885
mmgpqa16u4u07b,q_forgetting,Ph 4,0.563265306122449,0.5701754385964912,0.5284552845528455,0.5485232067510548,0.1271212760622826
mmgpqa16u4u07b,hmm_2state,Full,1.0,1.0,1.0,1.0,1.0
mmgpqa16u4u07b,hmm_2state,Ph 1,1.0,1.0,1.0,1.0,1.0
mmgpqa16u4u07b,hmm_2state,Ph 2,1.0,1.0,1.0,1.0,1.0
mmgpqa16u4u07b,hmm_2state,Ph 3,1.0,1.0,1.0,1.0,1.0
mmgpqa16u4u07b,hmm_2state,Ph 4,1.0,1.0,1.0,1.0,1.0
mmgpqa16u4u07b,hmm_3state,Full,1.0,1.0,1.0,1.0,1.0
mmgpqa16u4u07b,hmm_3state,Ph 1,1.0,1.0,1.0,1.0,1.0
mmgpqa16u4u07b,hmm_3state,Ph 2,1.0,1.0,1.0,1.0,1.0
mmgpqa16u4u07b,hmm_3state,Ph 3,1.0,1.0,1.0,1.0,1.0
mmgpqa16u4u07b,hmm_3state,Ph 4,1.0,1.0,1.0,1.0,1.0
mmgpqa16u4u07b,hmm_4state,Full,1.0,1.0,1.0,1.0,1.0
mmgpqa16u4u07b,hmm_4state,Ph 1,1.0,1.0,1.0,1.0,1.0
mmgpqa16u4u07b,hmm_4state,Ph 2,1.0,1.0,1.0,1.0,1.0
mmgpqa16u4u07b,hmm_4state,Ph 3,1.0,1.0,1.0,1.0,1.0
mmgpqa16u4u07b,hmm_4state,Ph 4,1.0,1.0,1.0,1.0,1.0
mmgpy8l4xh9nto,random,Full,0.49271402550091076,0.49271402550091076,1.0,0.6601586333129957,0.0
mmgpy8l4xh9nto,random,Ph 1,0.5016949152542373,0.5016949152542373,1.0,0.6681715575620768,0.0
mmgpy8l4xh9nto,random,Ph 2,0.5719424460431655,0.5719424460431655,1.0,0.7276887871853547,0.0
mmgpy8l4xh9nto,random,Ph 3,0.375,0.375,1.0,0.5454545454545454,0.0
mmgpy8l4xh9nto,random,Ph 4,0.5217391304347826,0.5217391304347826,1.0,0.6857142857142857,0.0
mmgpy8l4xh9nto,bias,Full,0.5072859744990893,0.0,0.0,0.0,0.0
mmgpy8l4xh9nto,bias,Ph 1,0.49830508474576274,0.0,0.0,0.0,0.0
mmgpy8l4xh9nto,bias,Ph 2,0.42805755395683454,0.0,0.0,0.0,0.0
mmgpy8l4xh9nto,bias,Ph 3,0.625,0.0,0.0,0.0,0.0
mmgpy8l4xh9nto,bias,Ph 4,0.4782608695652174,0.0,0.0,0.0,0.0
mmgpy8l4xh9nto,wsls,Full,0.5245901639344263,0.5290519877675841,0.3197781885397412,0.3986175115207373,0.04733510740559681
mmgpy8l4xh9nto,wsls,Ph 1,0.36271186440677966,0.3076923076923077,0.21621621621621623,0.25396825396825395,-0.28631232534446843
mmgpy8l4xh9nto,wsls,Ph 2,0.4460431654676259,0.6,0.09433962264150944,0.16304347826086957,0.017825113488246565
mmgpy8l4xh9nto,wsls,Ph 3,0.7022058823529411,0.6363636363636364,0.4803921568627451,0.547486033519553,0.33924822046601083
mmgpy8l4xh9nto,wsls,Ph 4,0.6086956521739131,0.6363636363636364,0.5833333333333334,0.6086956521739131,0.2196969696969697
mmgpy8l4xh9nto,generalized_matching_law,Full,0.5846994535519126,0.5709515859766278,0.6321626617375231,0.6,0.171456734719515
mmgpy8l4xh9nto,generalized_matching_law,Ph 1,0.535593220338983,0.5447154471544715,0.4527027027027027,0.4944649446494465,0.07276065480535039
mmgpy8l4xh9nto,generalized_matching_law,Ph 2,0.5719424460431655,0.5719424460431655,1.0,0.7276887871853547,0.0
mmgpy8l4xh9nto,generalized_matching_law,Ph 3,0.6911764705882353,0.6875,0.3235294117647059,0.44,0.2988071523335984
mmgpy8l4xh9nto,generalized_matching_law,Ph 4,0.541501976284585,0.5533333333333333,0.6287878787878788,0.5886524822695035,0.0763264898887848
mmgpy8l4xh9nto,melioration,Full,0.5801457194899818,0.5706713780918727,0.5970425138632163,0.5835591689250226,0.16083686213724746
mmgpy8l4xh9nto,melioration,Ph 1,0.5152542372881356,0.518796992481203,0.46621621621621623,0.49110320284697506,0.03099200456483322
mmgpy8l4xh9nto,melioration,Ph 2,0.5827338129496403,0.5811320754716981,0.9685534591194969,0.7264150943396226,0.08385365797192869
mmgpy8l4xh9nto,melioration,Ph 3,0.6764705882352942,0.675,0.2647058823529412,0.38028169014084506,0.2573070083610708
mmgpy8l4xh9nto,melioration,Ph 4,0.549407114624506,0.5703125,0.553030303030303,0.5615384615384615,0.09839863650816848
mmgpy8l4xh9nto,kinetic,Full,0.5491803278688525,0.5461847389558233,0.5027726432532348,0.5235803657362849,0.09743862236256456
mmgpy8l4xh9nto,kinetic,Ph 1,0.5016949152542373,0.5053763440860215,0.31756756756756754,0.3900414937759336,0.0049959109621384185
mmgpy8l4xh9nto,kinetic,Ph 2,0.5719424460431655,0.5719424460431655,1.0,0.7276887871853547,0.0
mmgpy8l4xh9nto,kinetic,Ph 3,0.6544117647058824,0.58,0.28431372549019607,0.3815789473684211,0.20095866337230744
mmgpy8l4xh9nto,kinetic,Ph 4,0.466403162055336,0.4805194805194805,0.2803030303030303,0.35406698564593303,-0.054580083786435384
mmgpy8l4xh9nto,behavioral_momentum,Full,0.563752276867031,0.5596153846153846,0.5378927911275416,0.5485391140433553,0.12692547671101045
mmgpy8l4xh9nto,behavioral_momentum,Ph 1,0.49491525423728816,0.4945054945054945,0.30405405405405406,0.37656903765690375,-0.00960355447190076
mmgpy8l4xh9nto,behavioral_momentum,Ph 2,0.5719424460431655,0.5719424460431655,1.0,0.7276887871853547,0.0
mmgpy8l4xh9nto,behavioral_momentum,Ph 3,0.6838235294117647,0.7,0.27450980392156865,0.39436619718309857,0.27874925905782666
mmgpy8l4xh9nto,behavioral_momentum,Ph 4,0.5059288537549407,0.5315315315315315,0.44696969696969696,0.48559670781893005,0.01733194816392521
mmgpy8l4xh9nto,hill_climbing,Full,0.5428051001821493,0.5343915343915344,0.5600739371534196,0.5469314079422383,0.08614342434488655
mmgpy8l4xh9nto,hill_climbing,Ph 1,0.5423728813559322,0.5481481481481482,0.5,0.5229681978798587,0.0853405284428832
mmgpy8l4xh9nto,hill_climbing,Ph 2,0.5503597122302158,0.5720338983050848,0.8490566037735849,0.6835443037974683,0.0004381255301679811
mmgpy8l4xh9nto,hill_climbing,Ph 3,0.5919117647058824,0.4457831325301205,0.3627450980392157,0.4,0.09689074162952116
mmgpy8l4xh9nto,hill_climbing,Ph 4,0.48221343873517786,0.504424778761062,0.4318181818181818,0.46530612244897956,-0.0311402653261558
mmgpy8l4xh9nto,q_learning,Full,0.5801457194899818,0.5706713780918727,0.5970425138632163,0.5835591689250226,0.16083686213724746
mmgpy8l4xh9nto,q_learning,Ph 1,0.5152542372881356,0.518796992481203,0.46621621621621623,0.49110320284697506,0.03099200456483322
mmgpy8l4xh9nto,q_learning,Ph 2,0.5827338129496403,0.5811320754716981,0.9685534591194969,0.7264150943396226,0.08385365797192869
mmgpy8l4xh9nto,q_learning,Ph 3,0.6764705882352942,0.675,0.2647058823529412,0.38028169014084506,0.2573070083610708
mmgpy8l4xh9nto,q_learning,Ph 4,0.549407114624506,0.5703125,0.553030303030303,0.5615384615384615,0.09839863650816848
mmgpy8l4xh9nto,q_dual_alpha,Full,0.5783242258652095,0.5684210526315789,0.5988909426987061,0.5832583258325833,0.1573376898177132
mmgpy8l4xh9nto,q_dual_alpha,Ph 1,0.5152542372881356,0.518796992481203,0.46621621621621623,0.49110320284697506,0.03099200456483322
mmgpy8l4xh9nto,q_dual_alpha,Ph 2,0.579136690647482,0.5777777777777777,0.9811320754716981,0.7272727272727273,0.06851334825723672
mmgpy8l4xh9nto,q_dual_alpha,Ph 3,0.6727941176470589,0.6666666666666666,0.2549019607843137,0.36879432624113473,0.24648216430399367
mmgpy8l4xh9nto,q_dual_alpha,Ph 4,0.549407114624506,0.5703125,0.553030303030303,0.5615384615384615,0.09839863650816848
mmgpy8l4xh9nto,q_forgetting,Full,0.5856102003642987,0.5751748251748252,0.6081330868761553,0.5911949685534591,0.1720001376243044
mmgpy8l4xh9nto,q_forgetting,Ph 1,0.5898305084745763,0.6,0.5472972972972973,0.5724381625441696,0.18059901019129068
mmgpy8l4xh9nto,q_forgetting,Ph 2,0.5827338129496403,0.5817490494296578,0.9622641509433962,0.7251184834123223,0.0829895880938948
mmgpy8l4xh9nto,q_forgetting,Ph 3,0.625,0.5,0.30392156862745096,0.3780487804878049,0.14029447488244032
mmgpy8l4xh9nto,q_forgetting,Ph 4,0.541501976284585,0.5714285714285714,0.48484848484848486,0.5245901639344263,0.08865524542069468
mmgpy8l4xh9nto,hmm_2state,Full,0.9981785063752276,1.0,0.9963031423290203,0.9981481481481481,0.9963626606210714
mmgpy8l4xh9nto,hmm_2state,Ph 1,0.9966101694915255,1.0,0.9932432432432432,0.9966101694915255,0.9932432432432432
mmgpy8l4xh9nto,hmm_2state,Ph 2,1.0,1.0,1.0,1.0,1.0
mmgpy8l4xh9nto,hmm_2state,Ph 3,0.9963235294117647,1.0,0.9901960784313726,0.9950738916256158,0.9921720909649036
mmgpy8l4xh9nto,hmm_2state,Ph 4,1.0,1.0,1.0,1.0,1.0
mmgpy8l4xh9nto,hmm_3state,Full,0.9981785063752276,1.0,0.9963031423290203,0.9981481481481481,0.9963626606210714
mmgpy8l4xh9nto,hmm_3state,Ph 1,0.9966101694915255,1.0,0.9932432432432432,0.9966101694915255,0.9932432432432432
mmgpy8l4xh9nto,hmm_3state,Ph 2,1.0,1.0,1.0,1.0,1.0
mmgpy8l4xh9nto,hmm_3state,Ph 3,0.9963235294117647,1.0,0.9901960784313726,0.9950738916256158,0.9921720909649036
mmgpy8l4xh9nto,hmm_3state,Ph 4,1.0,1.0,1.0,1.0,1.0
mmgpy8l4xh9nto,hmm_4state,Full,0.9981785063752276,1.0,0.9963031423290203,0.9981481481481481,0.9963626606210714
mmgpy8l4xh9nto,hmm_4state,Ph 1,0.9966101694915255,1.0,0.9932432432432432,0.9966101694915255,0.9932432432432432
mmgpy8l4xh9nto,hmm_4state,Ph 2,1.0,1.0,1.0,1.0,1.0
mmgpy8l4xh9nto,hmm_4state,Ph 3,0.9963235294117647,1.0,0.9901960784313726,0.9950738916256158,0.9921720909649036
mmgpy8l4xh9nto,hmm_4state,Ph 4,1.0,1.0,1.0,1.0,1.0
mmgq3qouddjc6z,random,Full,0.49696444058976585,0.49696444058976585,1.0,0.6639629200463499,0.0
mmgq3qouddjc6z,random,Ph 1,0.47035573122529645,0.47035573122529645,1.0,0.6397849462365591,0.0
mmgq3qouddjc6z,random,Ph 2,0.6472602739726028,0.6472602739726028,1.0,0.7858627858627859,0.0
mmgq3qouddjc6z,random,Ph 3,0.37662337662337664,0.37662337662337664,1.0,0.5471698113207547,0.0
mmgq3qouddjc6z,random,Ph 4,0.49666666666666665,0.49666666666666665,1.0,0.6636971046770601,0.0
mmgq3qouddjc6z,bias,Full,0.5030355594102341,0.0,0.0,0.0,0.0
mmgq3qouddjc6z,bias,Ph 1,0.5296442687747036,0.0,0.0,0.0,0.0
mmgq3qouddjc6z,bias,Ph 2,0.3527397260273973,0.0,0.0,0.0,0.0
mmgq3qouddjc6z,bias,Ph 3,0.6233766233766234,0.0,0.0,0.0,0.0
mmgq3qouddjc6z,bias,Ph 4,0.5033333333333333,0.0,0.0,0.0,0.0
mmgq3qouddjc6z,wsls,Full,0.6548135299219427,0.7128953771289538,0.5113438045375218,0.5955284552845529,0.32141920769985804
mmgq3qouddjc6z,wsls,Ph 1,0.6007905138339921,0.6607142857142857,0.31092436974789917,0.4228571428571429,0.20334239759751116
mmgq3qouddjc6z,wsls,Ph 2,0.547945205479452,0.7522123893805309,0.4497354497354497,0.5629139072847682,0.1745167995433601
mmgq3qouddjc6z,wsls,Ph 3,0.7694805194805194,0.7184466019417476,0.6379310344827587,0.6757990867579908,0.5000510655712181
mmgq3qouddjc6z,wsls,Ph 4,0.6866666666666666,0.697841726618705,0.6510067114093959,0.6736111111111112,0.37385935158019973
mmgq3qouddjc6z,generalized_matching_law,Full,0.6435385949696444,0.6600790513833992,0.5828970331588132,0.6190917516218721,0.28850542356649805
mmgq3qouddjc6z,generalized_matching_law,Ph 1,0.6363636363636364,0.6391752577319587,0.5210084033613446,0.5740740740740741,0.2667109750545322
mmgq3qouddjc6z,generalized_matching_law,Ph 2,0.6198630136986302,0.6666666666666666,0.8253968253968254,0.7375886524822695,0.08157781786549356
mmgq3qouddjc6z,generalized_matching_law,Ph 3,0.6883116883116883,0.717391304347826,0.28448275862068967,0.4074074074074074,0.29468504133803036
mmgq3qouddjc6z,generalized_matching_law,Ph 4,0.6266666666666667,0.6434108527131783,0.5570469798657718,0.5971223021582733,0.2549161498706322
mmgq3qouddjc6z,melioration,Full,0.7007805724197745,0.6887417218543046,0.7260034904013961,0.7068819031435853,0.4023161384671706
mmgq3qouddjc6z,melioration,Ph 1,0.7549407114624506,0.7614678899082569,0.6974789915966386,0.7280701754385965,0.5074426763161171
mmgq3qouddjc6z,melioration,Ph 2,0.708904109589041,0.7203389830508474,0.8994708994708994,0.8,0.31396858232778685
mmgq3qouddjc6z,melioration,Ph 3,0.7045454545454546,0.6811594202898551,0.4051724137931034,0.5081081081081081,0.3377033771848873
mmgq3qouddjc6z,melioration,Ph 4,0.6433333333333333,0.6105263157894737,0.7785234899328859,0.6843657817109144,0.2992884422942282
mmgq3qouddjc6z,kinetic,Full,0.629661751951431,0.6241496598639455,0.6404886561954625,0.632213608957795,0.2595010274640295
mmgq3qouddjc6z,kinetic,Ph 1,0.6205533596837944,0.5966386554621849,0.5966386554621849,0.5966386554621849,0.2384297002383043
mmgq3qouddjc6z,kinetic,Ph 2,0.6232876712328768,0.6625514403292181,0.8518518518518519,0.7453703703703703,0.07126545248283833
mmgq3qouddjc6z,kinetic,Ph 3,0.6753246753246753,0.6538461538461539,0.29310344827586204,0.40476190476190477,0.25785865122248375
mmgq3qouddjc6z,kinetic,Ph 4,0.5966666666666667,0.5804597701149425,0.6778523489932886,0.6253869969040248,0.19694151485570172
mmgq3qouddjc6z,behavioral_momentum,Full,0.6617519514310495,0.6596858638743456,0.6596858638743456,0.6596858638743456,0.32347896732262144
mmgq3qouddjc6z,behavioral_momentum,Ph 1,0.6758893280632411,0.6868686868686869,0.5714285714285714,0.6238532110091743,0.34780495656709304
mmgq3qouddjc6z,behavioral_momentum,Ph 2,0.6746575342465754,0.6753731343283582,0.9576719576719577,0.7921225382932167,0.19660753062047048
mmgq3qouddjc6z,behavioral_momentum,Ph 3,0.672077922077922,0.7777777777777778,0.1810344827586207,0.2937062937062937,0.2566323441699702
mmgq3qouddjc6z,behavioral_momentum,Ph 4,0.6266666666666667,0.6033519553072626,0.7248322147651006,0.6585365853658537,0.2595242912933329
mmgq3qouddjc6z,hill_climbing,Full,0.6565481352992194,0.6523235800344234,0.6614310645724258,0.6568457538994801,0.3131589716658393
mmgq3qouddjc6z,hill_climbing,Ph 1,0.7035573122529645,0.680327868852459,0.6974789915966386,0.6887966804979253,0.40597620394511874
mmgq3qouddjc6z,hill_climbing,Ph 2,0.6883561643835616,0.7112068965517241,0.873015873015873,0.7838479809976246,0.26315965954917475
mmgq3qouddjc6z,hill_climbing,Ph 3,0.6915584415584416,0.6521739130434783,0.3879310344827586,0.4864864864864865,0.3055610285529512
mmgq3qouddjc6z,hill_climbing,Ph 4,0.55,0.5443037974683544,0.5771812080536913,0.5602605863192183,0.10050082204294193
mmgq3qouddjc6z,q_learning,Full,0.7007805724197745,0.6887417218543046,0.7260034904013961,0.7068819031435853,0.4023161384671706
mmgq3qouddjc6z,q_learning,Ph 1,0.7549407114624506,0.7614678899082569,0.6974789915966386,0.7280701754385965,0.5074426763161171
mmgq3qouddjc6z,q_learning,Ph 2,0.708904109589041,0.7203389830508474,0.8994708994708994,0.8,0.31396858232778685
mmgq3qouddjc6z,q_learning,Ph 3,0.7045454545454546,0.6811594202898551,0.4051724137931034,0.5081081081081081,0.3377033771848873
mmgq3qouddjc6z,q_learning,Ph 4,0.6433333333333333,0.6105263157894737,0.7785234899328859,0.6843657817109144,0.2992884422942282
mmgq3qouddjc6z,q_dual_alpha,Full,0.6981786643538594,0.6878130217028381,0.7190226876090751,0.7030716723549488,0.3969039891167157
mmgq3qouddjc6z,q_dual_alpha,Ph 1,0.7430830039525692,0.7547169811320755,0.6722689075630253,0.7111111111111111,0.48379271124365103
mmgq3qouddjc6z,q_dual_alpha,Ph 2,0.7054794520547946,0.7191489361702128,0.8941798941798942,0.7971698113207547,0.30548524744661665
mmgq3qouddjc6z,q_dual_alpha,Ph 3,0.7077922077922078,0.6911764705882353,0.4051724137931034,0.5108695652173914,0.34555239256750603
mmgq3qouddjc6z,q_dual_alpha,Ph 4,0.6433333333333333,0.6105263157894737,0.7785234899328859,0.6843657817109144,0.2992884422942282
mmgq3qouddjc6z,q_forgetting,Full,0.6895056374674762,0.6831345826235093,0.699825479930192,0.6913793103448276,0.3791917366703969
mmgq3qouddjc6z,q_forgetting,Ph 1,0.7509881422924901,0.7545454545454545,0.6974789915966386,0.7248908296943232,0.49938021770881014
mmgq3qouddjc6z,q_forgetting,Ph 2,0.708904109589041,0.7184873949579832,0.9047619047619048,0.8009367681498829,0.3129466637866586
mmgq3qouddjc6z,q_forgetting,Ph 3,0.711038961038961,0.6588235294117647,0.4827586206896552,0.5572139303482587,0.35957160069075245
mmgq3qouddjc6z,q_forgetting,Ph 4,0.5966666666666667,0.5909090909090909,0.610738255033557,0.6006600660066007,0.1935842536990318
mmgq3qouddjc6z,hmm_2state,Full,1.0,1.0,1.0,1.0,1.0
mmgq3qouddjc6z,hmm_2state,Ph 1,1.0,1.0,1.0,1.0,1.0
mmgq3qouddjc6z,hmm_2state,Ph 2,1.0,1.0,1.0,1.0,1.0
mmgq3qouddjc6z,hmm_2state,Ph 3,1.0,1.0,1.0,1.0,1.0
mmgq3qouddjc6z,hmm_2state,Ph 4,1.0,1.0,1.0,1.0,1.0
mmgq3qouddjc6z,hmm_3state,Full,1.0,1.0,1.0,1.0,1.0
mmgq3qouddjc6z,hmm_3state,Ph 1,1.0,1.0,1.0,1.0,1.0
mmgq3qouddjc6z,hmm_3state,Ph 2,1.0,1.0,1.0,1.0,1.0
mmgq3qouddjc6z,hmm_3state,Ph 3,1.0,1.0,1.0,1.0,1.0
mmgq3qouddjc6z,hmm_3state,Ph 4,1.0,1.0,1.0,1.0,1.0
mmgq3qouddjc6z,hmm_4state,Full,1.0,1.0,1.0,1.0,1.0
mmgq3qouddjc6z,hmm_4state,Ph 1,1.0,1.0,1.0,1.0,1.0
mmgq3qouddjc6z,hmm_4state,Ph 2,1.0,1.0,1.0,1.0,1.0
mmgq3qouddjc6z,hmm_4state,Ph 3,1.0,1.0,1.0,1.0,1.0
mmgq3qouddjc6z,hmm_4state,Ph 4,1.0,1.0,1.0,1.0,1.0
mmgqyc7ozjls4u,random,Full,0.4878048780487805,0.4878048780487805,1.0,0.6557377049180327,0.0
mmgqyc7ozjls4u,random,Ph 1,0.49122807017543857,0.49122807017543857,1.0,0.6588235294117647,0.0
mmgqyc7ozjls4u,random,Ph 2,0.594488188976378,0.594488188976378,1.0,0.745679012345679,0.0
mmgqyc7ozjls4u,random,Ph 3,0.37992831541218636,0.37992831541218636,1.0,0.5506493506493506,0.0
mmgqyc7ozjls4u,random,Ph 4,0.4962121212121212,0.4962121212121212,1.0,0.6632911392405063,0.0
mmgqyc7ozjls4u,bias,Full,0.5121951219512195,0.0,0.0,0.0,0.0
mmgqyc7ozjls4u,bias,Ph 1,0.5087719298245614,0.0,0.0,0.0,0.0
mmgqyc7ozjls4u,bias,Ph 2,0.40551181102362205,0.0,0.0,0.0,0.0
mmgqyc7ozjls4u,bias,Ph 3,0.6200716845878136,0.0,0.0,0.0,0.0
mmgqyc7ozjls4u,bias,Ph 4,0.5037878787878788,0.0,0.0,0.0,0.0
mmgqyc7ozjls4u,wsls,Full,0.6175609756097561,0.7125984251968503,0.362,0.48010610079575594,0.2581265763298192
mmgqyc7ozjls4u,wsls,Ph 1,0.5131578947368421,0.5185185185185185,0.125,0.2014388489208633,0.020007432712767847
mmgqyc7ozjls4u,wsls,Ph 2,0.452755905511811,0.75,0.11920529801324503,0.2057142857142857,0.10231321045514179
mmgqyc7ozjls4u,wsls,Ph 3,0.7491039426523297,0.7142857142857143,0.5660377358490566,0.631578947368421,0.45212809470035253
mmgqyc7ozjls4u,wsls,Ph 4,0.7272727272727273,0.7478991596638656,0.6793893129770993,0.712,0.4560293436599888
mmgqyc7ozjls4u,generalized_matching_law,Full,0.5970731707317073,0.5960264900662252,0.54,0.5666316894018888,0.192674524922046
mmgqyc7ozjls4u,generalized_matching_law,Ph 1,0.5921052631578947,0.6172839506172839,0.44642857142857145,0.5181347150259067,0.18717325512355107
mmgqyc7ozjls4u,generalized_matching_law,Ph 2,0.5905511811023622,0.5943775100401606,0.9801324503311258,0.74,-0.0015907659202022682
mmgqyc7ozjls4u,generalized_matching_law,Ph 3,0.6236559139784946,0.5238095238095238,0.10377358490566038,0.1732283464566929,0.08457306889483475
mmgqyc7ozjls4u,generalized_matching_law,Ph 4,0.5795454545454546,0.5980392156862745,0.46564885496183206,0.5236051502145923,0.1616026168176827
mmgqyc7ozjls4u,melioration,Full,0.6282926829268293,0.6095764272559853,0.662,0.6347075743048898,0.258571966567408
mmgqyc7ozjls4u,melioration,Ph 1,0.6754385964912281,0.6792452830188679,0.6428571428571429,0.6605504587155964,0.35056412363088574
mmgqyc7ozjls4u,melioration,Ph 2,0.6181102362204725,0.6134453781512605,0.9668874172185431,0.7506426735218509,0.14891178234078387
mmgqyc7ozjls4u,melioration,Ph 3,0.6630824372759857,0.6428571428571429,0.25471698113207547,0.36486486486486486,0.22804307888032585
mmgqyc7ozjls4u,melioration,Ph 4,0.5606060606060606,0.5477707006369427,0.6564885496183206,0.5972222222222222,0.12491118798804904
mmgqyc7ozjls4u,kinetic,Full,0.5697560975609756,0.5572815533980583,0.574,0.5655172413793104,0.13967438444666797
mmgqyc7ozjls4u,kinetic,Ph 1,0.5482456140350878,0.5494505494505495,0.44642857142857145,0.49261083743842365,0.09491786228672057
mmgqyc7ozjls4u,kinetic,Ph 2,0.594488188976378,0.5952380952380952,0.9933774834437086,0.7444168734491315,0.01714426547965204
mmgqyc7ozjls4u,kinetic,Ph 3,0.6415770609318996,0.6153846153846154,0.1509433962264151,0.24242424242424243,0.15551237269917095
mmgqyc7ozjls4u,kinetic,Ph 4,0.48863636363636365,0.4863013698630137,0.5419847328244275,0.5126353790613718,-0.02204877486762415
mmgqyc7ozjls4u,behavioral_momentum,Full,0.5990243902439024,0.5921325051759835,0.572,0.5818921668362157,0.19703004808892646
mmgqyc7ozjls4u,behavioral_momentum,Ph 1,0.5789473684210527,0.6111111111111112,0.39285714285714285,0.4782608695652174,0.16291405018562488
mmgqyc7ozjls4u,behavioral_momentum,Ph 2,0.594488188976378,0.594488188976378,1.0,0.745679012345679,0.0
mmgqyc7ozjls4u,behavioral_momentum,Ph 3,0.6272401433691757,0.53125,0.16037735849056603,0.2463768115942029,0.11221628811564457
mmgqyc7ozjls4u,behavioral_momentum,Ph 4,0.5909090909090909,0.592,0.5648854961832062,0.578125,0.1816772807199548
mmgqyc7ozjls4u,hill_climbing,Full,0.6165853658536585,0.6063618290258449,0.61,0.6081754735792622,0.2328278749067387
mmgqyc7ozjls4u,hill_climbing,Ph 1,0.6973684210526315,0.7009345794392523,0.6696428571428571,0.684931506849315,0.39446452821988065
mmgqyc7ozjls4u,hill_climbing,Ph 2,0.6535433070866141,0.6582914572864321,0.8675496688741722,0.7485714285714286,0.2471808094045099
mmgqyc7ozjls4u,hill_climbing,Ph 3,0.7168458781362007,0.7076923076923077,0.4339622641509434,0.5380116959064327,0.3721681910659298
mmgqyc7ozjls4u,hill_climbing,Ph 4,0.4053030303030303,0.4015151515151515,0.40458015267175573,0.40304182509505704,-0.18939937448611313
mmgqyc7ozjls4u,q_learning,Full,0.6282926829268293,0.6095764272559853,0.662,0.6347075743048898,0.258571966567408
mmgqyc7ozjls4u,q_learning,Ph 1,0.6754385964912281,0.6792452830188679,0.6428571428571429,0.6605504587155964,0.35056412363088574
mmgqyc7ozjls4u,q_learning,Ph 2,0.6181102362204725,0.6134453781512605,0.9668874172185431,0.7506426735218509,0.14891178234078387
mmgqyc7ozjls4u,q_learning,Ph 3,0.6630824372759857,0.6428571428571429,0.25471698113207547,0.36486486486486486,0.22804307888032585
mmgqyc7ozjls4u,q_learning,Ph 4,0.5606060606060606,0.5477707006369427,0.6564885496183206,0.5972222222222222,0.12491118798804904
mmgqyc7ozjls4u,q_dual_alpha,Full,0.6282926829268293,0.6075949367088608,0.672,0.6381766381766382,0.2594009459260626
mmgqyc7ozjls4u,q_dual_alpha,Ph 1,0.6754385964912281,0.6792452830188679,0.6428571428571429,0.6605504587155964,0.35056412363088574
mmgqyc7ozjls4u,q_dual_alpha,Ph 2,0.6181102362204725,0.6134453781512605,0.9668874172185431,0.7506426735218509,0.14891178234078387
mmgqyc7ozjls4u,q_dual_alpha,Ph 3,0.6630824372759857,0.6428571428571429,0.25471698113207547,0.36486486486486486,0.22804307888032585
mmgqyc7ozjls4u,q_dual_alpha,Ph 4,0.5606060606060606,0.5449101796407185,0.6946564885496184,0.610738255033557,0.12779871098323464
mmgqyc7ozjls4u,q_forgetting,Full,0.6039024390243902,0.5907335907335908,0.612,0.6011787819253438,0.20814052845665557
mmgqyc7ozjls4u,q_forgetting,Ph 1,0.6666666666666666,0.6730769230769231,0.625,0.6481481481481481,0.3331296081756238
mmgqyc7ozjls4u,q_forgetting,Ph 2,0.6141732283464567,0.6137339055793991,0.9470198675496688,0.7447916666666666,0.13056567857566298
mmgqyc7ozjls4u,q_forgetting,Ph 3,0.6630824372759857,0.6304347826086957,0.27358490566037735,0.3815789473684211,0.22932326514592508
mmgqyc7ozjls4u,q_forgetting,Ph 4,0.4772727272727273,0.4740740740740741,0.48854961832061067,0.48120300751879697,-0.04529536832210467
mmgqyc7ozjls4u,hmm_2state,Full,0.9970731707317073,0.9940357852882704,1.0,0.9970089730807578,0.9941607419330684
mmgqyc7ozjls4u,hmm_2state,Ph 1,0.9956140350877193,0.9911504424778761,1.0,0.9955555555555555,0.9912648698060915
mmgqyc7ozjls4u,hmm_2state,Ph 2,0.9960629921259843,0.993421052631579,1.0,0.9966996699669967,0.9918549228808228
mmgqyc7ozjls4u,hmm_2state,Ph 3,1.0,1.0,1.0,1.0,1.0
mmgqyc7ozjls4u,hmm_2state,Ph 4,0.9962121212121212,0.9924242424242424,1.0,0.9961977186311787,0.9924527223072329
mmgqyc7ozjls4u,hmm_3state,Full,0.9970731707317073,0.9940357852882704,1.0,0.9970089730807578,0.9941607419330684
mmgqyc7ozjls4u,hmm_3state,Ph 1,0.9956140350877193,0.9911504424778761,1.0,0.9955555555555555,0.9912648698060915
mmgqyc7ozjls4u,hmm_3state,Ph 2,0.9960629921259843,0.993421052631579,1.0,0.9966996699669967,0.9918549228808228
mmgqyc7ozjls4u,hmm_3state,Ph 3,1.0,1.0,1.0,1.0,1.0
mmgqyc7ozjls4u,hmm_3state,Ph 4,0.9962121212121212,0.9924242424242424,1.0,0.9961977186311787,0.9924527223072329
mmgqyc7ozjls4u,hmm_4state,Full,0.9970731707317073,0.9940357852882704,1.0,0.9970089730807578,0.9941607419330684
mmgqyc7ozjls4u,hmm_4state,Ph 1,0.9956140350877193,0.9911504424778761,1.0,0.9955555555555555,0.9912648698060915
mmgqyc7ozjls4u,hmm_4state,Ph 2,0.9960629921259843,0.993421052631579,1.0,0.9966996699669967,0.9918549228808228
mmgqyc7ozjls4u,hmm_4state,Ph 3,1.0,1.0,1.0,1.0,1.0
mmgqyc7ozjls4u,hmm_4state,Ph 4,0.9962121212121212,0.9924242424242424,1.0,0.9961977186311787,0.9924527223072329
mmgr4s188ypj5i,random,Full,0.49015748031496065,0.49015748031496065,1.0,0.6578599735799208,0.0
mmgr4s188ypj5i,random,Ph 1,0.49130434782608695,0.49130434782608695,1.0,0.6588921282798834,0.0
mmgr4s188ypj5i,random,Ph 2,0.6706349206349206,0.6706349206349206,1.0,0.8028503562945368,0.0
mmgr4s188ypj5i,random,Ph 3,0.33992094861660077,0.33992094861660077,1.0,0.5073746312684366,0.0
mmgr4s188ypj5i,random,Ph 4,0.4626334519572954,0.4626334519572954,1.0,0.6326034063260341,0.0
mmgr4s188ypj5i,bias,Full,0.5098425196850394,0.0,0.0,0.0,0.0
mmgr4s188ypj5i,bias,Ph 1,0.508695652173913,0.0,0.0,0.0,0.0
mmgr4s188ypj5i,bias,Ph 2,0.32936507936507936,0.0,0.0,0.0,0.0
mmgr4s188ypj5i,bias,Ph 3,0.6600790513833992,0.0,0.0,0.0,0.0
mmgr4s188ypj5i,bias,Ph 4,0.5373665480427047,0.0,0.0,0.0,0.0
mmgr4s188ypj5i,wsls,Full,0.687007874015748,0.835820895522388,0.4497991967871486,0.5848563968668408,0.413889273582756
mmgr4s188ypj5i,wsls,Ph 1,0.5826086956521739,0.7297297297297297,0.23893805309734514,0.36,0.20881917608485476
mmgr4s188ypj5i,wsls,Ph 2,0.5119047619047619,0.8833333333333333,0.3136094674556213,0.462882096069869,0.2529923575088128
mmgr4s188ypj5i,wsls,Ph 3,0.8063241106719368,0.8135593220338984,0.5581395348837209,0.6620689655172414,0.5514232604523207
mmgr4s188ypj5i,wsls,Ph 4,0.8220640569395018,0.8571428571428571,0.7384615384615385,0.7933884297520661,0.6441235687638346
mmgr4s188ypj5i,generalized_matching_law,Full,0.7057086614173228,0.6730434782608695,0.7771084337349398,0.7213420316868593,0.4177430572080284
mmgr4s188ypj5i,generalized_matching_law,Ph 1,0.6304347826086957,0.6044776119402985,0.7168141592920354,0.6558704453441295,0.2674584404725502
mmgr4s188ypj5i,generalized_matching_law,Ph 2,0.6944444444444444,0.7110091743119266,0.9171597633136095,0.8010335917312662,0.21752613230277482
mmgr4s188ypj5i,generalized_matching_law,Ph 3,0.8379446640316206,0.9245283018867925,0.5697674418604651,0.7050359712230215,0.6353313277413983
mmgr4s188ypj5i,generalized_matching_law,Ph 4,0.6583629893238434,0.6,0.7846153846153846,0.68,0.3409495536012663
mmgr4s188ypj5i,melioration,Full,0.7293307086614174,0.7181996086105675,0.7369477911646586,0.7274529236868187,0.45887458345909216
mmgr4s188ypj5i,melioration,Ph 1,0.7565217391304347,0.7478260869565218,0.7610619469026548,0.7543859649122807,0.5131210827807902
mmgr4s188ypj5i,melioration,Ph 2,0.746031746031746,0.7611940298507462,0.9053254437869822,0.827027027027027,0.3825279956491203
mmgr4s188ypj5i,melioration,Ph 3,0.8023715415019763,0.95,0.4418604651162791,0.6031746031746031,0.5581351402001347
mmgr4s188ypj5i,melioration,Ph 4,0.6263345195729537,0.5806451612903226,0.6923076923076923,0.631578947368421,0.2625136240586667
mmgr4s188ypj5i,kinetic,Full,0.6801181102362205,0.6530973451327433,0.7409638554216867,0.6942615239887112,0.3648190107180268
mmgr4s188ypj5i,kinetic,Ph 1,0.6347826086956522,0.6178861788617886,0.672566371681416,0.6440677966101694,0.27147367607541295
mmgr4s188ypj5i,kinetic,Ph 2,0.6746031746031746,0.7004608294930875,0.8994082840236687,0.7875647668393783,0.1580184048646988
mmgr4s188ypj5i,kinetic,Ph 3,0.7944664031620553,0.8148148148148148,0.5116279069767442,0.6285714285714286,0.5222518197108048
mmgr4s188ypj5i,kinetic,Ph 4,0.6192170818505338,0.5672514619883041,0.7461538461538462,0.6445182724252492,0.2616099981006563
mmgr4s188ypj5i,behavioral_momentum,Full,0.6643700787401575,0.6472795497185742,0.6927710843373494,0.6692531522793405,0.33017287110132654
mmgr4s188ypj5i,behavioral_momentum,Ph 1,0.6782608695652174,0.656,0.7256637168141593,0.6890756302521008,0.35944974072430624
mmgr4s188ypj5i,behavioral_momentum,Ph 2,0.6865079365079365,0.6939655172413793,0.9526627218934911,0.8029925187032418,0.16907250277300845
mmgr4s188ypj5i,behavioral_momentum,Ph 3,0.7351778656126482,0.9523809523809523,0.23255813953488372,0.37383177570093457,0.3890061322881659
mmgr4s188ypj5i,behavioral_momentum,Ph 4,0.5693950177935944,0.5290322580645161,0.6307692307692307,0.5754385964912281,0.1477022180501292
mmgr4s188ypj5i,hill_climbing,Full,0.7549212598425197,0.7398843930635838,0.7710843373493976,0.7551622418879056,0.5104873557020618
mmgr4s188ypj5i,hill_climbing,Ph 1,0.8434782608695652,0.8407079646017699,0.8407079646017699,0.8407079646017699,0.686861810755616
mmgr4s188ypj5i,hill_climbing,Ph 2,0.8095238095238095,0.8306010928961749,0.8994082840236687,0.8636363636363636,0.55430308377986
mmgr4s188ypj5i,hill_climbing,Ph 3,0.8537549407114624,0.810126582278481,0.7441860465116279,0.7757575757575758,0.6688670617299294
mmgr4s188ypj5i,hill_climbing,Ph 4,0.5444839857651246,0.5069444444444444,0.5615384615384615,0.5328467153284672,0.09111263571596216
mmgr4s188ypj5i,q_learning,Full,0.7293307086614174,0.7181996086105675,0.7369477911646586,0.7274529236868187,0.45887458345909216
mmgr4s188ypj5i,q_learning,Ph 1,0.7565217391304347,0.7478260869565218,0.7610619469026548,0.7543859649122807,0.5131210827807902
mmgr4s188ypj5i,q_learning,Ph 2,0.746031746031746,0.7611940298507462,0.9053254437869822,0.827027027027027,0.3825279956491203
mmgr4s188ypj5i,q_learning,Ph 3,0.8023715415019763,0.95,0.4418604651162791,0.6031746031746031,0.5581351402001347
mmgr4s188ypj5i,q_learning,Ph 4,0.6263345195729537,0.5806451612903226,0.6923076923076923,0.631578947368421,0.2625136240586667
mmgr4s188ypj5i,q_dual_alpha,Full,0.7283464566929134,0.716796875,0.7369477911646586,0.7267326732673267,0.4569506196061223
mmgr4s188ypj5i,q_dual_alpha,Ph 1,0.7521739130434782,0.7413793103448276,0.7610619469026548,0.7510917030567685,0.5045944445401421
mmgr4s188ypj5i,q_dual_alpha,Ph 2,0.746031746031746,0.7611940298507462,0.9053254437869822,0.827027027027027,0.3825279956491203
mmgr4s188ypj5i,q_dual_alpha,Ph 3,0.8023715415019763,0.95,0.4418604651162791,0.6031746031746031,0.5581351402001347
mmgr4s188ypj5i,q_dual_alpha,Ph 4,0.6263345195729537,0.5806451612903226,0.6923076923076923,0.631578947368421,0.2625136240586667
mmgr4s188ypj5i,q_forgetting,Full,0.7047244094488189,0.6926070038910506,0.714859437751004,0.7035573122529645,0.4097893022110339
mmgr4s188ypj5i,q_forgetting,Ph 1,0.7478260869565218,0.7350427350427351,0.7610619469026548,0.7478260869565218,0.4961046819453899
mmgr4s188ypj5i,q_forgetting,Ph 2,0.7380952380952381,0.7587939698492462,0.893491124260355,0.8206521739130435,0.36347424524231026
mmgr4s188ypj5i,q_forgetting,Ph 3,0.782608695652174,0.8444444444444444,0.4418604651162791,0.5801526717557252,0.4954148788609391
mmgr4s188ypj5i,q_forgetting,Ph 4,0.5693950177935944,0.5294117647058824,0.6230769230769231,0.5724381625441696,0.1464273971192937
mmgr4s188ypj5i,hmm_2state,Full,0.734251968503937,1.0,0.4578313253012048,0.628099173553719,0.5485983830830623
mmgr4s188ypj5i,hmm_2state,Ph 1,0.8391304347826087,1.0,0.672566371681416,0.8042328042328042,0.714825677989958
mmgr4s188ypj5i,hmm_2state,Ph 2,0.7579365079365079,1.0,0.6390532544378699,0.779783393501805,0.6069128399253654
mmgr4s188ypj5i,hmm_2state,Ph 3,0.7628458498023716,1.0,0.3023255813953488,0.4642857142857143,0.47160972858139116
mmgr4s188ypj5i,hmm_2state,Ph 4,0.6014234875444839,1.0,0.13846153846153847,0.24324324324324326,0.28195199755736206
mmgr4s188ypj5i,hmm_3state,Full,0.734251968503937,1.0,0.4578313253012048,0.628099173553719,0.5485983830830623
mmgr4s188ypj5i,hmm_3state,Ph 1,0.8391304347826087,1.0,0.672566371681416,0.8042328042328042,0.714825677989958
mmgr4s188ypj5i,hmm_3state,Ph 2,0.7579365079365079,1.0,0.6390532544378699,0.779783393501805,0.6069128399253654
mmgr4s188ypj5i,hmm_3state,Ph 3,0.7628458498023716,1.0,0.3023255813953488,0.4642857142857143,0.47160972858139116
mmgr4s188ypj5i,hmm_3state,Ph 4,0.6014234875444839,1.0,0.13846153846153847,0.24324324324324326,0.28195199755736206
mmgr4s188ypj5i,hmm_4state,Full,0.734251968503937,1.0,0.4578313253012048,0.628099173553719,0.5485983830830623
mmgr4s188ypj5i,hmm_4state,Ph 1,0.8391304347826087,1.0,0.672566371681416,0.8042328042328042,0.714825677989958
mmgr4s188ypj5i,hmm_4state,Ph 2,0.7579365079365079,1.0,0.6390532544378699,0.779783393501805,0.6069128399253654
mmgr4s188ypj5i,hmm_4state,Ph 3,0.7628458498023716,1.0,0.3023255813953488,0.4642857142857143,0.47160972858139116
mmgr4s188ypj5i,hmm_4state,Ph 4,0.6014234875444839,1.0,0.13846153846153847,0.24324324324324326,0.28195199755736206
mmgr4wtlfg07a6,random,Full,0.49267782426778245,0.49267782426778245,1.0,0.6601261387526279,0.0
mmgr4wtlfg07a6,random,Ph 1,0.4901185770750988,0.4901185770750988,1.0,0.6578249336870027,0.0
mmgr4wtlfg07a6,random,Ph 2,0.6452991452991453,0.6452991452991453,1.0,0.7844155844155845,0.0
mmgr4wtlfg07a6,random,Ph 3,0.35080645161290325,0.35080645161290325,1.0,0.5194029850746269,0.0
mmgr4wtlfg07a6,random,Ph 4,0.49321266968325794,0.49321266968325794,1.0,0.6606060606060606,0.0
mmgr4wtlfg07a6,bias,Full,0.5073221757322176,0.0,0.0,0.0,0.0
mmgr4wtlfg07a6,bias,Ph 1,0.5098814229249012,0.0,0.0,0.0,0.0
mmgr4wtlfg07a6,bias,Ph 2,0.3547008547008547,0.0,0.0,0.0,0.0
mmgr4wtlfg07a6,bias,Ph 3,0.6491935483870968,0.0,0.0,0.0,0.0
mmgr4wtlfg07a6,bias,Ph 4,0.5067873303167421,0.0,0.0,0.0,0.0
mmgr4wtlfg07a6,wsls,Full,0.5219665271966527,0.5388888888888889,0.2059447983014862,0.2980030721966206,0.04451720970284317
mmgr4wtlfg07a6,wsls,Ph 1,0.45454545454545453,0.1111111111111111,0.016129032258064516,0.028169014084507043,-0.20982870966600498
mmgr4wtlfg07a6,wsls,Ph 2,0.39316239316239315,0.7647058823529411,0.08609271523178808,0.15476190476190477,0.0698572945516127
mmgr4wtlfg07a6,wsls,Ph 3,0.7016129032258065,0.6326530612244898,0.3563218390804598,0.45588235294117646,0.293064648036303
mmgr4wtlfg07a6,wsls,Ph 4,0.5339366515837104,0.53125,0.46788990825688076,0.4975609756097561,0.06667463569125026
mmgr4wtlfg07a6,generalized_matching_law,Full,0.6056485355648535,0.6236842105263158,0.5031847133757962,0.5569917743830788,0.21283820766841224
mmgr4wtlfg07a6,generalized_matching_law,Ph 1,0.5375494071146245,0.547945205479452,0.3225806451612903,0.40609137055837563,0.07366613292781533
mmgr4wtlfg07a6,generalized_matching_law,Ph 2,0.6538461538461539,0.675,0.8940397350993378,0.7692307692307693,0.15056804936082868
mmgr4wtlfg07a6,generalized_matching_law,Ph 3,0.6491935483870968,0.0,0.0,0.0,0.0
mmgr4wtlfg07a6,generalized_matching_law,Ph 4,0.583710407239819,0.5794392523364486,0.5688073394495413,0.5740740740740741,0.16709007384714952
mmgr4wtlfg07a6,melioration,Full,0.6161087866108786,0.5988593155893536,0.6687898089171974,0.6318956870611836,0.23490055042127939
mmgr4wtlfg07a6,melioration,Ph 1,0.5098814229249012,0.5,0.532258064516129,0.515625,0.02064565146386656
mmgr4wtlfg07a6,melioration,Ph 2,0.6837606837606838,0.6842105263157895,0.9470198675496688,0.7944444444444444,0.23516252845907837
mmgr4wtlfg07a6,melioration,Ph 3,0.6975806451612904,0.7142857142857143,0.22988505747126436,0.34782608695652173,0.2717230183468766
mmgr4wtlfg07a6,melioration,Ph 4,0.5746606334841629,0.5477707006369427,0.7889908256880734,0.6466165413533834,0.17091829051790397
mmgr4wtlfg07a6,kinetic,Full,0.5868200836820083,0.5766129032258065,0.6072186836518046,0.5915201654601862,0.17433395993672682
mmgr4wtlfg07a6,kinetic,Ph 1,0.5296442687747036,0.5190839694656488,0.5483870967741935,0.5333333333333333,0.06004128413293337
mmgr4wtlfg07a6,kinetic,Ph 2,0.6452991452991453,0.6634615384615384,0.9139072847682119,0.7688022284122563,0.1073757978151269
mmgr4wtlfg07a6,kinetic,Ph 3,0.6370967741935484,0.3333333333333333,0.034482758620689655,0.0625,-0.007105126875894613
mmgr4wtlfg07a6,kinetic,Ph 4,0.5339366515837104,0.5202702702702703,0.7064220183486238,0.5992217898832685,0.07705994995522425
mmgr4wtlfg07a6,behavioral_momentum,Full,0.5930962343096234,0.5779467680608364,0.6454352441613588,0.6098294884653962,0.18863665956780945
mmgr4wtlfg07a6,behavioral_momentum,Ph 1,0.5019762845849802,0.49264705882352944,0.5403225806451613,0.5153846153846153,0.005453196782921735
mmgr4wtlfg07a6,behavioral_momentum,Ph 2,0.6538461538461539,0.65625,0.9735099337748344,0.784,0.10833289858276429
mmgr4wtlfg07a6,behavioral_momentum,Ph 3,0.6491935483870968,0.5,0.09195402298850575,0.1553398058252427,0.08210037836982108
mmgr4wtlfg07a6,behavioral_momentum,Ph 4,0.5701357466063348,0.5466666666666666,0.7522935779816514,0.6332046332046332,0.15540559603652906
mmgr4wtlfg07a6,hill_climbing,Full,0.5198744769874477,0.5125,0.5222929936305732,0.5173501577287066,0.03981484540500451
mmgr4wtlfg07a6,hill_climbing,Ph 1,0.2845849802371542,0.2682926829268293,0.2661290322580645,0.26720647773279355,-0.4316263441160535
mmgr4wtlfg07a6,hill_climbing,Ph 2,0.5811965811965812,0.6549707602339181,0.7417218543046358,0.6956521739130435,0.03330543537892518
mmgr4wtlfg07a6,hill_climbing,Ph 3,0.6774193548387096,0.5538461538461539,0.41379310344827586,0.47368421052631576,0.25356611565678633
mmgr4wtlfg07a6,hill_climbing,Ph 4,0.5475113122171946,0.5371900826446281,0.5963302752293578,0.5652173913043478,0.09675922390511953
mmgr4wtlfg07a6,q_learning,Full,0.6161087866108786,0.5988593155893536,0.6687898089171974,0.6318956870611836,0.23490055042127939
mmgr4wtlfg07a6,q_learning,Ph 1,0.5098814229249012,0.5,0.532258064516129,0.515625,0.02064565146386656
mmgr4wtlfg07a6,q_learning,Ph 2,0.6837606837606838,0.6842105263157895,0.9470198675496688,0.7944444444444444,0.23516252845907837
mmgr4wtlfg07a6,q_learning,Ph 3,0.6975806451612904,0.7142857142857143,0.22988505747126436,0.34782608695652173,0.2717230183468766
mmgr4wtlfg07a6,q_learning,Ph 4,0.5746606334841629,0.5477707006369427,0.7889908256880734,0.6466165413533834,0.17091829051790397
mmgr4wtlfg07a6,q_dual_alpha,Full,0.6161087866108786,0.5988593155893536,0.6687898089171974,0.6318956870611836,0.23490055042127939
mmgr4wtlfg07a6,q_dual_alpha,Ph 1,0.5098814229249012,0.5,0.532258064516129,0.515625,0.02064565146386656
mmgr4wtlfg07a6,q_dual_alpha,Ph 2,0.6837606837606838,0.6842105263157895,0.9470198675496688,0.7944444444444444,0.23516252845907837
mmgr4wtlfg07a6,q_dual_alpha,Ph 3,0.6975806451612904,0.7142857142857143,0.22988505747126436,0.34782608695652173,0.2717230183468766
mmgr4wtlfg07a6,q_dual_alpha,Ph 4,0.5746606334841629,0.5477707006369427,0.7889908256880734,0.6466165413533834,0.17091829051790397
mmgr4wtlfg07a6,q_forgetting,Full,0.5983263598326359,0.5871743486973948,0.6220806794055201,0.6041237113402061,0.19750794834256097
mmgr4wtlfg07a6,q_forgetting,Ph 1,0.45849802371541504,0.44715447154471544,0.4435483870967742,0.44534412955465585,-0.08359907606593706
mmgr4wtlfg07a6,q_forgetting,Ph 2,0.6794871794871795,0.6826923076923077,0.9403973509933775,0.7910863509749304,0.22106781903114364
mmgr4wtlfg07a6,q_forgetting,Ph 3,0.6935483870967742,0.6666666666666666,0.25287356321839083,0.36666666666666664,0.2593055326817879
mmgr4wtlfg07a6,q_forgetting,Ph 4,0.5656108597285068,0.5481481481481482,0.6788990825688074,0.6065573770491803,0.1376704028977681
mmgr4wtlfg07a6,hmm_2state,Full,0.5721757322175732,0.6565656565656566,0.2760084925690021,0.38863976083707025,0.16754106535602978
mmgr4wtlfg07a6,hmm_2state,Ph 1,0.5138339920948617,0.5121951219512195,0.1693548387096774,0.2545454545454545,0.019420925656972773
mmgr4wtlfg07a6,hmm_2state,Ph 2,0.6367521367521367,0.8367346938775511,0.543046357615894,0.6586345381526104,0.33966790169272243
mmgr4wtlfg07a6,hmm_2state,Ph 3,0.6088709677419355,0.38095238095238093,0.1839080459770115,0.24806201550387597,0.028523238173164114
mmgr4wtlfg07a6,hmm_2state,Ph 4,0.5294117647058824,0.6470588235294118,0.10091743119266056,0.1746031746031746,0.08883130324875345
mmgr4wtlfg07a6,hmm_3state,Full,0.5721757322175732,0.6565656565656566,0.2760084925690021,0.38863976083707025,0.16754106535602978
mmgr4wtlfg07a6,hmm_3state,Ph 1,0.5138339920948617,0.5121951219512195,0.1693548387096774,0.2545454545454545,0.019420925656972773
mmgr4wtlfg07a6,hmm_3state,Ph 2,0.6367521367521367,0.8367346938775511,0.543046357615894,0.6586345381526104,0.33966790169272243
mmgr4wtlfg07a6,hmm_3state,Ph 3,0.6088709677419355,0.38095238095238093,0.1839080459770115,0.24806201550387597,0.028523238173164114
mmgr4wtlfg07a6,hmm_3state,Ph 4,0.5294117647058824,0.6470588235294118,0.10091743119266056,0.1746031746031746,0.08883130324875345
mmgr4wtlfg07a6,hmm_4state,Full,0.5721757322175732,0.6565656565656566,0.2760084925690021,0.38863976083707025,0.16754106535602978
mmgr4wtlfg07a6,hmm_4state,Ph 1,0.5138339920948617,0.5121951219512195,0.1693548387096774,0.2545454545454545,0.019420925656972773
mmgr4wtlfg07a6,hmm_4state,Ph 2,0.6367521367521367,0.8367346938775511,0.543046357615894,0.6586345381526104,0.33966790169272243
mmgr4wtlfg07a6,hmm_4state,Ph 3,0.6088709677419355,0.38095238095238093,0.1839080459770115,0.24806201550387597,0.028523238173164114
mmgr4wtlfg07a6,hmm_4state,Ph 4,0.5294117647058824,0.6470588235294118,0.10091743119266056,0.1746031746031746,0.08883130324875345
mmgr8c41csnx7y,random,Full,0.4465592972181552,0.4465592972181552,1.0,0.6174089068825911,0.0
mmgr8c41csnx7y,random,Ph 1,0.2981366459627329,0.2981366459627329,1.0,0.45933014354066987,0.0
mmgr8c41csnx7y,random,Ph 2,0.5801886792452831,0.5801886792452831,1.0,0.7343283582089553,0.0
mmgr8c41csnx7y,random,Ph 3,0.4,0.4,1.0,0.5714285714285714,0.0
mmgr8c41csnx7y,random,Ph 4,0.48695652173913045,0.48695652173913045,1.0,0.6549707602339181,0.0
mmgr8c41csnx7y,bias,Full,0.5534407027818448,0.0,0.0,0.0,0.0
mmgr8c41csnx7y,bias,Ph 1,0.7018633540372671,0.0,0.0,0.0,0.0
mmgr8c41csnx7y,bias,Ph 2,0.419811320754717,0.0,0.0,0.0,0.0
mmgr8c41csnx7y,bias,Ph 3,0.6,0.0,0.0,0.0,0.0
mmgr8c41csnx7y,bias,Ph 4,0.5130434782608696,0.0,0.0,0.0,0.0
mmgr8c41csnx7y,wsls,Full,0.636896046852123,0.8131868131868132,0.24262295081967214,0.37373737373737376,0.289141069582889
mmgr8c41csnx7y,wsls,Ph 1,0.7267080745341615,0.7,0.14583333333333334,0.2413793103448276,0.22607678399694234
mmgr8c41csnx7y,wsls,Ph 2,0.5471698113207547,0.9090909090909091,0.24390243902439024,0.38461538461538464,0.28614461297835947
mmgr8c41csnx7y,wsls,Ph 3,0.7384615384615385,0.8,0.46153846153846156,0.5853658536585366,0.4472135954999579
mmgr8c41csnx7y,wsls,Ph 4,0.5043478260869565,0.3333333333333333,0.017857142857142856,0.03389830508474576,-0.05030211104106232
mmgr8c41csnx7y,generalized_matching_law,Full,0.6456808199121523,0.6,0.6196721311475409,0.6096774193548387,0.28555964317863086
mmgr8c41csnx7y,generalized_matching_law,Ph 1,0.6459627329192547,0.4307692307692308,0.5833333333333334,0.49557522123893805,0.23858181099685108
mmgr8c41csnx7y,generalized_matching_law,Ph 2,0.6933962264150944,0.6933333333333334,0.8455284552845529,0.7619047619047619,0.3565924351466671
mmgr8c41csnx7y,generalized_matching_law,Ph 3,0.6461538461538462,0.5918367346938775,0.3717948717948718,0.4566929133858268,0.22685469131982744
mmgr8c41csnx7y,generalized_matching_law,Ph 4,0.5565217391304348,0.5490196078431373,0.5,0.5233644859813084,0.11084249406790289
mmgr8c41csnx7y,melioration,Full,0.6310395314787701,0.6118143459915611,0.47540983606557374,0.5350553505535055,0.24231838419047694
mmgr8c41csnx7y,melioration,Ph 1,0.6832298136645962,0.2,0.020833333333333332,0.03773584905660377,-0.038407845814027695
mmgr8c41csnx7y,melioration,Ph 2,0.6792452830188679,0.643979057591623,1.0,0.7834394904458599,0.3898077920111785
mmgr8c41csnx7y,melioration,Ph 3,0.6051282051282051,0.5121951219512195,0.2692307692307692,0.35294117647058826,0.11816801004427949
mmgr8c41csnx7y,melioration,Ph 4,0.5130434782608696,0.0,0.0,0.0,0.0
mmgr8c41csnx7y,kinetic,Full,0.6002928257686676,0.5451977401129944,0.6327868852459017,0.5857359635811836,0.20581393400333445
mmgr8c41csnx7y,kinetic,Ph 1,0.6335403726708074,0.4225352112676056,0.625,0.5042016806722689,0.24154014733997345
mmgr8c41csnx7y,kinetic,Ph 2,0.660377358490566,0.6624203821656051,0.8455284552845529,0.7428571428571429,0.2815114523849682
mmgr8c41csnx7y,kinetic,Ph 3,0.6205128205128205,0.5370370370370371,0.3717948717948718,0.4393939393939394,0.17310900599700668
mmgr8c41csnx7y,kinetic,Ph 4,0.40869565217391307,0.4166666666666667,0.5357142857142857,0.46875,-0.1819711288931891
mmgr8c41csnx7y,behavioral_momentum,Full,0.5797950219619327,0.5240641711229946,0.6426229508196721,0.5773195876288659,0.1715182984116598
mmgr8c41csnx7y,behavioral_momentum,Ph 1,0.5403726708074534,0.3142857142857143,0.4583333333333333,0.3728813559322034,0.03096291434759905
mmgr8c41csnx7y,behavioral_momentum,Ph 2,0.6273584905660378,0.6182795698924731,0.9349593495934959,0.7443365695792881,0.20643304920089592
mmgr8c41csnx7y,behavioral_momentum,Ph 3,0.5692307692307692,0.38461538461538464,0.1282051282051282,0.19230769230769232,-0.012317550292699011
mmgr8c41csnx7y,behavioral_momentum,Ph 4,0.5652173913043478,0.532608695652174,0.875,0.6621621621621622,0.1826708626677955
mmgr8c41csnx7y,hill_climbing,Full,0.6383601756954612,0.5843023255813954,0.659016393442623,0.6194144838212635,0.2791090273202638
mmgr8c41csnx7y,hill_climbing,Ph 1,0.7329192546583851,0.5294117647058824,0.9375,0.6766917293233082,0.5346845251543114
mmgr8c41csnx7y,hill_climbing,Ph 2,0.7452830188679245,0.7593984962406015,0.8211382113821138,0.7890625,0.4711534472874134
mmgr8c41csnx7y,hill_climbing,Ph 3,0.6820512820512821,0.6176470588235294,0.5384615384615384,0.5753424657534246,0.32508713099080755
mmgr8c41csnx7y,hill_climbing,Ph 4,0.23478260869565218,0.22413793103448276,0.23214285714285715,0.22807017543859648,-0.530408496291481
mmgr8c41csnx7y,q_learning,Full,0.6310395314787701,0.6118143459915611,0.47540983606557374,0.5350553505535055,0.24231838419047694
mmgr8c41csnx7y,q_learning,Ph 1,0.6832298136645962,0.2,0.020833333333333332,0.03773584905660377,-0.038407845814027695
mmgr8c41csnx7y,q_learning,Ph 2,0.6792452830188679,0.643979057591623,1.0,0.7834394904458599,0.3898077920111785
mmgr8c41csnx7y,q_learning,Ph 3,0.6051282051282051,0.5121951219512195,0.2692307692307692,0.35294117647058826,0.11816801004427949
mmgr8c41csnx7y,q_learning,Ph 4,0.5130434782608696,0.0,0.0,0.0,0.0
mmgr8c41csnx7y,q_dual_alpha,Full,0.6398243045387995,0.6311111111111111,0.46557377049180326,0.5358490566037736,0.2601966628487373
mmgr8c41csnx7y,q_dual_alpha,Ph 1,0.6832298136645962,0.2,0.020833333333333332,0.03773584905660377,-0.038407845814027695
mmgr8c41csnx7y,q_dual_alpha,Ph 2,0.6839622641509434,0.6473684210526316,1.0,0.7859424920127795,0.40002956721000454
mmgr8c41csnx7y,q_dual_alpha,Ph 3,0.6307692307692307,0.6,0.23076923076923078,0.3333333333333333,0.17407765595569785
mmgr8c41csnx7y,q_dual_alpha,Ph 4,0.5130434782608696,0.0,0.0,0.0,0.0
mmgr8c41csnx7y,q_forgetting,Full,0.6734992679355783,0.6394557823129252,0.6163934426229508,0.6277128547579299,0.3373246378348849
mmgr8c41csnx7y,q_forgetting,Ph 1,0.8944099378881988,0.8163265306122449,0.8333333333333334,0.8247422680412371,0.7492797496786833
mmgr8c41csnx7y,q_forgetting,Ph 2,0.7830188679245284,0.7730496453900709,0.8861788617886179,0.8257575757575758,0.550697394729733
mmgr8c41csnx7y,q_forgetting,Ph 3,0.6153846153846154,0.5333333333333333,0.3076923076923077,0.3902439024390244,0.14907119849998599
mmgr8c41csnx7y,q_forgetting,Ph 4,0.2608695652173913,0.2542372881355932,0.26785714285714285,0.2608695652173913,-0.47790556900726394
mmgr8c41csnx7y,hmm_2state,Full,1.0,1.0,1.0,1.0,1.0
mmgr8c41csnx7y,hmm_2state,Ph 1,1.0,1.0,1.0,1.0,1.0
mmgr8c41csnx7y,hmm_2state,Ph 2,1.0,1.0,1.0,1.0,1.0
mmgr8c41csnx7y,hmm_2state,Ph 3,1.0,1.0,1.0,1.0,1.0
mmgr8c41csnx7y,hmm_2state,Ph 4,1.0,1.0,1.0,1.0,1.0
mmgr8c41csnx7y,hmm_3state,Full,1.0,1.0,1.0,1.0,1.0
mmgr8c41csnx7y,hmm_3state,Ph 1,1.0,1.0,1.0,1.0,1.0
mmgr8c41csnx7y,hmm_3state,Ph 2,1.0,1.0,1.0,1.0,1.0
mmgr8c41csnx7y,hmm_3state,Ph 3,1.0,1.0,1.0,1.0,1.0
mmgr8c41csnx7y,hmm_3state,Ph 4,1.0,1.0,1.0,1.0,1.0
mmgr8c41csnx7y,hmm_4state,Full,1.0,1.0,1.0,1.0,1.0
mmgr8c41csnx7y,hmm_4state,Ph 1,1.0,1.0,1.0,1.0,1.0
mmgr8c41csnx7y,hmm_4state,Ph 2,1.0,1.0,1.0,1.0,1.0
mmgr8c41csnx7y,hmm_4state,Ph 3,1.0,1.0,1.0,1.0,1.0
mmgr8c41csnx7y,hmm_4state,Ph 4,1.0,1.0,1.0,1.0,1.0
mmh0l2c7syhpy7,random,Full,0.5199610516066212,0.5199610516066212,1.0,0.6841768097373478,0.0
mmh0l2c7syhpy7,random,Ph 1,0.5303643724696356,0.5303643724696356,1.0,0.6931216931216931,0.0
mmh0l2c7syhpy7,random,Ph 2,0.6192307692307693,0.6192307692307693,1.0,0.7648456057007126,0.0
mmh0l2c7syhpy7,random,Ph 3,0.4090909090909091,0.4090909090909091,1.0,0.5806451612903226,0.0
mmh0l2c7syhpy7,random,Ph 4,0.5234375,0.5234375,1.0,0.6871794871794872,0.0
mmh0l2c7syhpy7,bias,Full,0.4800389483933788,0.0,0.0,0.0,0.0
mmh0l2c7syhpy7,bias,Ph 1,0.46963562753036436,0.0,0.0,0.0,0.0
mmh0l2c7syhpy7,bias,Ph 2,0.38076923076923075,0.0,0.0,0.0,0.0
mmh0l2c7syhpy7,bias,Ph 3,0.5909090909090909,0.0,0.0,0.0,0.0
mmh0l2c7syhpy7,bias,Ph 4,0.4765625,0.0,0.0,0.0,0.0
mmh0l2c7syhpy7,wsls,Full,0.5920155793573515,0.6910299003322259,0.3895131086142322,0.49820359281437127,0.22047645915524486
mmh0l2c7syhpy7,wsls,Ph 1,0.5748987854251012,0.7407407407407407,0.3053435114503817,0.43243243243243246,0.2229705421508598
mmh0l2c7syhpy7,wsls,Ph 2,0.4846153846153846,0.8,0.2236024844720497,0.34951456310679613,0.17031556890501084
mmh0l2c7syhpy7,wsls,Ph 3,0.6893939393939394,0.6666666666666666,0.48148148148148145,0.5591397849462365,0.33925445938390814
mmh0l2c7syhpy7,wsls,Ph 4,0.6171875,0.6451612903225806,0.5970149253731343,0.6201550387596899,0.236214740311531
mmh0l2c7syhpy7,generalized_matching_law,Full,0.6066212268743915,0.5920679886685553,0.7827715355805244,0.6741935483870968,0.21404408847690082
mmh0l2c7syhpy7,generalized_matching_law,Ph 1,0.5668016194331984,0.5566037735849056,0.9007633587786259,0.6880466472303207,0.12939578738210533
mmh0l2c7syhpy7,generalized_matching_law,Ph 2,0.6384615384615384,0.6334661354581673,0.9875776397515528,0.7718446601941747,0.15482000003497076
mmh0l2c7syhpy7,generalized_matching_law,Ph 3,0.6287878787878788,0.5543478260869565,0.4722222222222222,0.51,0.21607089080078046
mmh0l2c7syhpy7,generalized_matching_law,Ph 4,0.58984375,0.5960264900662252,0.6716417910447762,0.631578947368421,0.17428990331833905
mmh0l2c7syhpy7,melioration,Full,0.620253164556962,0.6531914893617021,0.5749063670411985,0.6115537848605578,0.2449633664061178
mmh0l2c7syhpy7,melioration,Ph 1,0.5870445344129555,0.6933333333333334,0.3969465648854962,0.5048543689320388,0.2156272357355129
mmh0l2c7syhpy7,melioration,Ph 2,0.6615384615384615,0.6763285024154589,0.8695652173913043,0.7608695652173914,0.23238544179671922
mmh0l2c7syhpy7,melioration,Ph 3,0.6856060606060606,0.711864406779661,0.3888888888888889,0.5029940119760479,0.3303670179080363
mmh0l2c7syhpy7,melioration,Ph 4,0.54296875,0.5658914728682171,0.5447761194029851,0.5551330798479087,0.08566807012066878
mmh0l2c7syhpy7,kinetic,Full,0.5793573515092503,0.6118421052631579,0.5224719101123596,0.5636363636363636,0.16434885756563722
mmh0l2c7syhpy7,kinetic,Ph 1,0.5101214574898786,0.5641025641025641,0.33587786259541985,0.42105263157894735,0.045925940682707916
mmh0l2c7syhpy7,kinetic,Ph 2,0.65,0.6715686274509803,0.8509316770186336,0.7506849315068493,0.20572156961932808
mmh0l2c7syhpy7,kinetic,Ph 3,0.6553030303030303,0.6440677966101694,0.35185185185185186,0.4550898203592814,0.2563917060100536
mmh0l2c7syhpy7,kinetic,Ph 4,0.49609375,0.5217391304347826,0.44776119402985076,0.4819277108433735,-0.0030709957351173307
mmh0l2c7syhpy7,behavioral_momentum,Full,0.5589094449853943,0.5961995249406176,0.4700374531835206,0.5256544502617801,0.12719067798051145
mmh0l2c7syhpy7,behavioral_momentum,Ph 1,0.5060728744939271,0.5818181818181818,0.24427480916030533,0.34408602150537637,0.05517985745054062
mmh0l2c7syhpy7,behavioral_momentum,Ph 2,0.6269230769230769,0.6367521367521367,0.9254658385093167,0.7544303797468355,0.10825103731884476
mmh0l2c7syhpy7,behavioral_momentum,Ph 3,0.5833333333333334,0.4722222222222222,0.1574074074074074,0.2361111111111111,0.05102210822018368
mmh0l2c7syhpy7,behavioral_momentum,Ph 4,0.515625,0.5520833333333334,0.39552238805970147,0.4608695652173913,0.044426769723184524
mmh0l2c7syhpy7,hill_climbing,Full,0.6299902629016553,0.6604166666666667,0.5936329588014981,0.6252465483234714,0.2633555146215945
mmh0l2c7syhpy7,hill_climbing,Ph 1,0.7206477732793523,0.7627118644067796,0.6870229007633588,0.7228915662650602,0.44526283607374056
mmh0l2c7syhpy7,hill_climbing,Ph 2,0.7076923076923077,0.7401129943502824,0.8136645962732919,0.7751479289940828,0.3635405377224954
mmh0l2c7syhpy7,hill_climbing,Ph 3,0.6742424242424242,0.6527777777777778,0.4351851851851852,0.5222222222222223,0.30351314943042634
mmh0l2c7syhpy7,hill_climbing,Ph 4,0.41796875,0.4336283185840708,0.3656716417910448,0.3967611336032389,-0.1598451971996511
mmh0l2c7syhpy7,q_learning,Full,0.620253164556962,0.6531914893617021,0.5749063670411985,0.6115537848605578,0.2449633664061178
mmh0l2c7syhpy7,q_learning,Ph 1,0.5870445344129555,0.6933333333333334,0.3969465648854962,0.5048543689320388,0.2156272357355129
mmh0l2c7syhpy7,q_learning,Ph 2,0.6615384615384615,0.6763285024154589,0.8695652173913043,0.7608695652173914,0.23238544179671922
mmh0l2c7syhpy7,q_learning,Ph 3,0.6856060606060606,0.711864406779661,0.3888888888888889,0.5029940119760479,0.3303670179080363
mmh0l2c7syhpy7,q_learning,Ph 4,0.54296875,0.5658914728682171,0.5447761194029851,0.5551330798479087,0.08566807012066878
mmh0l2c7syhpy7,q_dual_alpha,Full,0.620253164556962,0.6531914893617021,0.5749063670411985,0.6115537848605578,0.2449633664061178
mmh0l2c7syhpy7,q_dual_alpha,Ph 1,0.5870445344129555,0.6933333333333334,0.3969465648854962,0.5048543689320388,0.2156272357355129
mmh0l2c7syhpy7,q_dual_alpha,Ph 2,0.6615384615384615,0.6763285024154589,0.8695652173913043,0.7608695652173914,0.23238544179671922
mmh0l2c7syhpy7,q_dual_alpha,Ph 3,0.6856060606060606,0.711864406779661,0.3888888888888889,0.5029940119760479,0.3303670179080363
mmh0l2c7syhpy7,q_dual_alpha,Ph 4,0.54296875,0.5658914728682171,0.5447761194029851,0.5551330798479087,0.08566807012066878
mmh0l2c7syhpy7,q_forgetting,Full,0.5998052580331061,0.6369710467706013,0.5355805243445693,0.5818921668362157,0.20642322940942942
mmh0l2c7syhpy7,q_forgetting,Ph 1,0.5910931174089069,0.6875,0.4198473282442748,0.5213270142180095,0.21791831541724532
mmh0l2c7syhpy7,q_forgetting,Ph 2,0.6538461538461539,0.6731707317073171,0.8571428571428571,0.7540983606557377,0.21446135146182665
mmh0l2c7syhpy7,q_forgetting,Ph 3,0.6742424242424242,0.6896551724137931,0.37037037037037035,0.4819277108433735,0.3027906698924533
mmh0l2c7syhpy7,q_forgetting,Ph 4,0.4765625,0.5,0.39552238805970147,0.44166666666666665,-0.039448113490252096
mmh0l2c7syhpy7,hmm_2state,Full,1.0,1.0,1.0,1.0,1.0
mmh0l2c7syhpy7,hmm_2state,Ph 1,1.0,1.0,1.0,1.0,1.0
mmh0l2c7syhpy7,hmm_2state,Ph 2,1.0,1.0,1.0,1.0,1.0
mmh0l2c7syhpy7,hmm_2state,Ph 3,1.0,1.0,1.0,1.0,1.0
mmh0l2c7syhpy7,hmm_2state,Ph 4,1.0,1.0,1.0,1.0,1.0
mmh0l2c7syhpy7,hmm_3state,Full,1.0,1.0,1.0,1.0,1.0
mmh0l2c7syhpy7,hmm_3state,Ph 1,1.0,1.0,1.0,1.0,1.0
mmh0l2c7syhpy7,hmm_3state,Ph 2,1.0,1.0,1.0,1.0,1.0
mmh0l2c7syhpy7,hmm_3state,Ph 3,1.0,1.0,1.0,1.0,1.0
mmh0l2c7syhpy7,hmm_3state,Ph 4,1.0,1.0,1.0,1.0,1.0
mmh0l2c7syhpy7,hmm_4state,Full,1.0,1.0,1.0,1.0,1.0
mmh0l2c7syhpy7,hmm_4state,Ph 1,1.0,1.0,1.0,1.0,1.0
mmh0l2c7syhpy7,hmm_4state,Ph 2,1.0,1.0,1.0,1.0,1.0
mmh0l2c7syhpy7,hmm_4state,Ph 3,1.0,1.0,1.0,1.0,1.0
mmh0l2c7syhpy7,hmm_4state,Ph 4,1.0,1.0,1.0,1.0,1.0
mmh0l48d4j1y4y,random,Full,0.5102739726027398,0.5102739726027398,1.0,0.6757369614512472,0.0
mmh0l48d4j1y4y,random,Ph 1,0.4946236559139785,0.4946236559139785,1.0,0.6618705035971223,0.0
mmh0l48d4j1y4y,random,Ph 2,0.6018518518518519,0.6018518518518519,1.0,0.7514450867052023,0.0
mmh0l48d4j1y4y,random,Ph 3,0.4085106382978723,0.4085106382978723,1.0,0.5800604229607251,0.0
mmh0l48d4j1y4y,random,Ph 4,0.5397489539748954,0.5397489539748954,1.0,0.7010869565217391,0.0
mmh0l48d4j1y4y,bias,Full,0.4897260273972603,0.0,0.0,0.0,0.0
mmh0l48d4j1y4y,bias,Ph 1,0.5053763440860215,0.0,0.0,0.0,0.0
mmh0l48d4j1y4y,bias,Ph 2,0.39814814814814814,0.0,0.0,0.0,0.0
mmh0l48d4j1y4y,bias,Ph 3,0.5914893617021276,0.0,0.0,0.0,0.0
mmh0l48d4j1y4y,bias,Ph 4,0.4602510460251046,0.0,0.0,0.0,0.0
mmh0l48d4j1y4y,wsls,Full,0.519406392694064,0.565,0.25279642058165547,0.34930448222565685,0.05954664151453667
mmh0l48d4j1y4y,wsls,Ph 1,0.510752688172043,1.0,0.010869565217391304,0.021505376344086023,0.07431631192790983
mmh0l48d4j1y4y,wsls,Ph 2,0.4444444444444444,0.7083333333333334,0.13076923076923078,0.22077922077922077,0.07690630407476406
mmh0l48d4j1y4y,wsls,Ph 3,0.548936170212766,0.41379310344827586,0.25,0.3116883116883117,0.006151610787179458
mmh0l48d4j1y4y,wsls,Ph 4,0.5648535564853556,0.6068376068376068,0.5503875968992248,0.5772357723577236,0.1318162007494126
mmh0l48d4j1y4y,generalized_matching_law,Full,0.5993150684931506,0.5933852140077821,0.6823266219239373,0.6347554630593132,0.19811106926967895
mmh0l48d4j1y4y,generalized_matching_law,Ph 1,0.4946236559139785,0.4946236559139785,1.0,0.6618705035971223,0.0
mmh0l48d4j1y4y,generalized_matching_law,Ph 2,0.6388888888888888,0.6368421052631579,0.9307692307692308,0.75625,0.1932280021894875
mmh0l48d4j1y4y,generalized_matching_law,Ph 3,0.6723404255319149,0.6417910447761194,0.4479166666666667,0.5276073619631901,0.2996993972388144
mmh0l48d4j1y4y,generalized_matching_law,Ph 4,0.5732217573221757,0.6901408450704225,0.3798449612403101,0.49,0.19615783389547306
mmh0l48d4j1y4y,melioration,Full,0.5799086757990868,0.5788423153692615,0.6487695749440716,0.6118143459915611,0.15854355083260377
mmh0l48d4j1y4y,melioration,Ph 1,0.4946236559139785,0.4946236559139785,1.0,0.6618705035971223,0.0
mmh0l48d4j1y4y,melioration,Ph 2,0.6388888888888888,0.6313131313131313,0.9615384615384616,0.7621951219512195,0.19960931103828644
mmh0l48d4j1y4y,melioration,Ph 3,0.6127659574468085,0.5490196078431373,0.2916666666666667,0.38095238095238093,0.15048910902958154
mmh0l48d4j1y4y,melioration,Ph 4,0.5606694560669456,0.6818181818181818,0.3488372093023256,0.46153846153846156,0.176057949513509
mmh0l48d4j1y4y,kinetic,Full,0.526255707762557,0.536036036036036,0.5324384787472036,0.5342312008978676,0.05224586879068474
mmh0l48d4j1y4y,kinetic,Ph 1,0.3172043010752688,0.38562091503267976,0.6413043478260869,0.4816326530612245,-0.469441270623243
mmh0l48d4j1y4y,kinetic,Ph 2,0.5879629629629629,0.6145251396648045,0.8461538461538461,0.7119741100323624,0.056943977719066376
mmh0l48d4j1y4y,kinetic,Ph 3,0.6553191489361702,0.631578947368421,0.375,0.47058823529411764,0.25679711924825627
mmh0l48d4j1y4y,kinetic,Ph 4,0.5062761506276151,0.6,0.2558139534883721,0.358695652173913,0.06609121374186283
mmh0l48d4j1y4y,behavioral_momentum,Full,0.547945205479452,0.5499021526418787,0.6286353467561522,0.5866388308977035,0.09379719343295978
mmh0l48d4j1y4y,behavioral_momentum,Ph 1,0.4946236559139785,0.4946236559139785,1.0,0.6618705035971223,0.0
mmh0l48d4j1y4y,behavioral_momentum,Ph 2,0.6064814814814815,0.6046511627906976,1.0,0.7536231884057971,0.08385002966195325
mmh0l48d4j1y4y,behavioral_momentum,Ph 3,0.5787234042553191,0.4745762711864407,0.2916666666666667,0.36129032258064514,0.07781621759858016
mmh0l48d4j1y4y,behavioral_momentum,Ph 4,0.5062761506276151,0.6078431372549019,0.24031007751937986,0.34444444444444444,0.0711578605442103
mmh0l48d4j1y4y,hill_climbing,Full,0.6038812785388128,0.6162790697674418,0.5928411633109619,0.6043329532497149,0.2082165495875187
mmh0l48d4j1y4y,hill_climbing,Ph 1,0.946236559139785,0.9270833333333334,0.967391304347826,0.9468085106382979,0.8933365139727805
mmh0l48d4j1y4y,hill_climbing,Ph 2,0.6666666666666666,0.8372093023255814,0.5538461538461539,0.6666666666666666,0.39105545617173526
mmh0l48d4j1y4y,hill_climbing,Ph 3,0.4723404255319149,0.39855072463768115,0.5729166666666666,0.4700854700854701,-0.024167631778936344
mmh0l48d4j1y4y,hill_climbing,Ph 4,0.4100418410041841,0.44545454545454544,0.3798449612403101,0.4100418410041841,-0.17470049330514448
mmh0l48d4j1y4y,q_learning,Full,0.5799086757990868,0.5788423153692615,0.6487695749440716,0.6118143459915611,0.15854355083260377
mmh0l48d4j1y4y,q_learning,Ph 1,0.4946236559139785,0.4946236559139785,1.0,0.6618705035971223,0.0
mmh0l48d4j1y4y,q_learning,Ph 2,0.6388888888888888,0.6313131313131313,0.9615384615384616,0.7621951219512195,0.19960931103828644
mmh0l48d4j1y4y,q_learning,Ph 3,0.6127659574468085,0.5490196078431373,0.2916666666666667,0.38095238095238093,0.15048910902958154
mmh0l48d4j1y4y,q_learning,Ph 4,0.5606694560669456,0.6818181818181818,0.3488372093023256,0.46153846153846156,0.176057949513509
mmh0l48d4j1y4y,q_dual_alpha,Full,0.5753424657534246,0.5754527162977867,0.639821029082774,0.6059322033898306,0.14930909846364487
mmh0l48d4j1y4y,q_dual_alpha,Ph 1,0.4946236559139785,0.4946236559139785,1.0,0.6618705035971223,0.0
mmh0l48d4j1y4y,q_dual_alpha,Ph 2,0.6342592592592593,0.6294416243654822,0.9538461538461539,0.7584097859327217,0.18148355654698342
mmh0l48d4j1y4y,q_dual_alpha,Ph 3,0.5914893617021276,0.5,0.23958333333333334,0.323943661971831,0.09182130419392727
mmh0l48d4j1y4y,q_dual_alpha,Ph 4,0.5690376569037657,0.6911764705882353,0.3643410852713178,0.47715736040609136,0.19158782380838826
mmh0l48d4j1y4y,q_forgetting,Full,0.5125570776255708,0.5234741784037559,0.4988814317673378,0.5108820160366552,0.025692179253180413
mmh0l48d4j1y4y,q_forgetting,Ph 1,0.1827956989247312,0.2413793103448276,0.30434782608695654,0.2692307692307692,-0.6520408960713392
mmh0l48d4j1y4y,q_forgetting,Ph 2,0.6342592592592593,0.6321243523316062,0.9384615384615385,0.7554179566563467,0.17914136563684072
mmh0l48d4j1y4y,q_forgetting,Ph 3,0.6212765957446809,0.5660377358490566,0.3125,0.40268456375838924,0.17293478472039028
mmh0l48d4j1y4y,q_forgetting,Ph 4,0.5523012552301255,0.671875,0.3333333333333333,0.44559585492227977,0.1603120266463059
mmh0l48d4j1y4y,hmm_2state,Full,0.7191780821917808,0.9808612440191388,0.45861297539149887,0.625,0.5269532661377815
mmh0l48d4j1y4y,hmm_2state,Ph 1,0.510752688172043,0.5555555555555556,0.05434782608695652,0.09900990099009901,0.027481120940242746
mmh0l48d4j1y4y,hmm_2state,Ph 2,0.5138888888888888,1.0,0.19230769230769232,0.3225806451612903,0.2942597557707999
mmh0l48d4j1y4y,hmm_2state,Ph 3,0.8382978723404255,1.0,0.6041666666666666,0.7532467532467533,0.6888095300866777
mmh0l48d4j1y4y,hmm_2state,Ph 4,0.9497907949790795,1.0,0.9069767441860465,0.9512195121951219,0.9043041064205439
mmh0l48d4j1y4y,hmm_3state,Full,0.7191780821917808,0.9808612440191388,0.45861297539149887,0.625,0.5269532661377815
mmh0l48d4j1y4y,hmm_3state,Ph 1,0.510752688172043,0.5555555555555556,0.05434782608695652,0.09900990099009901,0.027481120940242746
mmh0l48d4j1y4y,hmm_3state,Ph 2,0.5138888888888888,1.0,0.19230769230769232,0.3225806451612903,0.2942597557707999
mmh0l48d4j1y4y,hmm_3state,Ph 3,0.8382978723404255,1.0,0.6041666666666666,0.7532467532467533,0.6888095300866777
mmh0l48d4j1y4y,hmm_3state,Ph 4,0.9497907949790795,1.0,0.9069767441860465,0.9512195121951219,0.9043041064205439
mmh0l48d4j1y4y,hmm_4state,Full,0.7191780821917808,0.9808612440191388,0.45861297539149887,0.625,0.5269532661377815
mmh0l48d4j1y4y,hmm_4state,Ph 1,0.510752688172043,0.5555555555555556,0.05434782608695652,0.09900990099009901,0.027481120940242746
mmh0l48d4j1y4y,hmm_4state,Ph 2,0.5138888888888888,1.0,0.19230769230769232,0.3225806451612903,0.2942597557707999
mmh0l48d4j1y4y,hmm_4state,Ph 3,0.8382978723404255,1.0,0.6041666666666666,0.7532467532467533,0.6888095300866777
mmh0l48d4j1y4y,hmm_4state,Ph 4,0.9497907949790795,1.0,0.9069767441860465,0.9512195121951219,0.9043041064205439
mmh0le5hn8utpd,random,Full,0.4969818913480885,0.4969818913480885,1.0,0.6639784946236559,0.0
mmh0le5hn8utpd,random,Ph 1,0.5061224489795918,0.5061224489795918,1.0,0.6720867208672087,0.0
mmh0le5hn8utpd,random,Ph 2,0.6530612244897959,0.6530612244897959,1.0,0.7901234567901234,0.0
mmh0le5hn8utpd,random,Ph 3,0.34523809523809523,0.34523809523809523,1.0,0.5132743362831859,0.0
mmh0le5hn8utpd,random,Ph 4,0.4880952380952381,0.4880952380952381,1.0,0.656,0.0
mmh0le5hn8utpd,bias,Full,0.5030181086519114,0.0,0.0,0.0,0.0
mmh0le5hn8utpd,bias,Ph 1,0.49387755102040815,0.0,0.0,0.0,0.0
mmh0le5hn8utpd,bias,Ph 2,0.3469387755102041,0.0,0.0,0.0,0.0
mmh0le5hn8utpd,bias,Ph 3,0.6547619047619048,0.0,0.0,0.0,0.0
mmh0le5hn8utpd,bias,Ph 4,0.5119047619047619,0.0,0.0,0.0,0.0
mmh0le5hn8utpd,wsls,Full,0.6428571428571429,0.8034934497816594,0.3724696356275304,0.5089903181189488,0.3354067416181056
mmh0le5hn8utpd,wsls,Ph 1,0.5755102040816327,0.7083333333333334,0.27419354838709675,0.3953488372093023,0.19964323144064294
mmh0le5hn8utpd,wsls,Ph 2,0.4204081632653061,0.8,0.15,0.25263157894736843,0.11531198387492517
mmh0le5hn8utpd,wsls,Ph 3,0.7817460317460317,0.7962962962962963,0.4942528735632184,0.6099290780141844,0.49544541153489696
mmh0le5hn8utpd,wsls,Ph 4,0.7857142857142857,0.8556701030927835,0.6747967479674797,0.7545454545454545,0.5817266422983364
mmh0le5hn8utpd,generalized_matching_law,Full,0.6670020120724346,0.6540642722117203,0.7004048582995951,0.6764418377321603,0.3350940700732252
mmh0le5hn8utpd,generalized_matching_law,Ph 1,0.6816326530612244,0.7395833333333334,0.5725806451612904,0.6454545454545455,0.3748169007086714
mmh0le5hn8utpd,generalized_matching_law,Ph 2,0.6857142857142857,0.676595744680851,0.99375,0.8050632911392405,0.23968227038815995
mmh0le5hn8utpd,generalized_matching_law,Ph 3,0.6746031746031746,0.5641025641025641,0.25287356321839083,0.3492063492063492,0.19697753881157468
mmh0le5hn8utpd,generalized_matching_law,Ph 4,0.626984126984127,0.5911949685534591,0.7642276422764228,0.6666666666666666,0.2696918035853925
mmh0le5hn8utpd,melioration,Full,0.7122736418511066,0.6918819188191881,0.7591093117408907,0.7239382239382239,0.4268548634123863
mmh0le5hn8utpd,melioration,Ph 1,0.763265306122449,0.84375,0.6532258064516129,0.7363636363636363,0.5420544542938553
mmh0le5hn8utpd,melioration,Ph 2,0.710204081632653,0.7089201877934272,0.94375,0.8096514745308311,0.3027640555606743
mmh0le5hn8utpd,melioration,Ph 3,0.7658730158730159,0.7258064516129032,0.5172413793103449,0.6040268456375839,0.4572467857215919
mmh0le5hn8utpd,melioration,Ph 4,0.6111111111111112,0.5730994152046783,0.7967479674796748,0.6666666666666666,0.24708645763845344
mmh0le5hn8utpd,kinetic,Full,0.630784708249497,0.6108202443280978,0.708502024291498,0.6560449859418932,0.2656212245702547
mmh0le5hn8utpd,kinetic,Ph 1,0.6612244897959184,0.6990291262135923,0.5806451612903226,0.6343612334801763,0.32861263457445006
mmh0le5hn8utpd,kinetic,Ph 2,0.6816326530612244,0.673728813559322,0.99375,0.803030303030303,0.22234183975978428
mmh0le5hn8utpd,kinetic,Ph 3,0.6587301587301587,0.5111111111111111,0.26436781609195403,0.3484848484848485,0.16266561800728663
mmh0le5hn8utpd,kinetic,Ph 4,0.5238095238095238,0.5079365079365079,0.7804878048780488,0.6153846153846154,0.06875166509955269
mmh0le5hn8utpd,behavioral_momentum,Full,0.6398390342052314,0.625,0.6882591093117408,0.6551059730250481,0.2815156268009884
mmh0le5hn8utpd,behavioral_momentum,Ph 1,0.673469387755102,0.7682926829268293,0.5080645161290323,0.6116504854368932,0.37192816055242084
mmh0le5hn8utpd,behavioral_momentum,Ph 2,0.6571428571428571,0.6557377049180327,1.0,0.7920792079207921,0.08783257501821176
mmh0le5hn8utpd,behavioral_momentum,Ph 3,0.6468253968253969,0.4782608695652174,0.25287356321839083,0.3308270676691729,0.13221180952655934
mmh0le5hn8utpd,behavioral_momentum,Ph 4,0.5833333333333334,0.5523255813953488,0.7723577235772358,0.6440677966101694,0.18841375420760714
mmh0le5hn8utpd,hill_climbing,Full,0.772635814889336,0.7528301886792453,0.8076923076923077,0.779296875,0.5468892458303094
mmh0le5hn8utpd,hill_climbing,Ph 1,0.8489795918367347,0.859504132231405,0.8387096774193549,0.8489795918367347,0.6982138096507597
mmh0le5hn8utpd,hill_climbing,Ph 2,0.8204081632653061,0.8186813186813187,0.93125,0.8713450292397661,0.5913914980550914
mmh0le5hn8utpd,hill_climbing,Ph 3,0.8611111111111112,0.8611111111111112,0.7126436781609196,0.779874213836478,0.686233238136243
mmh0le5hn8utpd,hill_climbing,Ph 4,0.5634920634920635,0.5419354838709678,0.6829268292682927,0.60431654676259,0.13615705384011145
mmh0le5hn8utpd,q_learning,Full,0.7122736418511066,0.6918819188191881,0.7591093117408907,0.7239382239382239,0.4268548634123863
mmh0le5hn8utpd,q_learning,Ph 1,0.763265306122449,0.84375,0.6532258064516129,0.7363636363636363,0.5420544542938553
mmh0le5hn8utpd,q_learning,Ph 2,0.710204081632653,0.7089201877934272,0.94375,0.8096514745308311,0.3027640555606743
mmh0le5hn8utpd,q_learning,Ph 3,0.7658730158730159,0.7258064516129032,0.5172413793103449,0.6040268456375839,0.4572467857215919
mmh0le5hn8utpd,q_learning,Ph 4,0.6111111111111112,0.5730994152046783,0.7967479674796748,0.6666666666666666,0.24708645763845344
mmh0le5hn8utpd,q_dual_alpha,Full,0.7122736418511066,0.6925925925925925,0.757085020242915,0.723404255319149,0.4266772341821134
mmh0le5hn8utpd,q_dual_alpha,Ph 1,0.763265306122449,0.84375,0.6532258064516129,0.7363636363636363,0.5420544542938553
mmh0le5hn8utpd,q_dual_alpha,Ph 2,0.710204081632653,0.7109004739336493,0.9375,0.8086253369272237,0.30270601302298933
mmh0le5hn8utpd,q_dual_alpha,Ph 3,0.7658730158730159,0.7258064516129032,0.5172413793103449,0.6040268456375839,0.4572467857215919
mmh0le5hn8utpd,q_dual_alpha,Ph 4,0.6111111111111112,0.5730994152046783,0.7967479674796748,0.6666666666666666,0.24708645763845344
mmh0le5hn8utpd,q_forgetting,Full,0.7052313883299799,0.6892655367231638,0.7408906882591093,0.7141463414634146,0.4118480554830682
mmh0le5hn8utpd,q_forgetting,Ph 1,0.7591836734693878,0.8350515463917526,0.6532258064516129,0.7330316742081447,0.532622930035657
mmh0le5hn8utpd,q_forgetting,Ph 2,0.7142857142857143,0.7102803738317757,0.95,0.8128342245989305,0.3158377716845533
mmh0le5hn8utpd,q_forgetting,Ph 3,0.7658730158730159,0.71875,0.5287356321839081,0.609271523178808,0.45836817150005155
mmh0le5hn8utpd,q_forgetting,Ph 4,0.5833333333333334,0.5576923076923077,0.7073170731707317,0.6236559139784946,0.17748872370924682
mmh0le5hn8utpd,hmm_2state,Full,1.0,1.0,1.0,1.0,1.0
mmh0le5hn8utpd,hmm_2state,Ph 1,1.0,1.0,1.0,1.0,1.0
mmh0le5hn8utpd,hmm_2state,Ph 2,1.0,1.0,1.0,1.0,1.0
mmh0le5hn8utpd,hmm_2state,Ph 3,1.0,1.0,1.0,1.0,1.0
mmh0le5hn8utpd,hmm_2state,Ph 4,1.0,1.0,1.0,1.0,1.0
mmh0le5hn8utpd,hmm_3state,Full,1.0,1.0,1.0,1.0,1.0
mmh0le5hn8utpd,hmm_3state,Ph 1,1.0,1.0,1.0,1.0,1.0
mmh0le5hn8utpd,hmm_3state,Ph 2,1.0,1.0,1.0,1.0,1.0
mmh0le5hn8utpd,hmm_3state,Ph 3,1.0,1.0,1.0,1.0,1.0
mmh0le5hn8utpd,hmm_3state,Ph 4,1.0,1.0,1.0,1.0,1.0
mmh0le5hn8utpd,hmm_4state,Full,1.0,1.0,1.0,1.0,1.0
mmh0le5hn8utpd,hmm_4state,Ph 1,1.0,1.0,1.0,1.0,1.0
mmh0le5hn8utpd,hmm_4state,Ph 2,1.0,1.0,1.0,1.0,1.0
mmh0le5hn8utpd,hmm_4state,Ph 3,1.0,1.0,1.0,1.0,1.0
mmh0le5hn8utpd,hmm_4state,Ph 4,1.0,1.0,1.0,1.0,1.0
mmh0lgop76n6ez,random,Full,0.4850828729281768,0.4850828729281768,1.0,0.6532738095238095,0.0
mmh0lgop76n6ez,random,Ph 1,0.4878048780487805,0.4878048780487805,1.0,0.6557377049180327,0.0
mmh0lgop76n6ez,random,Ph 2,0.6278026905829597,0.6278026905829597,1.0,0.7713498622589532,0.0
mmh0lgop76n6ez,random,Ph 3,0.3723849372384937,0.3723849372384937,1.0,0.5426829268292683,0.0
mmh0lgop76n6ez,random,Ph 4,0.46218487394957986,0.46218487394957986,1.0,0.632183908045977,0.0
mmh0lgop76n6ez,bias,Full,0.5149171270718232,0.0,0.0,0.0,0.0
mmh0lgop76n6ez,bias,Ph 1,0.5121951219512195,0.0,0.0,0.0,0.0
mmh0lgop76n6ez,bias,Ph 2,0.3721973094170404,0.0,0.0,0.0,0.0
mmh0lgop76n6ez,bias,Ph 3,0.6276150627615062,0.0,0.0,0.0,0.0
mmh0lgop76n6ez,bias,Ph 4,0.5378151260504201,0.0,0.0,0.0,0.0
mmh0lgop76n6ez,wsls,Full,0.611049723756906,0.7485714285714286,0.2984054669703872,0.42671009771986973,0.25813251444279506
mmh0lgop76n6ez,wsls,Ph 1,0.5024390243902439,0.375,0.03,0.05555555555555555,-0.04547775024629457
mmh0lgop76n6ez,wsls,Ph 2,0.4125560538116592,0.8,0.08571428571428572,0.15483870967741936,0.09566258723823923
mmh0lgop76n6ez,wsls,Ph 3,0.7656903765690377,0.7894736842105263,0.5056179775280899,0.6164383561643836,0.4828224713882363
mmh0lgop76n6ez,wsls,Ph 4,0.7352941176470589,0.7473684210526316,0.6454545454545455,0.6926829268292682,0.4662231990531608
mmh0lgop76n6ez,generalized_matching_law,Full,0.5977900552486188,0.5912408759124088,0.5535307517084282,0.571764705882353,0.1937463534636996
mmh0lgop76n6ez,generalized_matching_law,Ph 1,0.5121951219512195,0.5,0.46,0.4791666666666667,0.02201405519688607
mmh0lgop76n6ez,generalized_matching_law,Ph 2,0.5964125560538116,0.6302083333333334,0.8642857142857143,0.7289156626506024,0.012385190740513441
mmh0lgop76n6ez,generalized_matching_law,Ph 3,0.6569037656903766,1.0,0.07865168539325842,0.14583333333333334,0.22550472899113524
mmh0lgop76n6ez,generalized_matching_law,Ph 4,0.6134453781512605,0.575,0.6272727272727273,0.6,0.2281878844559473
mmh0lgop76n6ez,melioration,Full,0.6088397790055249,0.5754884547069272,0.7380410022779044,0.6467065868263473,0.2320917752620812
mmh0lgop76n6ez,melioration,Ph 1,0.526829268292683,0.5093167701863354,0.82,0.6283524904214559,0.08232361310141631
mmh0lgop76n6ez,melioration,Ph 2,0.6412556053811659,0.6485148514851485,0.9357142857142857,0.7660818713450293,0.13289028953052245
mmh0lgop76n6ez,melioration,Ph 3,0.702928870292887,0.7368421052631579,0.3146067415730337,0.4409448818897638,0.3277913839677892
mmh0lgop76n6ez,melioration,Ph 4,0.5546218487394958,0.5123456790123457,0.7545454545454545,0.6102941176470589,0.14688952922369217
mmh0lgop76n6ez,kinetic,Full,0.5845303867403315,0.5668789808917197,0.6082004555808656,0.5868131868131868,0.17049890298997467
mmh0lgop76n6ez,kinetic,Ph 1,0.48292682926829267,0.47413793103448276,0.55,0.5092592592592593,-0.03121509877397142
mmh0lgop76n6ez,kinetic,Ph 2,0.5964125560538116,0.6275510204081632,0.8785714285714286,0.7321428571428571,-0.0014027481460022456
mmh0lgop76n6ez,kinetic,Ph 3,0.6527196652719666,0.8,0.0898876404494382,0.16161616161616163,0.18483853673016853
mmh0lgop76n6ez,kinetic,Ph 4,0.592436974789916,0.5436241610738255,0.7363636363636363,0.6254826254826255,0.21135266287613305
mmh0lgop76n6ez,behavioral_momentum,Full,0.6,0.574757281553398,0.6742596810933941,0.6205450733752621,0.20618790838206197
mmh0lgop76n6ez,behavioral_momentum,Ph 1,0.5317073170731708,0.5136986301369864,0.75,0.6097560975609756,0.0814900565641453
mmh0lgop76n6ez,behavioral_momentum,Ph 2,0.6188340807174888,0.6291079812206573,0.9571428571428572,0.7592067988668555,0.012462317851731521
mmh0lgop76n6ez,behavioral_momentum,Ph 3,0.6527196652719666,0.6875,0.12359550561797752,0.20952380952380953,0.17459587996653353
mmh0lgop76n6ez,behavioral_momentum,Ph 4,0.5882352941176471,0.5428571428571428,0.6909090909090909,0.608,0.19339751136609126
mmh0lgop76n6ez,hill_climbing,Full,0.6773480662983425,0.6560509554140127,0.7038724373576309,0.6791208791208792,0.3563723413726092
mmh0lgop76n6ez,hill_climbing,Ph 1,0.751219512195122,0.7474747474747475,0.74,0.7437185929648241,0.5020482247523124
mmh0lgop76n6ez,hill_climbing,Ph 2,0.7040358744394619,0.7202380952380952,0.8642857142857143,0.7857142857142857,0.33420538390592514
mmh0lgop76n6ez,hill_climbing,Ph 3,0.8158995815899581,0.8688524590163934,0.5955056179775281,0.7066666666666667,0.6011779279965391
mmh0lgop76n6ez,hill_climbing,Ph 4,0.4495798319327731,0.42657342657342656,0.5545454545454546,0.48221343873517786,-0.08763376508257303
mmh0lgop76n6ez,q_learning,Full,0.6088397790055249,0.5754884547069272,0.7380410022779044,0.6467065868263473,0.2320917752620812
mmh0lgop76n6ez,q_learning,Ph 1,0.526829268292683,0.5093167701863354,0.82,0.6283524904214559,0.08232361310141631
mmh0lgop76n6ez,q_learning,Ph 2,0.6412556053811659,0.6485148514851485,0.9357142857142857,0.7660818713450293,0.13289028953052245
mmh0lgop76n6ez,q_learning,Ph 3,0.702928870292887,0.7368421052631579,0.3146067415730337,0.4409448818897638,0.3277913839677892
mmh0lgop76n6ez,q_learning,Ph 4,0.5546218487394958,0.5123456790123457,0.7545454545454545,0.6102941176470589,0.14688952922369217
mmh0lgop76n6ez,q_dual_alpha,Full,0.6088397790055249,0.5754884547069272,0.7380410022779044,0.6467065868263473,0.2320917752620812
mmh0lgop76n6ez,q_dual_alpha,Ph 1,0.526829268292683,0.5093167701863354,0.82,0.6283524904214559,0.08232361310141631
mmh0lgop76n6ez,q_dual_alpha,Ph 2,0.6412556053811659,0.6485148514851485,0.9357142857142857,0.7660818713450293,0.13289028953052245
mmh0lgop76n6ez,q_dual_alpha,Ph 3,0.702928870292887,0.7368421052631579,0.3146067415730337,0.4409448818897638,0.3277913839677892
mmh0lgop76n6ez,q_dual_alpha,Ph 4,0.5546218487394958,0.5123456790123457,0.7545454545454545,0.6102941176470589,0.14688952922369217
mmh0lgop76n6ez,q_forgetting,Full,0.5988950276243094,0.5733590733590733,0.6765375854214123,0.6206896551724138,0.2043508225492565
mmh0lgop76n6ez,q_forgetting,Ph 1,0.5414634146341464,0.5227272727272727,0.69,0.5948275862068966,0.09394826482305442
mmh0lgop76n6ez,q_forgetting,Ph 2,0.6322869955156951,0.645,0.9214285714285714,0.7588235294117647,0.10490915381660554
mmh0lgop76n6ez,q_forgetting,Ph 3,0.702928870292887,0.7368421052631579,0.3146067415730337,0.4409448818897638,0.3277913839677892
mmh0lgop76n6ez,q_forgetting,Ph 4,0.5126050420168067,0.4797297297297297,0.6454545454545455,0.5503875968992248,0.04512685164686032
mmh0lgop76n6ez,hmm_2state,Full,1.0,1.0,1.0,1.0,1.0
mmh0lgop76n6ez,hmm_2state,Ph 1,1.0,1.0,1.0,1.0,1.0
mmh0lgop76n6ez,hmm_2state,Ph 2,1.0,1.0,1.0,1.0,1.0
mmh0lgop76n6ez,hmm_2state,Ph 3,1.0,1.0,1.0,1.0,1.0
mmh0lgop76n6ez,hmm_2state,Ph 4,1.0,1.0,1.0,1.0,1.0
mmh0lgop76n6ez,hmm_3state,Full,1.0,1.0,1.0,1.0,1.0
mmh0lgop76n6ez,hmm_3state,Ph 1,1.0,1.0,1.0,1.0,1.0
mmh0lgop76n6ez,hmm_3state,Ph 2,1.0,1.0,1.0,1.0,1.0
mmh0lgop76n6ez,hmm_3state,Ph 3,1.0,1.0,1.0,1.0,1.0
mmh0lgop76n6ez,hmm_3state,Ph 4,1.0,1.0,1.0,1.0,1.0
mmh0lgop76n6ez,hmm_4state,Full,1.0,1.0,1.0,1.0,1.0
mmh0lgop76n6ez,hmm_4state,Ph 1,1.0,1.0,1.0,1.0,1.0
mmh0lgop76n6ez,hmm_4state,Ph 2,1.0,1.0,1.0,1.0,1.0
mmh0lgop76n6ez,hmm_4state,Ph 3,1.0,1.0,1.0,1.0,1.0
mmh0lgop76n6ez,hmm_4state,Ph 4,1.0,1.0,1.0,1.0,1.0
mmh0lku3ip54e4,random,Full,0.46653346653346656,0.46653346653346656,1.0,0.6362397820163488,0.0
mmh0lku3ip54e4,random,Ph 1,0.49586776859504134,0.49586776859504134,1.0,0.6629834254143646,0.0
mmh0lku3ip54e4,random,Ph 2,0.6342412451361867,0.6342412451361867,1.0,0.7761904761904762,0.0
mmh0lku3ip54e4,random,Ph 3,0.313953488372093,0.313953488372093,1.0,0.4778761061946903,0.0
mmh0lku3ip54e4,random,Ph 4,0.42213114754098363,0.42213114754098363,1.0,0.5936599423631124,0.0
mmh0lku3ip54e4,bias,Full,0.5334665334665335,0.0,0.0,0.0,0.0
mmh0lku3ip54e4,bias,Ph 1,0.5041322314049587,0.0,0.0,0.0,0.0
mmh0lku3ip54e4,bias,Ph 2,0.3657587548638132,0.0,0.0,0.0,0.0
mmh0lku3ip54e4,bias,Ph 3,0.686046511627907,0.0,0.0,0.0,0.0
mmh0lku3ip54e4,bias,Ph 4,0.5778688524590164,0.0,0.0,0.0,0.0
mmh0lku3ip54e4,wsls,Full,0.4805194805194805,0.36683417085427134,0.15631691648822268,0.21921921921921922,-0.09954889713755619
mmh0lku3ip54e4,wsls,Ph 1,0.47107438016528924,0.2777777777777778,0.041666666666666664,0.07246376811594203,-0.12364962546175519
mmh0lku3ip54e4,wsls,Ph 2,0.377431906614786,0.5405405405405406,0.12269938650306748,0.2,-0.0797825241944854
mmh0lku3ip54e4,wsls,Ph 3,0.5930232558139535,0.29310344827586204,0.20987654320987653,0.2446043165467626,-0.024193374982300005
mmh0lku3ip54e4,wsls,Ph 4,0.47950819672131145,0.36046511627906974,0.30097087378640774,0.328042328042328,-0.09211457200240615
mmh0lku3ip54e4,generalized_matching_law,Full,0.6013986013986014,0.5726495726495726,0.5738758029978587,0.5732620320855615,0.19931759399200077
mmh0lku3ip54e4,generalized_matching_law,Ph 1,0.5289256198347108,0.5357142857142857,0.375,0.4411764705882353,0.05810938699322024
mmh0lku3ip54e4,generalized_matching_law,Ph 2,0.6186770428015564,0.6497695852534562,0.8650306748466258,0.7421052631578947,0.07509314619177516
mmh0lku3ip54e4,generalized_matching_law,Ph 3,0.7170542635658915,0.5869565217391305,0.3333333333333333,0.4251968503937008,0.27401164584391574
mmh0lku3ip54e4,generalized_matching_law,Ph 4,0.5327868852459017,0.45454545454545453,0.5339805825242718,0.49107142857142855,0.06509363557735413
mmh0lku3ip54e4,melioration,Full,0.6223776223776224,0.58195211786372,0.6766595289079229,0.6257425742574257,0.2519116077889019
mmh0lku3ip54e4,melioration,Ph 1,0.5454545454545454,0.5390625,0.575,0.5564516129032258,0.09154363737115015
mmh0lku3ip54e4,melioration,Ph 2,0.6731517509727627,0.680365296803653,0.9141104294478528,0.7801047120418848,0.22989689377935757
mmh0lku3ip54e4,melioration,Ph 3,0.6937984496124031,0.515625,0.4074074074074074,0.45517241379310347,0.24958830916622712
mmh0lku3ip54e4,melioration,Ph 4,0.569672131147541,0.49242424242424243,0.6310679611650486,0.5531914893617021,0.15450846462603707
mmh0lku3ip54e4,kinetic,Full,0.5904095904095904,0.5553398058252427,0.6124197002141327,0.5824847250509165,0.18324598036124323
mmh0lku3ip54e4,kinetic,Ph 1,0.5041322314049587,0.5,0.375,0.42857142857142855,0.006359587138828977
mmh0lku3ip54e4,kinetic,Ph 2,0.6342412451361867,0.6342412451361867,1.0,0.7761904761904762,0.0
mmh0lku3ip54e4,kinetic,Ph 3,0.6782945736434108,0.475,0.2345679012345679,0.3140495867768595,0.1486427167563607
mmh0lku3ip54e4,kinetic,Ph 4,0.5368852459016393,0.4609375,0.5728155339805825,0.5108225108225108,0.08253544015991597
mmh0lku3ip54e4,behavioral_momentum,Full,0.6013986013986014,0.5555555555555556,0.728051391862955,0.6302131603336423,0.2238224784296439
mmh0lku3ip54e4,behavioral_momentum,Ph 1,0.48760330578512395,0.4876543209876543,0.6583333333333333,0.5602836879432624,-0.023376680036605552
mmh0lku3ip54e4,behavioral_momentum,Ph 2,0.6459143968871596,0.6417322834645669,1.0,0.7817745803357314,0.1431112069594125
mmh0lku3ip54e4,behavioral_momentum,Ph 3,0.7364341085271318,0.7407407407407407,0.24691358024691357,0.37037037037037035,0.3143966389370235
mmh0lku3ip54e4,behavioral_momentum,Ph 4,0.5245901639344263,0.46153846153846156,0.7572815533980582,0.5735294117647058,0.11977087231838433
mmh0lku3ip54e4,hill_climbing,Full,0.6553446553446554,0.6150943396226415,0.6980728051391863,0.6539618856569709,0.31589076748310124
mmh0lku3ip54e4,hill_climbing,Ph 1,0.6322314049586777,0.624,0.65,0.636734693877551,0.2648898348978277
mmh0lku3ip54e4,hill_climbing,Ph 2,0.6964980544747081,0.7202072538860104,0.852760736196319,0.7808988764044944,0.309949418227256
mmh0lku3ip54e4,hill_climbing,Ph 3,0.6937984496124031,0.5147058823529411,0.43209876543209874,0.4697986577181208,0.2587789534593215
mmh0lku3ip54e4,hill_climbing,Ph 4,0.5942622950819673,0.5138888888888888,0.7184466019417476,0.5991902834008097,0.22293877908608387
mmh0lku3ip54e4,q_learning,Full,0.6223776223776224,0.58195211786372,0.6766595289079229,0.6257425742574257,0.2519116077889019
mmh0lku3ip54e4,q_learning,Ph 1,0.5454545454545454,0.5390625,0.575,0.5564516129032258,0.09154363737115015
mmh0lku3ip54e4,q_learning,Ph 2,0.6731517509727627,0.680365296803653,0.9141104294478528,0.7801047120418848,0.22989689377935757
mmh0lku3ip54e4,q_learning,Ph 3,0.6937984496124031,0.515625,0.4074074074074074,0.45517241379310347,0.24958830916622712
mmh0lku3ip54e4,q_learning,Ph 4,0.569672131147541,0.49242424242424243,0.6310679611650486,0.5531914893617021,0.15450846462603707
mmh0lku3ip54e4,q_dual_alpha,Full,0.6223776223776224,0.5825602968460112,0.6723768736616702,0.6242544731610338,0.25120994683262254
mmh0lku3ip54e4,q_dual_alpha,Ph 1,0.5454545454545454,0.5390625,0.575,0.5564516129032258,0.09154363737115015
mmh0lku3ip54e4,q_dual_alpha,Ph 2,0.6770428015564203,0.6869158878504673,0.901840490797546,0.7798408488063661,0.24397742971712874
mmh0lku3ip54e4,q_dual_alpha,Ph 3,0.689922480620155,0.5076923076923077,0.4074074074074074,0.4520547945205479,0.2422619652305842
mmh0lku3ip54e4,q_dual_alpha,Ph 4,0.569672131147541,0.49242424242424243,0.6310679611650486,0.5531914893617021,0.15450846462603707
mmh0lku3ip54e4,q_forgetting,Full,0.6173826173826173,0.5734265734265734,0.702355460385439,0.631376323387873,0.24741388977150977
mmh0lku3ip54e4,q_forgetting,Ph 1,0.5330578512396694,0.5244755244755245,0.625,0.5703422053231939,0.06876683560916085
mmh0lku3ip54e4,q_forgetting,Ph 2,0.6770428015564203,0.6851851851851852,0.9079754601226994,0.7810026385224275,0.2427743903406806
mmh0lku3ip54e4,q_forgetting,Ph 3,0.689922480620155,0.5074626865671642,0.41975308641975306,0.4594594594594595,0.2469521971772409
mmh0lku3ip54e4,q_forgetting,Ph 4,0.5614754098360656,0.4863013698630137,0.6893203883495146,0.570281124497992,0.15858371652431652
mmh0lku3ip54e4,hmm_2state,Full,1.0,1.0,1.0,1.0,1.0
mmh0lku3ip54e4,hmm_2state,Ph 1,1.0,1.0,1.0,1.0,1.0
mmh0lku3ip54e4,hmm_2state,Ph 2,1.0,1.0,1.0,1.0,1.0
mmh0lku3ip54e4,hmm_2state,Ph 3,1.0,1.0,1.0,1.0,1.0
mmh0lku3ip54e4,hmm_2state,Ph 4,1.0,1.0,1.0,1.0,1.0
mmh0lku3ip54e4,hmm_3state,Full,1.0,1.0,1.0,1.0,1.0
mmh0lku3ip54e4,hmm_3state,Ph 1,1.0,1.0,1.0,1.0,1.0
mmh0lku3ip54e4,hmm_3state,Ph 2,1.0,1.0,1.0,1.0,1.0
mmh0lku3ip54e4,hmm_3state,Ph 3,1.0,1.0,1.0,1.0,1.0
mmh0lku3ip54e4,hmm_3state,Ph 4,1.0,1.0,1.0,1.0,1.0
mmh0lku3ip54e4,hmm_4state,Full,1.0,1.0,1.0,1.0,1.0
mmh0lku3ip54e4,hmm_4state,Ph 1,1.0,1.0,1.0,1.0,1.0
mmh0lku3ip54e4,hmm_4state,Ph 2,1.0,1.0,1.0,1.0,1.0
mmh0lku3ip54e4,hmm_4state,Ph 3,1.0,1.0,1.0,1.0,1.0
mmh0lku3ip54e4,hmm_4state,Ph 4,1.0,1.0,1.0,1.0,1.0
mmh0lpcdm9wdcu,random,Full,0.5285714285714286,0.5285714285714286,1.0,0.6915887850467289,0.0
mmh0lpcdm9wdcu,random,Ph 1,0.6220472440944882,0.6220472440944882,1.0,0.7669902912621359,0.0
mmh0lpcdm9wdcu,random,Ph 2,0.9230769230769231,0.9230769230769231,1.0,0.96,0.0
mmh0lpcdm9wdcu,random,Ph 3,0.13043478260869565,0.13043478260869565,1.0,0.23076923076923078,0.0
mmh0lpcdm9wdcu,random,Ph 4,0.41509433962264153,0.41509433962264153,1.0,0.5866666666666667,0.0
mmh0lpcdm9wdcu,bias,Full,0.4714285714285714,0.0,0.0,0.0,0.0
mmh0lpcdm9wdcu,bias,Ph 1,0.3779527559055118,0.0,0.0,0.0,0.0
mmh0lpcdm9wdcu,bias,Ph 2,0.07692307692307693,0.0,0.0,0.0,0.0
mmh0lpcdm9wdcu,bias,Ph 3,0.8695652173913043,0.0,0.0,0.0,0.0
mmh0lpcdm9wdcu,bias,Ph 4,0.5849056603773585,0.0,0.0,0.0,0.0
mmh0lpcdm9wdcu,wsls,Full,0.49142857142857144,0.6129032258064516,0.10270270270270271,0.17592592592592593,0.052664391345933544
mmh0lpcdm9wdcu,wsls,Ph 1,0.41732283464566927,0.6666666666666666,0.12658227848101267,0.2127659574468085,0.03367674593539684
mmh0lpcdm9wdcu,wsls,Ph 2,0.08974358974358974,1.0,0.013888888888888888,0.0273972602739726,0.03289758474798845
mmh0lpcdm9wdcu,wsls,Ph 3,0.8695652173913043,0.5,0.08333333333333333,0.14285714285714285,0.16358257627039396
mmh0lpcdm9wdcu,wsls,Ph 4,0.6037735849056604,0.5384615384615384,0.3181818181818182,0.4,0.14273322104156907
mmh0lpcdm9wdcu,generalized_matching_law,Full,0.7685714285714286,0.7300884955752213,0.8918918918918919,0.8029197080291971,0.5449986400822634
mmh0lpcdm9wdcu,generalized_matching_law,Ph 1,0.6535433070866141,0.6605504587155964,0.9113924050632911,0.7659574468085106,0.19540854147028763
mmh0lpcdm9wdcu,generalized_matching_law,Ph 2,0.9230769230769231,0.9230769230769231,1.0,0.96,0.0
mmh0lpcdm9wdcu,generalized_matching_law,Ph 3,0.8586956521739131,0.48,1.0,0.6486486486486487,0.6340346993658943
mmh0lpcdm9wdcu,generalized_matching_law,Ph 4,0.660377358490566,0.6428571428571429,0.4090909090909091,0.5,0.2769479762318028
mmh0lpcdm9wdcu,melioration,Full,0.9285714285714286,0.9301075268817204,0.9351351351351351,0.9326145552560647,0.8566419750459413
mmh0lpcdm9wdcu,melioration,Ph 1,0.8740157480314961,0.8987341772151899,0.8987341772151899,0.8987341772151899,0.7320675105485233
mmh0lpcdm9wdcu,melioration,Ph 2,1.0,1.0,1.0,1.0,1.0
mmh0lpcdm9wdcu,melioration,Ph 3,1.0,1.0,1.0,1.0,1.0
mmh0lpcdm9wdcu,melioration,Ph 4,0.8301886792452831,0.782608695652174,0.8181818181818182,0.8,0.6530723266305324
mmh0lpcdm9wdcu,kinetic,Full,0.8228571428571428,0.8867924528301887,0.7621621621621621,0.8197674418604651,0.6547464583272936
mmh0lpcdm9wdcu,kinetic,Ph 1,0.7401574803149606,0.8108108108108109,0.759493670886076,0.7843137254901961,0.46000828803400656
mmh0lpcdm9wdcu,kinetic,Ph 2,0.8974358974358975,1.0,0.8888888888888888,0.9411764705882353,0.6172133998483676
mmh0lpcdm9wdcu,kinetic,Ph 3,0.9891304347826086,0.9230769230769231,1.0,0.96,0.9547452338390916
mmh0lpcdm9wdcu,kinetic,Ph 4,0.6226415094339622,0.625,0.22727272727272727,0.3333333333333333,0.1796166403874457
mmh0lpcdm9wdcu,behavioral_momentum,Full,0.8514285714285714,0.8982035928143712,0.8108108108108109,0.8522727272727273,0.7073635121584234
mmh0lpcdm9wdcu,behavioral_momentum,Ph 1,0.7244094488188977,0.8235294117647058,0.7088607594936709,0.7619047619047619,0.4461024637404292
mmh0lpcdm9wdcu,behavioral_momentum,Ph 2,0.9871794871794872,0.9863013698630136,1.0,0.993103448275862,0.9065968278232491
mmh0lpcdm9wdcu,behavioral_momentum,Ph 3,0.9782608695652174,0.8571428571428571,1.0,0.9230769230769231,0.9141741003300661
mmh0lpcdm9wdcu,behavioral_momentum,Ph 4,0.7358490566037735,0.8333333333333334,0.45454545454545453,0.5882352941176471,0.4592053063578599
mmh0lpcdm9wdcu,hill_climbing,Full,0.8228571428571428,0.8397790055248618,0.8216216216216217,0.8306010928961749,0.6451880358182173
mmh0lpcdm9wdcu,hill_climbing,Ph 1,0.9212598425196851,0.9367088607594937,0.9367088607594937,0.9367088607594937,0.832542194092827
mmh0lpcdm9wdcu,hill_climbing,Ph 2,0.8205128205128205,1.0,0.8055555555555556,0.8923076923076924,0.4915960401250875
mmh0lpcdm9wdcu,hill_climbing,Ph 3,0.7934782608695652,0.1111111111111111,0.08333333333333333,0.09523809523809523,-0.018894006708837858
mmh0lpcdm9wdcu,hill_climbing,Ph 4,0.6415094339622641,0.5428571428571428,0.8636363636363636,0.6666666666666666,0.3615645840937466
mmh0lpcdm9wdcu,q_learning,Full,0.9285714285714286,0.9301075268817204,0.9351351351351351,0.9326145552560647,0.8566419750459413
mmh0lpcdm9wdcu,q_learning,Ph 1,0.8740157480314961,0.8987341772151899,0.8987341772151899,0.8987341772151899,0.7320675105485233
mmh0lpcdm9wdcu,q_learning,Ph 2,1.0,1.0,1.0,1.0,1.0
mmh0lpcdm9wdcu,q_learning,Ph 3,1.0,1.0,1.0,1.0,1.0
mmh0lpcdm9wdcu,q_learning,Ph 4,0.8301886792452831,0.782608695652174,0.8181818181818182,0.8,0.6530723266305324
mmh0lpcdm9wdcu,q_dual_alpha,Full,0.9285714285714286,0.9301075268817204,0.9351351351351351,0.9326145552560647,0.8566419750459413
mmh0lpcdm9wdcu,q_dual_alpha,Ph 1,0.8740157480314961,0.8987341772151899,0.8987341772151899,0.8987341772151899,0.7320675105485233
mmh0lpcdm9wdcu,q_dual_alpha,Ph 2,1.0,1.0,1.0,1.0,1.0
mmh0lpcdm9wdcu,q_dual_alpha,Ph 3,1.0,1.0,1.0,1.0,1.0
mmh0lpcdm9wdcu,q_dual_alpha,Ph 4,0.8301886792452831,0.782608695652174,0.8181818181818182,0.8,0.6530723266305324
mmh0lpcdm9wdcu,q_forgetting,Full,0.9285714285714286,0.9347826086956522,0.9297297297297298,0.9322493224932249,0.8567358648779446
mmh0lpcdm9wdcu,q_forgetting,Ph 1,0.8818897637795275,0.9210526315789473,0.8860759493670886,0.9032258064516129,0.7527838238959825
mmh0lpcdm9wdcu,q_forgetting,Ph 2,0.9871794871794872,1.0,0.9861111111111112,0.993006993006993,0.9193683131575153
mmh0lpcdm9wdcu,q_forgetting,Ph 3,0.9891304347826086,1.0,0.9166666666666666,0.9565217391304348,0.9514987095307502
mmh0lpcdm9wdcu,q_forgetting,Ph 4,0.8490566037735849,0.7692307692307693,0.9090909090909091,0.8333333333333334,0.7052759565117257
mmh0lpcdm9wdcu,hmm_2state,Full,0.92,0.8829268292682927,0.9783783783783784,0.9282051282051282,0.8440578117885807
mmh0lpcdm9wdcu,hmm_2state,Ph 1,0.9291338582677166,0.9069767441860465,0.9873417721518988,0.9454545454545454,0.8510680168001212
mmh0lpcdm9wdcu,hmm_2state,Ph 2,0.9487179487179487,0.9857142857142858,0.9583333333333334,0.971830985915493,0.6953288019758299
mmh0lpcdm9wdcu,hmm_2state,Ph 3,1.0,1.0,1.0,1.0,1.0
mmh0lpcdm9wdcu,hmm_2state,Ph 4,0.7169811320754716,0.5945945945945946,1.0,0.7457627118644068,0.5539743068897549
mmh0lpcdm9wdcu,hmm_3state,Full,0.92,0.8829268292682927,0.9783783783783784,0.9282051282051282,0.8440578117885807
mmh0lpcdm9wdcu,hmm_3state,Ph 1,0.9291338582677166,0.9069767441860465,0.9873417721518988,0.9454545454545454,0.8510680168001212
mmh0lpcdm9wdcu,hmm_3state,Ph 2,0.9487179487179487,0.9857142857142858,0.9583333333333334,0.971830985915493,0.6953288019758299
mmh0lpcdm9wdcu,hmm_3state,Ph 3,1.0,1.0,1.0,1.0,1.0
mmh0lpcdm9wdcu,hmm_3state,Ph 4,0.7169811320754716,0.5945945945945946,1.0,0.7457627118644068,0.5539743068897549
mmh0lpcdm9wdcu,hmm_4state,Full,0.92,0.8829268292682927,0.9783783783783784,0.9282051282051282,0.8440578117885807
mmh0lpcdm9wdcu,hmm_4state,Ph 1,0.9291338582677166,0.9069767441860465,0.9873417721518988,0.9454545454545454,0.8510680168001212
mmh0lpcdm9wdcu,hmm_4state,Ph 2,0.9487179487179487,0.9857142857142858,0.9583333333333334,0.971830985915493,0.6953288019758299
mmh0lpcdm9wdcu,hmm_4state,Ph 3,1.0,1.0,1.0,1.0,1.0
mmh0lpcdm9wdcu,hmm_4state,Ph 4,0.7169811320754716,0.5945945945945946,1.0,0.7457627118644068,0.5539743068897549
mmh0m3latwun95,random,Full,0.507177033492823,0.507177033492823,1.0,0.6730158730158731,0.0
mmh0m3latwun95,random,Ph 1,0.5225563909774437,0.5225563909774437,1.0,0.6864197530864198,0.0
mmh0m3latwun95,random,Ph 2,0.6567164179104478,0.6567164179104478,1.0,0.7927927927927928,0.0
mmh0m3latwun95,random,Ph 3,0.35984848484848486,0.35984848484848486,1.0,0.5292479108635098,0.0
mmh0m3latwun95,random,Ph 4,0.48582995951417,0.48582995951417,1.0,0.6539509536784741,0.0
mmh0m3latwun95,bias,Full,0.49282296650717705,0.0,0.0,0.0,0.0
mmh0m3latwun95,bias,Ph 1,0.4774436090225564,0.0,0.0,0.0,0.0
mmh0m3latwun95,bias,Ph 2,0.34328358208955223,0.0,0.0,0.0,0.0
mmh0m3latwun95,bias,Ph 3,0.6401515151515151,0.0,0.0,0.0,0.0
mmh0m3latwun95,bias,Ph 4,0.5141700404858299,0.0,0.0,0.0,0.0
mmh0m3latwun95,wsls,Full,0.6822966507177034,0.8214285714285714,0.47735849056603774,0.60381861575179,0.4063439212255427
mmh0m3latwun95,wsls,Ph 1,0.6691729323308271,0.8591549295774648,0.43884892086330934,0.580952380952381,0.4066272419444456
mmh0m3latwun95,wsls,Ph 2,0.5410447761194029,0.8840579710144928,0.3465909090909091,0.49795918367346936,0.28194303874644694
mmh0m3latwun95,wsls,Ph 3,0.7840909090909091,0.8064516129032258,0.5263157894736842,0.6369426751592356,0.5155142711881868
mmh0m3latwun95,wsls,Ph 4,0.7408906882591093,0.7641509433962265,0.675,0.7168141592920354,0.4828295002533411
mmh0m3latwun95,generalized_matching_law,Full,0.6784688995215311,0.6510903426791277,0.7886792452830189,0.7133105802047781,0.3633211596399092
mmh0m3latwun95,generalized_matching_law,Ph 1,0.6428571428571429,0.6486486486486487,0.6906474820143885,0.6689895470383276,0.2827161713824107
mmh0m3latwun95,generalized_matching_law,Ph 2,0.6716417910447762,0.6833333333333333,0.9318181818181818,0.7884615384615384,0.16412278436990957
mmh0m3latwun95,generalized_matching_law,Ph 3,0.8409090909090909,0.8192771084337349,0.7157894736842105,0.7640449438202247,0.6482112737292686
mmh0m3latwun95,generalized_matching_law,Ph 4,0.5506072874493927,0.5263157894736842,0.75,0.6185567010309279,0.12150629418906271
mmh0m3latwun95,melioration,Full,0.6995215311004784,0.7101167315175098,0.6886792452830188,0.6992337164750958,0.39937056241554103
mmh0m3latwun95,melioration,Ph 1,0.6654135338345865,0.6923076923076923,0.6474820143884892,0.6691449814126395,0.33226738255216637
mmh0m3latwun95,melioration,Ph 2,0.7574626865671642,0.7630331753554502,0.9147727272727273,0.8320413436692506,0.4308142588000274
mmh0m3latwun95,melioration,Ph 3,0.8409090909090909,0.9491525423728814,0.5894736842105263,0.7272727272727273,0.6586994162410252
mmh0m3latwun95,melioration,Ph 4,0.5222672064777328,0.5087719298245614,0.48333333333333334,0.49572649572649574,0.0424973439989975
mmh0m3latwun95,kinetic,Full,0.6344497607655503,0.6355311355311355,0.6547169811320754,0.6449814126394052,0.26855333031723266
mmh0m3latwun95,kinetic,Ph 1,0.5977443609022557,0.635593220338983,0.539568345323741,0.5836575875486382,0.20207030138291562
mmh0m3latwun95,kinetic,Ph 2,0.6902985074626866,0.7012987012987013,0.9204545454545454,0.7960687960687961,0.23461295118006312
mmh0m3latwun95,kinetic,Ph 3,0.8106060606060606,0.835820895522388,0.5894736842105263,0.691358024691358,0.5783421433144212
mmh0m3latwun95,kinetic,Ph 4,0.4251012145748988,0.4153846153846154,0.45,0.432,-0.1485715006777824
mmh0m3latwun95,behavioral_momentum,Full,0.6440191387559808,0.654296875,0.6320754716981132,0.6429942418426103,0.2884146824752395
mmh0m3latwun95,behavioral_momentum,Ph 1,0.6353383458646616,0.6981132075471698,0.5323741007194245,0.6040816326530613,0.2860770471238377
mmh0m3latwun95,behavioral_momentum,Ph 2,0.6902985074626866,0.6852589641434262,0.9772727272727273,0.8056206088992974,0.23098812825516848
mmh0m3latwun95,behavioral_momentum,Ph 3,0.7121212121212122,0.88,0.23157894736842105,0.36666666666666664,0.3505094195699559
mmh0m3latwun95,behavioral_momentum,Ph 4,0.5303643724696356,0.5153846153846153,0.5583333333333333,0.536,0.0623317215487248
mmh0m3latwun95,hill_climbing,Full,0.7397129186602871,0.7452471482889734,0.7396226415094339,0.7424242424242424,0.4793898290850242
mmh0m3latwun95,hill_climbing,Ph 1,0.7894736842105263,0.816793893129771,0.7697841726618705,0.7925925925925926,0.5802820874839325
mmh0m3latwun95,hill_climbing,Ph 2,0.7947761194029851,0.8009950248756219,0.9147727272727273,0.8541114058355438,0.5263166562644551
mmh0m3latwun95,hill_climbing,Ph 3,0.8674242424242424,0.8947368421052632,0.7157894736842105,0.7953216374269005,0.7085814655880103
mmh0m3latwun95,hill_climbing,Ph 4,0.4898785425101215,0.4745762711864407,0.4666666666666667,0.47058823529411764,-0.021535031006679965
mmh0m3latwun95,q_learning,Full,0.6995215311004784,0.7101167315175098,0.6886792452830188,0.6992337164750958,0.39937056241554103
mmh0m3latwun95,q_learning,Ph 1,0.6654135338345865,0.6923076923076923,0.6474820143884892,0.6691449814126395,0.33226738255216637
mmh0m3latwun95,q_learning,Ph 2,0.7574626865671642,0.7630331753554502,0.9147727272727273,0.8320413436692506,0.4308142588000274
mmh0m3latwun95,q_learning,Ph 3,0.8409090909090909,0.9491525423728814,0.5894736842105263,0.7272727272727273,0.6586994162410252
mmh0m3latwun95,q_learning,Ph 4,0.5222672064777328,0.5087719298245614,0.48333333333333334,0.49572649572649574,0.0424973439989975
mmh0m3latwun95,q_dual_alpha,Full,0.6995215311004784,0.7101167315175098,0.6886792452830188,0.6992337164750958,0.39937056241554103
mmh0m3latwun95,q_dual_alpha,Ph 1,0.6654135338345865,0.6923076923076923,0.6474820143884892,0.6691449814126395,0.33226738255216637
mmh0m3latwun95,q_dual_alpha,Ph 2,0.7574626865671642,0.7630331753554502,0.9147727272727273,0.8320413436692506,0.4308142588000274
mmh0m3latwun95,q_dual_alpha,Ph 3,0.8409090909090909,0.9491525423728814,0.5894736842105263,0.7272727272727273,0.6586994162410252
mmh0m3latwun95,q_dual_alpha,Ph 4,0.5222672064777328,0.5087719298245614,0.48333333333333334,0.49572649572649574,0.0424973439989975
mmh0m3latwun95,q_forgetting,Full,0.7052631578947368,0.7094339622641509,0.7094339622641509,0.7094339622641509,0.4104048360505587
mmh0m3latwun95,q_forgetting,Ph 1,0.6691729323308271,0.6946564885496184,0.6546762589928058,0.674074074074074,0.3394081418746848
mmh0m3latwun95,q_forgetting,Ph 2,0.7611940298507462,0.7641509433962265,0.9204545454545454,0.8350515463917526,0.4402530094813344
mmh0m3latwun95,q_forgetting,Ph 3,0.8333333333333334,0.9322033898305084,0.5789473684210527,0.7142857142857143,0.6397543627616015
mmh0m3latwun95,q_forgetting,Ph 4,0.5465587044534413,0.53125,0.5666666666666667,0.5483870967741935,0.09425046268628895
mmh0m3latwun95,hmm_2state,Full,0.7052631578947368,1.0,0.4188679245283019,0.5904255319148937,0.5119673311409824
mmh0m3latwun95,hmm_2state,Ph 1,0.7330827067669173,1.0,0.4892086330935252,0.6570048309178744,0.5601654535653454
mmh0m3latwun95,hmm_2state,Ph 2,0.7425373134328358,1.0,0.6079545454545454,0.7561837455830389,0.5894086845327251
mmh0m3latwun95,hmm_2state,Ph 3,0.7613636363636364,1.0,0.3368421052631579,0.5039370078740157,0.49535043233724635
mmh0m3latwun95,hmm_2state,Ph 4,0.5748987854251012,1.0,0.125,0.2222222222222222,0.26158502277066825
mmh0m3latwun95,hmm_3state,Full,0.7052631578947368,1.0,0.4188679245283019,0.5904255319148937,0.5119673311409824
mmh0m3latwun95,hmm_3state,Ph 1,0.7330827067669173,1.0,0.4892086330935252,0.6570048309178744,0.5601654535653454
mmh0m3latwun95,hmm_3state,Ph 2,0.7425373134328358,1.0,0.6079545454545454,0.7561837455830389,0.5894086845327251
mmh0m3latwun95,hmm_3state,Ph 3,0.7613636363636364,1.0,0.3368421052631579,0.5039370078740157,0.49535043233724635
mmh0m3latwun95,hmm_3state,Ph 4,0.5748987854251012,1.0,0.125,0.2222222222222222,0.26158502277066825
mmh0m3latwun95,hmm_4state,Full,0.7052631578947368,1.0,0.4188679245283019,0.5904255319148937,0.5119673311409824
mmh0m3latwun95,hmm_4state,Ph 1,0.7330827067669173,1.0,0.4892086330935252,0.6570048309178744,0.5601654535653454
mmh0m3latwun95,hmm_4state,Ph 2,0.7425373134328358,1.0,0.6079545454545454,0.7561837455830389,0.5894086845327251
mmh0m3latwun95,hmm_4state,Ph 3,0.7613636363636364,1.0,0.3368421052631579,0.5039370078740157,0.49535043233724635
mmh0m3latwun95,hmm_4state,Ph 4,0.5748987854251012,1.0,0.125,0.2222222222222222,0.26158502277066825
mmh0mm0schxk59,random,Full,0.5024925224327019,0.5024925224327019,1.0,0.6688785666887856,0.0
mmh0mm0schxk59,random,Ph 1,0.5159817351598174,0.5159817351598174,1.0,0.6807228915662651,0.0
mmh0mm0schxk59,random,Ph 2,0.6692015209125475,0.6692015209125475,1.0,0.8018223234624146,0.0
mmh0mm0schxk59,random,Ph 3,0.3719298245614035,0.3719298245614035,1.0,0.5421994884910486,0.0
mmh0mm0schxk59,random,Ph 4,0.461864406779661,0.461864406779661,1.0,0.6318840579710145,0.0
mmh0mm0schxk59,bias,Full,0.49750747756729813,0.0,0.0,0.0,0.0
mmh0mm0schxk59,bias,Ph 1,0.4840182648401826,0.0,0.0,0.0,0.0
mmh0mm0schxk59,bias,Ph 2,0.33079847908745247,0.0,0.0,0.0,0.0
mmh0mm0schxk59,bias,Ph 3,0.6280701754385964,0.0,0.0,0.0,0.0
mmh0mm0schxk59,bias,Ph 4,0.538135593220339,0.0,0.0,0.0,0.0
mmh0mm0schxk59,wsls,Full,0.5503489531405783,0.5970695970695971,0.32341269841269843,0.4195624195624196,0.11567544054640487
mmh0mm0schxk59,wsls,Ph 1,0.4794520547945205,0.46153846153846156,0.05309734513274336,0.09523809523809523,-0.027367445220364946
mmh0mm0schxk59,wsls,Ph 2,0.38022813688212925,0.5915492957746479,0.23863636363636365,0.340080971659919,-0.10036268080371229
mmh0mm0schxk59,wsls,Ph 3,0.7719298245614035,0.7204301075268817,0.6320754716981132,0.6733668341708543,0.5018332197956313
mmh0mm0schxk59,wsls,Ph 4,0.538135593220339,0.5,0.44036697247706424,0.4682926829268293,0.06334305403030005
mmh0mm0schxk59,generalized_matching_law,Full,0.584247258225324,0.5714285714285714,0.6904761904761905,0.6253369272237197,0.17141243171133413
mmh0mm0schxk59,generalized_matching_law,Ph 1,0.502283105022831,0.510989010989011,0.8230088495575221,0.6305084745762712,-0.022157684080920698
mmh0mm0schxk59,generalized_matching_law,Ph 2,0.6273764258555133,0.6710526315789473,0.8693181818181818,0.7574257425742574,0.010041661395631197
mmh0mm0schxk59,generalized_matching_law,Ph 3,0.6596491228070176,0.5633802816901409,0.37735849056603776,0.4519774011299435,0.22816241616220242
mmh0mm0schxk59,generalized_matching_law,Ph 4,0.5211864406779662,0.484375,0.5688073394495413,0.5232067510548524,0.04915604585589168
mmh0mm0schxk59,melioration,Full,0.5692921236291126,0.5825688073394495,0.503968253968254,0.5404255319148936,0.14044006547571763
mmh0mm0schxk59,melioration,Ph 1,0.4063926940639269,0.3023255813953488,0.11504424778761062,0.16666666666666666,-0.21132226665743872
mmh0mm0schxk59,melioration,Ph 2,0.6311787072243346,0.6945812807881774,0.8011363636363636,0.7440633245382586,0.09922010695373312
mmh0mm0schxk59,melioration,Ph 3,0.6701754385964912,0.5882352941176471,0.37735849056603776,0.45977011494252873,0.2505287102285503
mmh0mm0schxk59,melioration,Ph 4,0.5296610169491526,0.4918032786885246,0.5504587155963303,0.5194805194805194,0.062124057839354645
mmh0mm0schxk59,kinetic,Full,0.584247258225324,0.6211699164345403,0.44246031746031744,0.5168018539976825,0.1772179399381772
mmh0mm0schxk59,kinetic,Ph 1,0.5068493150684932,0.5531914893617021,0.23008849557522124,0.325,0.03892184933439143
mmh0mm0schxk59,kinetic,Ph 2,0.6463878326996197,0.6828193832599119,0.8806818181818182,0.7692307692307693,0.07267924487230332
mmh0mm0schxk59,kinetic,Ph 3,0.6350877192982456,0.5357142857142857,0.14150943396226415,0.22388059701492538,0.11185375343116602
mmh0mm0schxk59,kinetic,Ph 4,0.5254237288135594,0.47368421052631576,0.24770642201834864,0.3253012048192771,0.01337882803452157
mmh0mm0schxk59,behavioral_momentum,Full,0.5702891326021934,0.5901234567901235,0.4742063492063492,0.5258525852585259,0.14423469946106393
mmh0mm0schxk59,behavioral_momentum,Ph 1,0.3926940639269406,0.2727272727272727,0.10619469026548672,0.15286624203821655,-0.24407319732587274
mmh0mm0schxk59,behavioral_momentum,Ph 2,0.623574144486692,0.6807511737089202,0.8238636363636364,0.7455012853470437,0.050665638087519706
mmh0mm0schxk59,behavioral_momentum,Ph 3,0.6877192982456141,0.7428571428571429,0.24528301886792453,0.36879432624113473,0.28715623428136977
mmh0mm0schxk59,behavioral_momentum,Ph 4,0.5338983050847458,0.49557522123893805,0.5137614678899083,0.5045045045045045,0.0648116092281615
mmh0mm0schxk59,hill_climbing,Full,0.423728813559322,0.427734375,0.43452380952380953,0.4311023622047244,-0.15268211140835727
mmh0mm0schxk59,hill_climbing,Ph 1,0.2009132420091324,0.19,0.168141592920354,0.1784037558685446,-0.5979594680796984
mmh0mm0schxk59,hill_climbing,Ph 2,0.5285171102661597,0.6666666666666666,0.5909090909090909,0.6265060240963856,-0.0065052380122666955
mmh0mm0schxk59,hill_climbing,Ph 3,0.43157894736842106,0.291044776119403,0.36792452830188677,0.325,-0.1576513112672612
mmh0mm0schxk59,hill_climbing,Ph 4,0.5042372881355932,0.4672131147540984,0.5229357798165137,0.4935064935064935,0.011098729590789577
mmh0mm0schxk59,q_learning,Full,0.5692921236291126,0.5825688073394495,0.503968253968254,0.5404255319148936,0.14044006547571763
mmh0mm0schxk59,q_learning,Ph 1,0.4063926940639269,0.3023255813953488,0.11504424778761062,0.16666666666666666,-0.21132226665743872
mmh0mm0schxk59,q_learning,Ph 2,0.6311787072243346,0.6945812807881774,0.8011363636363636,0.7440633245382586,0.09922010695373312
mmh0mm0schxk59,q_learning,Ph 3,0.6701754385964912,0.5882352941176471,0.37735849056603776,0.45977011494252873,0.2505287102285503
mmh0mm0schxk59,q_learning,Ph 4,0.5296610169491526,0.4918032786885246,0.5504587155963303,0.5194805194805194,0.062124057839354645
mmh0mm0schxk59,q_dual_alpha,Full,0.5682951146560319,0.5816091954022988,0.501984126984127,0.5388711395101171,0.1384757954456925
mmh0mm0schxk59,q_dual_alpha,Ph 1,0.4063926940639269,0.3023255813953488,0.11504424778761062,0.16666666666666666,-0.21132226665743872
mmh0mm0schxk59,q_dual_alpha,Ph 2,0.6273764258555133,0.693069306930693,0.7954545454545454,0.7407407407407407,0.09231296304565395
mmh0mm0schxk59,q_dual_alpha,Ph 3,0.6701754385964912,0.5882352941176471,0.37735849056603776,0.45977011494252873,0.2505287102285503
mmh0mm0schxk59,q_dual_alpha,Ph 4,0.5296610169491526,0.4918032786885246,0.5504587155963303,0.5194805194805194,0.062124057839354645
mmh0mm0schxk59,q_forgetting,Full,0.5573280159521435,0.5638297872340425,0.5257936507936508,0.5441478439425051,0.1151980485246407
mmh0mm0schxk59,q_forgetting,Ph 1,0.3607305936073059,0.3150684931506849,0.20353982300884957,0.24731182795698925,-0.28427948779883705
mmh0mm0schxk59,q_forgetting,Ph 2,0.6197718631178707,0.6862745098039216,0.7954545454545454,0.7368421052631579,0.06747430562043043
mmh0mm0schxk59,q_forgetting,Ph 3,0.6456140350877193,0.5352112676056338,0.3584905660377358,0.4293785310734463,0.194591797367041
mmh0mm0schxk59,q_forgetting,Ph 4,0.5635593220338984,0.5245901639344263,0.5871559633027523,0.5541125541125541,0.1301578288374414
mmh0mm0schxk59,hmm_2state,Full,1.0,1.0,1.0,1.0,1.0
mmh0mm0schxk59,hmm_2state,Ph 1,1.0,1.0,1.0,1.0,1.0
mmh0mm0schxk59,hmm_2state,Ph 2,1.0,1.0,1.0,1.0,1.0
mmh0mm0schxk59,hmm_2state,Ph 3,1.0,1.0,1.0,1.0,1.0
mmh0mm0schxk59,hmm_2state,Ph 4,1.0,1.0,1.0,1.0,1.0
mmh0mm0schxk59,hmm_3state,Full,1.0,1.0,1.0,1.0,1.0
mmh0mm0schxk59,hmm_3state,Ph 1,1.0,1.0,1.0,1.0,1.0
mmh0mm0schxk59,hmm_3state,Ph 2,1.0,1.0,1.0,1.0,1.0
mmh0mm0schxk59,hmm_3state,Ph 3,1.0,1.0,1.0,1.0,1.0
mmh0mm0schxk59,hmm_3state,Ph 4,1.0,1.0,1.0,1.0,1.0
mmh0mm0schxk59,hmm_4state,Full,1.0,1.0,1.0,1.0,1.0
mmh0mm0schxk59,hmm_4state,Ph 1,1.0,1.0,1.0,1.0,1.0
mmh0mm0schxk59,hmm_4state,Ph 2,1.0,1.0,1.0,1.0,1.0
mmh0mm0schxk59,hmm_4state,Ph 3,1.0,1.0,1.0,1.0,1.0
mmh0mm0schxk59,hmm_4state,Ph 4,1.0,1.0,1.0,1.0,1.0
mmh0mmptqfyu87,random,Full,0.4817813765182186,0.4817813765182186,1.0,0.6502732240437158,0.0
mmh0mmptqfyu87,random,Ph 1,0.43902439024390244,0.43902439024390244,1.0,0.6101694915254238,0.0
mmh0mmptqfyu87,random,Ph 2,0.5153846153846153,0.5153846153846153,1.0,0.6802030456852792,0.0
mmh0mmptqfyu87,random,Ph 3,0.4696969696969697,0.4696969696969697,1.0,0.6391752577319587,0.0
mmh0mmptqfyu87,random,Ph 4,0.5045871559633027,0.5045871559633027,1.0,0.6707317073170732,0.0
mmh0mmptqfyu87,bias,Full,0.5182186234817814,0.0,0.0,0.0,0.0
mmh0mmptqfyu87,bias,Ph 1,0.5609756097560976,0.0,0.0,0.0,0.0
mmh0mmptqfyu87,bias,Ph 2,0.4846153846153846,0.0,0.0,0.0,0.0
mmh0mmptqfyu87,bias,Ph 3,0.5303030303030303,0.0,0.0,0.0,0.0
mmh0mmptqfyu87,bias,Ph 4,0.4954128440366973,0.0,0.0,0.0,0.0
mmh0mmptqfyu87,wsls,Full,0.5060728744939271,0.25,0.012605042016806723,0.024,-0.0731920867612904
mmh0mmptqfyu87,wsls,Ph 1,0.5528455284552846,0.0,0.0,0.0,-0.08009260499071151
mmh0mmptqfyu87,wsls,Ph 2,0.4846153846153846,0.0,0.0,0.0,0.0
mmh0mmptqfyu87,wsls,Ph 3,0.5227272727272727,0.3333333333333333,0.016129032258064516,0.03076923076923077,-0.0416671132044804
mmh0mmptqfyu87,wsls,Ph 4,0.45871559633027525,0.25,0.03636363636363636,0.06349206349206349,-0.14330754936628612
mmh0mmptqfyu87,generalized_matching_law,Full,0.5445344129554656,0.5460992907801419,0.3235294117647059,0.40633245382585753,0.08135282598496692
mmh0mmptqfyu87,generalized_matching_law,Ph 1,0.5934959349593496,0.6666666666666666,0.14814814814814814,0.24242424242424243,0.15082236261982387
mmh0mmptqfyu87,generalized_matching_law,Ph 2,0.47692307692307695,0.49230769230769234,0.47761194029850745,0.48484848484848486,-0.046175709653961006
mmh0mmptqfyu87,generalized_matching_law,Ph 3,0.5454545454545454,0.5416666666666666,0.20967741935483872,0.3023255813953488,0.06797864186733954
mmh0mmptqfyu87,generalized_matching_law,Ph 4,0.5688073394495413,0.6,0.43636363636363634,0.5052631578947369,0.1452983106667575
mmh0mmptqfyu87,melioration,Full,0.5364372469635628,0.5194805194805194,0.5042016806722689,0.511727078891258,0.07070955118867547
mmh0mmptqfyu87,melioration,Ph 1,0.5040650406504065,0.3939393939393939,0.24074074074074073,0.2988505747126437,-0.05501124067966317
mmh0mmptqfyu87,melioration,Ph 2,0.5153846153846153,0.5153846153846153,1.0,0.6802030456852792,0.0
mmh0mmptqfyu87,melioration,Ph 3,0.5454545454545454,0.5333333333333333,0.25806451612903225,0.34782608695652173,0.06915044237902185
mmh0mmptqfyu87,melioration,Ph 4,0.5871559633027523,0.631578947368421,0.43636363636363634,0.5161290322580645,0.1858174717919878
mmh0mmptqfyu87,kinetic,Full,0.5,0.48598130841121495,0.6554621848739496,0.5581395348837209,0.011449596985789026
mmh0mmptqfyu87,kinetic,Ph 1,0.44715447154471544,0.43137254901960786,0.8148148148148148,0.5641025641025641,-0.033981306662193525
mmh0mmptqfyu87,kinetic,Ph 2,0.4846153846153846,0.5,0.7313432835820896,0.593939393939394,-0.053871661262954514
mmh0mmptqfyu87,kinetic,Ph 3,0.5454545454545454,0.5138888888888888,0.5967741935483871,0.5522388059701493,0.09699794920789631
mmh0mmptqfyu87,kinetic,Ph 4,0.5229357798165137,0.5306122448979592,0.4727272727272727,0.5,0.04703952313242834
mmh0mmptqfyu87,behavioral_momentum,Full,0.5364372469635628,0.5186721991701245,0.5252100840336135,0.5219206680584552,0.07205847858928152
mmh0mmptqfyu87,behavioral_momentum,Ph 1,0.5040650406504065,0.3939393939393939,0.24074074074074073,0.2988505747126437,-0.05501124067966317
mmh0mmptqfyu87,behavioral_momentum,Ph 2,0.5153846153846153,0.5153846153846153,1.0,0.6802030456852792,0.0
mmh0mmptqfyu87,behavioral_momentum,Ph 3,0.553030303030303,0.5384615384615384,0.3387096774193548,0.4158415841584158,0.08922460201732654
mmh0mmptqfyu87,behavioral_momentum,Ph 4,0.5779816513761468,0.6153846153846154,0.43636363636363634,0.5106382978723404,0.165409846624732
mmh0mmptqfyu87,hill_climbing,Full,0.6518218623481782,0.6386554621848739,0.6386554621848739,0.6386554621848739,0.30271796218487396
mmh0mmptqfyu87,hill_climbing,Ph 1,0.6585365853658537,0.6,0.6666666666666666,0.631578947368421,0.3165549546879248
mmh0mmptqfyu87,hill_climbing,Ph 2,0.6923076923076923,0.7076923076923077,0.6865671641791045,0.696969696969697,0.38479758044967505
mmh0mmptqfyu87,hill_climbing,Ph 3,0.6893939393939394,0.6721311475409836,0.6612903225806451,0.6666666666666666,0.3759660657410677
mmh0mmptqfyu87,hill_climbing,Ph 4,0.5504587155963303,0.5576923076923077,0.5272727272727272,0.5420560747663551,0.10144932722162517
mmh0mmptqfyu87,q_learning,Full,0.5364372469635628,0.5194805194805194,0.5042016806722689,0.511727078891258,0.07070955118867547
mmh0mmptqfyu87,q_learning,Ph 1,0.5040650406504065,0.3939393939393939,0.24074074074074073,0.2988505747126437,-0.05501124067966317
mmh0mmptqfyu87,q_learning,Ph 2,0.5153846153846153,0.5153846153846153,1.0,0.6802030456852792,0.0
mmh0mmptqfyu87,q_learning,Ph 3,0.5454545454545454,0.5333333333333333,0.25806451612903225,0.34782608695652173,0.06915044237902185
mmh0mmptqfyu87,q_learning,Ph 4,0.5871559633027523,0.631578947368421,0.43636363636363634,0.5161290322580645,0.1858174717919878
mmh0mmptqfyu87,q_dual_alpha,Full,0.5364372469635628,0.5194805194805194,0.5042016806722689,0.511727078891258,0.07070955118867547
mmh0mmptqfyu87,q_dual_alpha,Ph 1,0.5040650406504065,0.3939393939393939,0.24074074074074073,0.2988505747126437,-0.05501124067966317
mmh0mmptqfyu87,q_dual_alpha,Ph 2,0.5153846153846153,0.5153846153846153,1.0,0.6802030456852792,0.0
mmh0mmptqfyu87,q_dual_alpha,Ph 3,0.5454545454545454,0.5333333333333333,0.25806451612903225,0.34782608695652173,0.06915044237902185
mmh0mmptqfyu87,q_dual_alpha,Ph 4,0.5871559633027523,0.631578947368421,0.43636363636363634,0.5161290322580645,0.1858174717919878
mmh0mmptqfyu87,q_forgetting,Full,0.49190283400809715,0.4730290456431535,0.4789915966386555,0.4759916492693111,-0.0170958412317922
mmh0mmptqfyu87,q_forgetting,Ph 1,0.5040650406504065,0.42857142857142855,0.3888888888888889,0.4077669902912621,-0.017139779254776524
mmh0mmptqfyu87,q_forgetting,Ph 2,0.47692307692307695,0.4946236559139785,0.6865671641791045,0.575,-0.06586030067633082
mmh0mmptqfyu87,q_forgetting,Ph 3,0.5075757575757576,0.46938775510204084,0.3709677419354839,0.4144144144144144,-0.0004760450401997424
mmh0mmptqfyu87,q_forgetting,Ph 4,0.47706422018348627,0.48,0.43636363636363634,0.45714285714285713,-0.04527052861724908
mmh0mmptqfyu87,hmm_2state,Full,0.9757085020242915,1.0,0.9495798319327731,0.9741379310344828,0.9523976753412855
mmh0mmptqfyu87,hmm_2state,Ph 1,1.0,1.0,1.0,1.0,1.0
mmh0mmptqfyu87,hmm_2state,Ph 2,1.0,1.0,1.0,1.0,1.0
mmh0mmptqfyu87,hmm_2state,Ph 3,0.9772727272727273,1.0,0.9516129032258065,0.9752066115702479,0.9552515499287003
mmh0mmptqfyu87,hmm_2state,Ph 4,0.9174311926605505,1.0,0.8363636363636363,0.9108910891089109,0.8466895044129914
mmh0mmptqfyu87,hmm_3state,Full,0.9757085020242915,1.0,0.9495798319327731,0.9741379310344828,0.9523976753412855
mmh0mmptqfyu87,hmm_3state,Ph 1,1.0,1.0,1.0,1.0,1.0
mmh0mmptqfyu87,hmm_3state,Ph 2,1.0,1.0,1.0,1.0,1.0
mmh0mmptqfyu87,hmm_3state,Ph 3,0.9772727272727273,1.0,0.9516129032258065,0.9752066115702479,0.9552515499287003
mmh0mmptqfyu87,hmm_3state,Ph 4,0.9174311926605505,1.0,0.8363636363636363,0.9108910891089109,0.8466895044129914
mmh0mmptqfyu87,hmm_4state,Full,0.9757085020242915,1.0,0.9495798319327731,0.9741379310344828,0.9523976753412855
mmh0mmptqfyu87,hmm_4state,Ph 1,1.0,1.0,1.0,1.0,1.0
mmh0mmptqfyu87,hmm_4state,Ph 2,1.0,1.0,1.0,1.0,1.0
mmh0mmptqfyu87,hmm_4state,Ph 3,0.9772727272727273,1.0,0.9516129032258065,0.9752066115702479,0.9552515499287003
mmh0mmptqfyu87,hmm_4state,Ph 4,0.9174311926605505,1.0,0.8363636363636363,0.9108910891089109,0.8466895044129914
mmh0nnjg95y0zn,random,Full,0.5142160844841592,0.5142160844841592,1.0,0.6791845493562232,0.0
mmh0nnjg95y0zn,random,Ph 1,0.53156146179402,0.53156146179402,1.0,0.6941431670281996,0.0
mmh0nnjg95y0zn,random,Ph 2,0.6116504854368932,0.6116504854368932,1.0,0.7590361445783133,0.0
mmh0nnjg95y0zn,random,Ph 3,0.4032258064516129,0.4032258064516129,1.0,0.5747126436781609,0.0
mmh0nnjg95y0zn,random,Ph 4,0.5112540192926045,0.5112540192926045,1.0,0.676595744680851,0.0
mmh0nnjg95y0zn,bias,Full,0.48578391551584077,0.0,0.0,0.0,0.0
mmh0nnjg95y0zn,bias,Ph 1,0.4684385382059801,0.0,0.0,0.0,0.0
mmh0nnjg95y0zn,bias,Ph 2,0.3883495145631068,0.0,0.0,0.0,0.0
mmh0nnjg95y0zn,bias,Ph 3,0.5967741935483871,0.0,0.0,0.0,0.0
mmh0nnjg95y0zn,bias,Ph 4,0.4887459807073955,0.0,0.0,0.0,0.0
mmh0nnjg95y0zn,wsls,Full,0.7335499593826158,0.8251599147121536,0.6113744075829384,0.7023593466424682,0.48808615147750894
mmh0nnjg95y0zn,wsls,Ph 1,0.6445182724252492,0.7523809523809524,0.49375,0.5962264150943396,0.3238925550244559
mmh0nnjg95y0zn,wsls,Ph 2,0.6407766990291263,0.8482142857142857,0.5026455026455027,0.6312292358803987,0.3659831922092023
mmh0nnjg95y0zn,wsls,Ph 3,0.8161290322580645,0.8090909090909091,0.712,0.7574468085106383,0.6135979203537182
mmh0nnjg95y0zn,wsls,Ph 4,0.8295819935691319,0.8732394366197183,0.779874213836478,0.8239202657807309,0.6637918685574268
mmh0nnjg95y0zn,generalized_matching_law,Full,0.5881397238017871,0.59375,0.6303317535545023,0.6114942528735632,0.17447640415742094
mmh0nnjg95y0zn,generalized_matching_law,Ph 1,0.627906976744186,0.6463414634146342,0.6625,0.654320987654321,0.2516661555723327
mmh0nnjg95y0zn,generalized_matching_law,Ph 2,0.6084142394822006,0.6231884057971014,0.91005291005291,0.7397849462365591,0.06846396740068726
mmh0nnjg95y0zn,generalized_matching_law,Ph 3,0.5838709677419355,0.45454545454545453,0.16,0.23668639053254437,0.04254906418541355
mmh0nnjg95y0zn,generalized_matching_law,Ph 4,0.5337620578778135,0.5372340425531915,0.6352201257861635,0.5821325648414986,0.06425485344635871
mmh0nnjg95y0zn,melioration,Full,0.6425670186839968,0.6505460218408736,0.6587677725118484,0.6546310832025117,0.28431505044177424
mmh0nnjg95y0zn,melioration,Ph 1,0.6478405315614618,0.717741935483871,0.55625,0.6267605633802817,0.3122879942045541
mmh0nnjg95y0zn,melioration,Ph 2,0.6407766990291263,0.6433823529411765,0.9259259259259259,0.7592190889370932,0.17652904694746666
mmh0nnjg95y0zn,melioration,Ph 3,0.7129032258064516,0.8333333333333334,0.36,0.5027932960893855,0.40269363312841455
mmh0nnjg95y0zn,melioration,Ph 4,0.5691318327974276,0.5654450261780105,0.6792452830188679,0.6171428571428571,0.13677077691597084
mmh0nnjg95y0zn,kinetic,Full,0.5670186839967506,0.5822368421052632,0.5592417061611374,0.5705076551168412,0.1344481519624174
mmh0nnjg95y0zn,kinetic,Ph 1,0.5249169435215947,0.5702479338842975,0.43125,0.49110320284697506,0.06356418862523923
mmh0nnjg95y0zn,kinetic,Ph 2,0.6213592233009708,0.6313868613138686,0.9153439153439153,0.7473002159827213,0.11330409889243712
mmh0nnjg95y0zn,kinetic,Ph 3,0.5903225806451613,0.47368421052631576,0.144,0.22085889570552147,0.05368599064154372
mmh0nnjg95y0zn,kinetic,Ph 4,0.5305466237942122,0.5371428571428571,0.5911949685534591,0.562874251497006,0.058749227236576114
mmh0nnjg95y0zn,behavioral_momentum,Full,0.5743298131600325,0.5925297113752123,0.5513428120063191,0.5711947626841244,0.15008354419350084
mmh0nnjg95y0zn,behavioral_momentum,Ph 1,0.5382059800664452,0.5882352941176471,0.4375,0.5017921146953405,0.0918369211658039
mmh0nnjg95y0zn,behavioral_momentum,Ph 2,0.6051779935275081,0.6167247386759582,0.9365079365079365,0.7436974789915967,0.03760440313773762
mmh0nnjg95y0zn,behavioral_momentum,Ph 3,0.5967741935483871,0.5,0.064,0.11347517730496454,0.04602212950039024
mmh0nnjg95y0zn,behavioral_momentum,Ph 4,0.5562700964630225,0.562874251497006,0.5911949685534591,0.5766871165644172,0.11120824221280831
mmh0nnjg95y0zn,hill_climbing,Full,0.6303818034118602,0.6365030674846626,0.655608214849921,0.6459143968871596,0.25963925384383274
mmh0nnjg95y0zn,hill_climbing,Ph 1,0.7109634551495017,0.7482993197278912,0.6875,0.7166123778501629,0.42435569186244115
mmh0nnjg95y0zn,hill_climbing,Ph 2,0.656957928802589,0.6602316602316602,0.9047619047619048,0.7633928571428571,0.22686622624608926
mmh0nnjg95y0zn,hill_climbing,Ph 3,0.7161290322580646,0.7846153846153846,0.408,0.5368421052631579,0.400463815272611
mmh0nnjg95y0zn,hill_climbing,Ph 4,0.4405144694533762,0.4585635359116022,0.5220125786163522,0.48823529411764705,-0.12437692830098085
mmh0nnjg95y0zn,q_learning,Full,0.6425670186839968,0.6505460218408736,0.6587677725118484,0.6546310832025117,0.28431505044177424
mmh0nnjg95y0zn,q_learning,Ph 1,0.6478405315614618,0.717741935483871,0.55625,0.6267605633802817,0.3122879942045541
mmh0nnjg95y0zn,q_learning,Ph 2,0.6407766990291263,0.6433823529411765,0.9259259259259259,0.7592190889370932,0.17652904694746666
mmh0nnjg95y0zn,q_learning,Ph 3,0.7129032258064516,0.8333333333333334,0.36,0.5027932960893855,0.40269363312841455
mmh0nnjg95y0zn,q_learning,Ph 4,0.5691318327974276,0.5654450261780105,0.6792452830188679,0.6171428571428571,0.13677077691597084
mmh0nnjg95y0zn,q_dual_alpha,Full,0.6433793663688059,0.6510903426791277,0.660347551342812,0.6556862745098039,0.28591520451022107
mmh0nnjg95y0zn,q_dual_alpha,Ph 1,0.6511627906976745,0.72,0.5625,0.631578947368421,0.31824775382952364
mmh0nnjg95y0zn,q_dual_alpha,Ph 2,0.6407766990291263,0.6433823529411765,0.9259259259259259,0.7592190889370932,0.17652904694746666
mmh0nnjg95y0zn,q_dual_alpha,Ph 3,0.7129032258064516,0.8333333333333334,0.36,0.5027932960893855,0.40269363312841455
mmh0nnjg95y0zn,q_dual_alpha,Ph 4,0.5691318327974276,0.5654450261780105,0.6792452830188679,0.6171428571428571,0.13677077691597084
mmh0nnjg95y0zn,q_forgetting,Full,0.6100731112916328,0.6212361331220285,0.6192733017377567,0.620253164556962,0.21958860734252694
mmh0nnjg95y0zn,q_forgetting,Ph 1,0.6445182724252492,0.7086614173228346,0.5625,0.627177700348432,0.30320938281401066
mmh0nnjg95y0zn,q_forgetting,Ph 2,0.6440129449838188,0.6513409961685823,0.8994708994708994,0.7555555555555555,0.18989926187867323
mmh0nnjg95y0zn,q_forgetting,Ph 3,0.6967741935483871,0.7313432835820896,0.392,0.5104166666666666,0.3512242156518737
mmh0nnjg95y0zn,q_forgetting,Ph 4,0.4565916398713826,0.4715909090909091,0.5220125786163522,0.4955223880597015,-0.09059750740540838
mmh0nnjg95y0zn,hmm_2state,Full,0.545085296506905,0.5305951383067896,1.0,0.6933187294633077,0.18362120770532075
mmh0nnjg95y0zn,hmm_2state,Ph 1,0.5913621262458472,0.5653710247349824,1.0,0.7223476297968398,0.2686540981155007
mmh0nnjg95y0zn,hmm_2state,Ph 2,0.6343042071197411,0.6258278145695364,1.0,0.769857433808554,0.19106706287729522
mmh0nnjg95y0zn,hmm_2state,Ph 3,0.42258064516129035,0.41118421052631576,1.0,0.5827505827505828,0.1154803192114475
mmh0nnjg95y0zn,hmm_2state,Ph 4,0.5337620578778135,0.5230263157894737,1.0,0.6868250539956804,0.15519902779059802
mmh0nnjg95y0zn,hmm_3state,Full,0.545085296506905,0.5305951383067896,1.0,0.6933187294633077,0.18362120770532075
mmh0nnjg95y0zn,hmm_3state,Ph 1,0.5913621262458472,0.5653710247349824,1.0,0.7223476297968398,0.2686540981155007
mmh0nnjg95y0zn,hmm_3state,Ph 2,0.6343042071197411,0.6258278145695364,1.0,0.769857433808554,0.19106706287729522
mmh0nnjg95y0zn,hmm_3state,Ph 3,0.42258064516129035,0.41118421052631576,1.0,0.5827505827505828,0.1154803192114475
mmh0nnjg95y0zn,hmm_3state,Ph 4,0.5337620578778135,0.5230263157894737,1.0,0.6868250539956804,0.15519902779059802
mmh0nnjg95y0zn,hmm_4state,Full,0.545085296506905,0.5305951383067896,1.0,0.6933187294633077,0.18362120770532075
mmh0nnjg95y0zn,hmm_4state,Ph 1,0.5913621262458472,0.5653710247349824,1.0,0.7223476297968398,0.2686540981155007
mmh0nnjg95y0zn,hmm_4state,Ph 2,0.6343042071197411,0.6258278145695364,1.0,0.769857433808554,0.19106706287729522
mmh0nnjg95y0zn,hmm_4state,Ph 3,0.42258064516129035,0.41118421052631576,1.0,0.5827505827505828,0.1154803192114475
mmh0nnjg95y0zn,hmm_4state,Ph 4,0.5337620578778135,0.5230263157894737,1.0,0.6868250539956804,0.15519902779059802
mmh0ocgvf4p325,random,Full,0.47878787878787876,0.47878787878787876,1.0,0.6475409836065574,0.0
mmh0ocgvf4p325,random,Ph 1,0.46938775510204084,0.46938775510204084,1.0,0.6388888888888888,0.0
mmh0ocgvf4p325,random,Ph 2,0.6470588235294118,0.6470588235294118,1.0,0.7857142857142857,0.0
mmh0ocgvf4p325,random,Ph 3,0.3413654618473896,0.3413654618473896,1.0,0.5089820359281437,0.0
mmh0ocgvf4p325,random,Ph 4,0.45228215767634855,0.45228215767634855,1.0,0.6228571428571429,0.0
mmh0ocgvf4p325,bias,Full,0.5212121212121212,0.0,0.0,0.0,0.0
mmh0ocgvf4p325,bias,Ph 1,0.5306122448979592,0.0,0.0,0.0,0.0
mmh0ocgvf4p325,bias,Ph 2,0.35294117647058826,0.0,0.0,0.0,0.0
mmh0ocgvf4p325,bias,Ph 3,0.6586345381526104,0.0,0.0,0.0,0.0
mmh0ocgvf4p325,bias,Ph 4,0.5477178423236515,0.0,0.0,0.0,0.0
mmh0ocgvf4p325,wsls,Full,0.692929292929293,0.84,0.4430379746835443,0.580110497237569,0.4202789445541019
mmh0ocgvf4p325,wsls,Ph 1,0.6612244897959184,0.8333333333333334,0.34782608695652173,0.49079754601226994,0.35997259671819337
mmh0ocgvf4p325,wsls,Ph 2,0.5372549019607843,0.8983050847457628,0.3212121212121212,0.4732142857142857,0.2884526489088942
mmh0ocgvf4p325,wsls,Ph 3,0.7831325301204819,0.803921568627451,0.4823529411764706,0.6029411764705882,0.4950908182113767
mmh0ocgvf4p325,wsls,Ph 4,0.7966804979253111,0.8260869565217391,0.6972477064220184,0.7562189054726368,0.5901500930674392
mmh0ocgvf4p325,generalized_matching_law,Full,0.7383838383838384,0.7373068432671082,0.7046413502109705,0.7206040992448759,0.47530845386600307
mmh0ocgvf4p325,generalized_matching_law,Ph 1,0.7142857142857143,0.6890756302521008,0.7130434782608696,0.7008547008547008,0.42779901915144314
mmh0ocgvf4p325,generalized_matching_law,Ph 2,0.7803921568627451,0.8011049723756906,0.8787878787878788,0.838150289017341,0.50414008073952
mmh0ocgvf4p325,generalized_matching_law,Ph 3,0.7751004016064257,0.7164179104477612,0.5647058823529412,0.631578947368421,0.4799120699847893
mmh0ocgvf4p325,generalized_matching_law,Ph 4,0.6804979253112033,0.686046511627907,0.5412844036697247,0.6051282051282051,0.349847272272503
mmh0ocgvf4p325,melioration,Full,0.7525252525252525,0.75054704595186,0.7236286919831224,0.7368421052631579,0.5037323836113958
mmh0ocgvf4p325,melioration,Ph 1,0.6857142857142857,0.6610169491525424,0.6782608695652174,0.6695278969957081,0.3701231965444843
mmh0ocgvf4p325,melioration,Ph 2,0.803921568627451,0.8108108108108109,0.9090909090909091,0.8571428571428571,0.5570579505882313
mmh0ocgvf4p325,melioration,Ph 3,0.8433734939759037,0.8026315789473685,0.7176470588235294,0.7577639751552795,0.6447676789048543
mmh0ocgvf4p325,melioration,Ph 4,0.6721991701244814,0.6923076923076923,0.4954128440366973,0.5775401069518716,0.3336013295719567
mmh0ocgvf4p325,kinetic,Full,0.6888888888888889,0.6877828054298643,0.6413502109704642,0.6637554585152838,0.37573164344592636
mmh0ocgvf4p325,kinetic,Ph 1,0.673469387755102,0.6446280991735537,0.6782608695652174,0.6610169491525424,0.3468657569465726
mmh0ocgvf4p325,kinetic,Ph 2,0.7098039215686275,0.7660818713450293,0.793939393939394,0.7797619047619048,0.35535827480514076
mmh0ocgvf4p325,kinetic,Ph 3,0.7630522088353414,0.7407407407407407,0.47058823529411764,0.5755395683453237,0.4432295563672605
mmh0ocgvf4p325,kinetic,Ph 4,0.6058091286307054,0.5729166666666666,0.5045871559633027,0.5365853658536586,0.19721502740934255
mmh0ocgvf4p325,behavioral_momentum,Full,0.6898989898989899,0.6928406466512702,0.6329113924050633,0.6615214994487321,0.3777968838949139
mmh0ocgvf4p325,behavioral_momentum,Ph 1,0.6326530612244898,0.6050420168067226,0.6260869565217392,0.6153846153846154,0.2641600500771206
mmh0ocgvf4p325,behavioral_momentum,Ph 2,0.7568627450980392,0.7754010695187166,0.8787878787878788,0.8238636363636364,0.4453617714151233
mmh0ocgvf4p325,behavioral_momentum,Ph 3,0.7309236947791165,0.725,0.3411764705882353,0.464,0.35395048527010353
mmh0ocgvf4p325,behavioral_momentum,Ph 4,0.6348547717842323,0.6206896551724138,0.4954128440366973,0.5510204081632653,0.2543182440195719
mmh0ocgvf4p325,hill_climbing,Full,0.8080808080808081,0.7921810699588477,0.8122362869198312,0.8020833333333334,0.6160466440072653
mmh0ocgvf4p325,hill_climbing,Ph 1,0.8408163265306122,0.8064516129032258,0.8695652173913043,0.8368200836820083,0.6837161407378063
mmh0ocgvf4p325,hill_climbing,Ph 2,0.8901960784313725,0.9202453987730062,0.9090909090909091,0.9146341463414634,0.7609150882609166
mmh0ocgvf4p325,hill_climbing,Ph 3,0.8674698795180723,0.7954545454545454,0.8235294117647058,0.8092485549132948,0.7080067851876573
mmh0ocgvf4p325,hill_climbing,Ph 4,0.6265560165975104,0.5855855855855856,0.5963302752293578,0.5909090909090909,0.2474844740954262
mmh0ocgvf4p325,q_learning,Full,0.7525252525252525,0.75054704595186,0.7236286919831224,0.7368421052631579,0.5037323836113958
mmh0ocgvf4p325,q_learning,Ph 1,0.6857142857142857,0.6610169491525424,0.6782608695652174,0.6695278969957081,0.3701231965444843
mmh0ocgvf4p325,q_learning,Ph 2,0.803921568627451,0.8108108108108109,0.9090909090909091,0.8571428571428571,0.5570579505882313
mmh0ocgvf4p325,q_learning,Ph 3,0.8433734939759037,0.8026315789473685,0.7176470588235294,0.7577639751552795,0.6447676789048543
mmh0ocgvf4p325,q_learning,Ph 4,0.6721991701244814,0.6923076923076923,0.4954128440366973,0.5775401069518716,0.3336013295719567
mmh0ocgvf4p325,q_dual_alpha,Full,0.7535353535353535,0.75,0.7278481012658228,0.7387580299785867,0.5057911771927667
mmh0ocgvf4p325,q_dual_alpha,Ph 1,0.6857142857142857,0.6610169491525424,0.6782608695652174,0.6695278969957081,0.3701231965444843
mmh0ocgvf4p325,q_dual_alpha,Ph 2,0.803921568627451,0.8108108108108109,0.9090909090909091,0.8571428571428571,0.5570579505882313
mmh0ocgvf4p325,q_dual_alpha,Ph 3,0.8433734939759037,0.8026315789473685,0.7176470588235294,0.7577639751552795,0.6447676789048543
mmh0ocgvf4p325,q_dual_alpha,Ph 4,0.6763485477178424,0.691358024691358,0.5137614678899083,0.5894736842105263,0.3417709027414434
mmh0ocgvf4p325,q_forgetting,Full,0.7474747474747475,0.7424242424242424,0.7236286919831224,0.7329059829059829,0.4936629250846971
mmh0ocgvf4p325,q_forgetting,Ph 1,0.6857142857142857,0.6610169491525424,0.6782608695652174,0.6695278969957081,0.3701231965444843
mmh0ocgvf4p325,q_forgetting,Ph 2,0.807843137254902,0.8186813186813187,0.9030303030303031,0.8587896253602305,0.567055319995587
mmh0ocgvf4p325,q_forgetting,Ph 3,0.8473895582329317,0.8051948051948052,0.7294117647058823,0.7654320987654321,0.6544964863530137
mmh0ocgvf4p325,q_forgetting,Ph 4,0.6431535269709544,0.6352941176470588,0.4954128440366973,0.5567010309278351,0.2714210109836085
mmh0ocgvf4p325,hmm_2state,Full,0.990909090909091,1.0,0.9810126582278481,0.9904153354632588,0.9819344674531563
mmh0ocgvf4p325,hmm_2state,Ph 1,0.9918367346938776,1.0,0.9826086956521739,0.9912280701754386,0.9837279527958883
mmh0ocgvf4p325,hmm_2state,Ph 2,0.9921568627450981,1.0,0.9878787878787879,0.9939024390243902,0.9830580664718315
mmh0ocgvf4p325,hmm_2state,Ph 3,0.9959839357429718,1.0,0.9882352941176471,0.9940828402366864,0.9910832403510881
mmh0ocgvf4p325,hmm_2state,Ph 4,0.983402489626556,1.0,0.963302752293578,0.9813084112149533,0.9669386321802385
mmh0ocgvf4p325,hmm_3state,Full,0.990909090909091,1.0,0.9810126582278481,0.9904153354632588,0.9819344674531563
mmh0ocgvf4p325,hmm_3state,Ph 1,0.9918367346938776,1.0,0.9826086956521739,0.9912280701754386,0.9837279527958883
mmh0ocgvf4p325,hmm_3state,Ph 2,0.9921568627450981,1.0,0.9878787878787879,0.9939024390243902,0.9830580664718315
mmh0ocgvf4p325,hmm_3state,Ph 3,0.9959839357429718,1.0,0.9882352941176471,0.9940828402366864,0.9910832403510881
mmh0ocgvf4p325,hmm_3state,Ph 4,0.983402489626556,1.0,0.963302752293578,0.9813084112149533,0.9669386321802385
mmh0ocgvf4p325,hmm_4state,Full,0.990909090909091,1.0,0.9810126582278481,0.9904153354632588,0.9819344674531563
mmh0ocgvf4p325,hmm_4state,Ph 1,0.9918367346938776,1.0,0.9826086956521739,0.9912280701754386,0.9837279527958883
mmh0ocgvf4p325,hmm_4state,Ph 2,0.9921568627450981,1.0,0.9878787878787879,0.9939024390243902,0.9830580664718315
mmh0ocgvf4p325,hmm_4state,Ph 3,0.9959839357429718,1.0,0.9882352941176471,0.9940828402366864,0.9910832403510881
mmh0ocgvf4p325,hmm_4state,Ph 4,0.983402489626556,1.0,0.963302752293578,0.9813084112149533,0.9669386321802385
mmh0opq734nw1a,random,Full,0.49455337690631807,0.49455337690631807,1.0,0.6618075801749271,0.0
mmh0opq734nw1a,random,Ph 1,0.5232067510548524,0.5232067510548524,1.0,0.6869806094182825,0.0
mmh0opq734nw1a,random,Ph 2,0.6351351351351351,0.6351351351351351,1.0,0.7768595041322314,0.0
mmh0opq734nw1a,random,Ph 3,0.3938053097345133,0.3938053097345133,1.0,0.5650793650793651,0.0
mmh0opq734nw1a,random,Ph 4,0.4291845493562232,0.4291845493562232,1.0,0.6006006006006006,0.0
mmh0opq734nw1a,bias,Full,0.5054466230936819,0.0,0.0,0.0,0.0
mmh0opq734nw1a,bias,Ph 1,0.4767932489451477,0.0,0.0,0.0,0.0
mmh0opq734nw1a,bias,Ph 2,0.36486486486486486,0.0,0.0,0.0,0.0
mmh0opq734nw1a,bias,Ph 3,0.6061946902654868,0.0,0.0,0.0,0.0
mmh0opq734nw1a,bias,Ph 4,0.5708154506437768,0.0,0.0,0.0,0.0
mmh0opq734nw1a,wsls,Full,0.6808278867102396,0.8484848484848485,0.43171806167400884,0.5722627737226277,0.4104899868065363
mmh0opq734nw1a,wsls,Ph 1,0.6371308016877637,0.8518518518518519,0.3709677419354839,0.5168539325842697,0.35743475550093645
mmh0opq734nw1a,wsls,Ph 2,0.5405405405405406,0.9534883720930233,0.2907801418439716,0.44565217391304346,0.3241290012660259
mmh0opq734nw1a,wsls,Ph 3,0.7566371681415929,0.84,0.47191011235955055,0.60431654676259,0.48675028935563847
mmh0opq734nw1a,wsls,Ph 4,0.7854077253218884,0.7976190476190477,0.67,0.7282608695652174,0.5589035882187857
mmh0opq734nw1a,generalized_matching_law,Full,0.7461873638344226,0.782608695652174,0.6740088105726872,0.7242603550295857,0.49626624246731504
mmh0opq734nw1a,generalized_matching_law,Ph 1,0.6371308016877637,0.8392857142857143,0.3790322580645161,0.5222222222222223,0.3520048115652968
mmh0opq734nw1a,generalized_matching_law,Ph 2,0.8198198198198198,0.8389261744966443,0.8865248226950354,0.8620689655172413,0.6048082367656127
mmh0opq734nw1a,generalized_matching_law,Ph 3,0.8628318584070797,0.8918918918918919,0.7415730337078652,0.8098159509202454,0.7112987748566552
mmh0opq734nw1a,generalized_matching_law,Ph 4,0.6738197424892703,0.6071428571428571,0.68,0.6415094339622641,0.3459112558749639
mmh0opq734nw1a,melioration,Full,0.7472766884531591,0.7534246575342466,0.7268722466960352,0.7399103139013453,0.49460223352226534
mmh0opq734nw1a,melioration,Ph 1,0.6540084388185654,0.7282608695652174,0.5403225806451613,0.6203703703703703,0.32702178952903194
mmh0opq734nw1a,melioration,Ph 2,0.8513513513513513,0.813953488372093,0.9929078014184397,0.8945686900958466,0.6889571649866688
mmh0opq734nw1a,melioration,Ph 3,0.8539823008849557,0.9516129032258065,0.6629213483146067,0.7814569536423841,0.7019585933750533
mmh0opq734nw1a,melioration,Ph 4,0.6394849785407726,0.5714285714285714,0.64,0.6037735849056604,0.27649065069075496
mmh0opq734nw1a,kinetic,Full,0.7047930283224401,0.6993464052287581,0.7070484581497798,0.7031763417305587,0.4096103601245618
mmh0opq734nw1a,kinetic,Ph 1,0.5907172995780591,0.6551724137931034,0.4596774193548387,0.5402843601895735,0.20122096231026332
mmh0opq734nw1a,kinetic,Ph 2,0.7837837837837838,0.7818181818181819,0.9148936170212766,0.8431372549019608,0.5184243297464735
mmh0opq734nw1a,kinetic,Ph 3,0.8230088495575221,0.8266666666666667,0.6966292134831461,0.7560975609756098,0.6243730178232877
mmh0opq734nw1a,kinetic,Ph 4,0.630901287553648,0.553030303030303,0.73,0.6293103448275862,0.2860470674096841
mmh0opq734nw1a,behavioral_momentum,Full,0.6971677559912854,0.6938325991189427,0.6938325991189427,0.6938325991189427,0.39426363360170136
mmh0opq734nw1a,behavioral_momentum,Ph 1,0.569620253164557,0.6964285714285714,0.31451612903225806,0.43333333333333335,0.19291038421659532
mmh0opq734nw1a,behavioral_momentum,Ph 2,0.7657657657657657,0.7305699481865285,1.0,0.844311377245509,0.5114314032350086
mmh0opq734nw1a,behavioral_momentum,Ph 3,0.8053097345132744,0.8571428571428571,0.6067415730337079,0.7105263157894737,0.5895587919085914
mmh0opq734nw1a,behavioral_momentum,Ph 4,0.6566523605150214,0.5704225352112676,0.81,0.6694214876033058,0.3564553129107854
mmh0opq734nw1a,hill_climbing,Full,0.8050108932461874,0.8021978021978022,0.8039647577092511,0.8030803080308031,0.6099862101785472
mmh0opq734nw1a,hill_climbing,Ph 1,0.8270042194092827,0.8267716535433071,0.8467741935483871,0.8366533864541833,0.6530634187957375
mmh0opq734nw1a,hill_climbing,Ph 2,0.8693693693693694,0.8783783783783784,0.9219858156028369,0.8996539792387543,0.7145896010104964
mmh0opq734nw1a,hill_climbing,Ph 3,0.8938053097345132,0.9452054794520548,0.7752808988764045,0.8518518518518519,0.7795352570022313
mmh0opq734nw1a,hill_climbing,Ph 4,0.6351931330472103,0.5700934579439252,0.61,0.5893719806763285,0.26234643555442155
mmh0opq734nw1a,q_learning,Full,0.7472766884531591,0.7534246575342466,0.7268722466960352,0.7399103139013453,0.49460223352226534
mmh0opq734nw1a,q_learning,Ph 1,0.6540084388185654,0.7282608695652174,0.5403225806451613,0.6203703703703703,0.32702178952903194
mmh0opq734nw1a,q_learning,Ph 2,0.8513513513513513,0.813953488372093,0.9929078014184397,0.8945686900958466,0.6889571649866688
mmh0opq734nw1a,q_learning,Ph 3,0.8539823008849557,0.9516129032258065,0.6629213483146067,0.7814569536423841,0.7019585933750533
mmh0opq734nw1a,q_learning,Ph 4,0.6394849785407726,0.5714285714285714,0.64,0.6037735849056604,0.27649065069075496
mmh0opq734nw1a,q_dual_alpha,Full,0.7527233115468409,0.7562076749435666,0.737885462555066,0.7469342251950948,0.5054040244593582
mmh0opq734nw1a,q_dual_alpha,Ph 1,0.6751054852320675,0.7582417582417582,0.5564516129032258,0.641860465116279,0.37151393040610536
mmh0opq734nw1a,q_dual_alpha,Ph 2,0.8468468468468469,0.8128654970760234,0.9858156028368794,0.8910256410256411,0.6760448381521549
mmh0opq734nw1a,q_dual_alpha,Ph 3,0.8539823008849557,0.9516129032258065,0.6629213483146067,0.7814569536423841,0.7019585933750533
mmh0opq734nw1a,q_dual_alpha,Ph 4,0.6437768240343348,0.5714285714285714,0.68,0.6210045662100456,0.2936196924436093
mmh0opq734nw1a,q_forgetting,Full,0.7363834422657952,0.7387387387387387,0.7224669603524229,0.7305122494432071,0.4726914038300441
mmh0opq734nw1a,q_forgetting,Ph 1,0.6540084388185654,0.7282608695652174,0.5403225806451613,0.6203703703703703,0.32702178952903194
mmh0opq734nw1a,q_forgetting,Ph 2,0.8333333333333334,0.8058823529411765,0.9716312056737588,0.8810289389067524,0.6413237649552851
mmh0opq734nw1a,q_forgetting,Ph 3,0.8539823008849557,0.9242424242424242,0.6853932584269663,0.7870967741935484,0.6972668732126805
mmh0opq734nw1a,q_forgetting,Ph 4,0.6137339055793991,0.5431034482758621,0.63,0.5833333333333334,0.22917220476998773
mmh0opq734nw1a,hmm_2state,Full,0.7647058823529411,0.6776119402985075,1.0,0.8078291814946619,0.6018071943114873
mmh0opq734nw1a,hmm_2state,Ph 1,0.6835443037974683,0.6231155778894473,1.0,0.7678018575851393,0.4577589886388219
mmh0opq734nw1a,hmm_2state,Ph 2,0.8513513513513513,0.8103448275862069,1.0,0.8952380952380953,0.6929677786688987
mmh0opq734nw1a,hmm_2state,Ph 3,0.6283185840707964,0.5144508670520231,1.0,0.6793893129770993,0.4461178525329298
mmh0opq734nw1a,hmm_2state,Ph 4,0.8969957081545065,0.8064516129032258,1.0,0.8928571428571429,0.8129738678598128
mmh0opq734nw1a,hmm_3state,Full,0.7647058823529411,0.6776119402985075,1.0,0.8078291814946619,0.6018071943114873
mmh0opq734nw1a,hmm_3state,Ph 1,0.6835443037974683,0.6231155778894473,1.0,0.7678018575851393,0.4577589886388219
mmh0opq734nw1a,hmm_3state,Ph 2,0.8513513513513513,0.8103448275862069,1.0,0.8952380952380953,0.6929677786688987
mmh0opq734nw1a,hmm_3state,Ph 3,0.6283185840707964,0.5144508670520231,1.0,0.6793893129770993,0.4461178525329298
mmh0opq734nw1a,hmm_3state,Ph 4,0.8969957081545065,0.8064516129032258,1.0,0.8928571428571429,0.8129738678598128
mmh0opq734nw1a,hmm_4state,Full,0.7647058823529411,0.6776119402985075,1.0,0.8078291814946619,0.6018071943114873
mmh0opq734nw1a,hmm_4state,Ph 1,0.6835443037974683,0.6231155778894473,1.0,0.7678018575851393,0.4577589886388219
mmh0opq734nw1a,hmm_4state,Ph 2,0.8513513513513513,0.8103448275862069,1.0,0.8952380952380953,0.6929677786688987
mmh0opq734nw1a,hmm_4state,Ph 3,0.6283185840707964,0.5144508670520231,1.0,0.6793893129770993,0.4461178525329298
mmh0opq734nw1a,hmm_4state,Ph 4,0.8969957081545065,0.8064516129032258,1.0,0.8928571428571429,0.8129738678598128
mmh0ozswma6i3j,random,Full,0.49950641658440276,0.49950641658440276,1.0,0.6662277814351547,0.0
mmh0ozswma6i3j,random,Ph 1,0.5555555555555556,0.5555555555555556,1.0,0.7142857142857143,0.0
mmh0ozswma6i3j,random,Ph 2,0.583941605839416,0.583941605839416,1.0,0.7373271889400922,0.0
mmh0ozswma6i3j,random,Ph 3,0.3917525773195876,0.3917525773195876,1.0,0.562962962962963,0.0
mmh0ozswma6i3j,random,Ph 4,0.4965034965034965,0.4965034965034965,1.0,0.6635514018691588,0.0
mmh0ozswma6i3j,bias,Full,0.5004935834155972,0.0,0.0,0.0,0.0
mmh0ozswma6i3j,bias,Ph 1,0.4444444444444444,0.0,0.0,0.0,0.0
mmh0ozswma6i3j,bias,Ph 2,0.41605839416058393,0.0,0.0,0.0,0.0
mmh0ozswma6i3j,bias,Ph 3,0.6082474226804123,0.0,0.0,0.0,0.0
mmh0ozswma6i3j,bias,Ph 4,0.5034965034965035,0.0,0.0,0.0,0.0
mmh0ozswma6i3j,wsls,Full,0.7265547877591313,0.8681672025723473,0.5335968379446641,0.6609547123623011,0.4907595848377931
mmh0ozswma6i3j,wsls,Ph 1,0.5864197530864198,0.8484848484848485,0.3111111111111111,0.45528455284552843,0.29816209391784104
mmh0ozswma6i3j,wsls,Ph 2,0.5875912408759124,0.8615384615384616,0.35,0.49777777777777776,0.3140770648881004
mmh0ozswma6i3j,wsls,Ph 3,0.8247422680412371,0.8461538461538461,0.6754385964912281,0.751219512195122,0.6279125507687252
mmh0ozswma6i3j,wsls,Ph 4,0.8391608391608392,0.8934426229508197,0.7676056338028169,0.8257575757575758,0.684734981944942
mmh0ozswma6i3j,generalized_matching_law,Full,0.6949654491609082,0.7073684210526315,0.6640316205533597,0.6850152905198776,0.39062585497207086
mmh0ozswma6i3j,generalized_matching_law,Ph 1,0.6604938271604939,0.7160493827160493,0.6444444444444445,0.6783625730994152,0.32298759674996963
mmh0ozswma6i3j,generalized_matching_law,Ph 2,0.7116788321167883,0.7076923076923077,0.8625,0.7774647887323943,0.39444783489056434
mmh0ozswma6i3j,generalized_matching_law,Ph 3,0.697594501718213,0.7166666666666667,0.37719298245614036,0.4942528735632184,0.33922832626010335
mmh0ozswma6i3j,generalized_matching_law,Ph 4,0.6958041958041958,0.697841726618705,0.6830985915492958,0.6903914590747331,0.39157557490210126
mmh0ozswma6i3j,melioration,Full,0.736426456071076,0.7302504816955684,0.7490118577075099,0.7395121951219512,0.47302157655911753
mmh0ozswma6i3j,melioration,Ph 1,0.7592592592592593,0.7802197802197802,0.7888888888888889,0.7845303867403315,0.5118620770739398
mmh0ozswma6i3j,melioration,Ph 2,0.7773722627737226,0.7414634146341463,0.95,0.8328767123287671,0.550847294934428
mmh0ozswma6i3j,melioration,Ph 3,0.7353951890034365,0.7681159420289855,0.4649122807017544,0.5792349726775956,0.4298424775461664
mmh0ozswma6i3j,melioration,Ph 4,0.6853146853146853,0.6688311688311688,0.7253521126760564,0.6959459459459459,0.3722794225813883
mmh0ozswma6i3j,kinetic,Full,0.6179664363277394,0.6079854809437386,0.6620553359683794,0.6338694418164617,0.23693594396953183
mmh0ozswma6i3j,kinetic,Ph 1,0.6419753086419753,0.66,0.7333333333333333,0.6947368421052632,0.2669420620961204
mmh0ozswma6i3j,kinetic,Ph 2,0.6824817518248175,0.665158371040724,0.91875,0.7716535433070866,0.336466658985511
mmh0ozswma6i3j,kinetic,Ph 3,0.6323024054982818,0.5421686746987951,0.39473684210526316,0.45685279187817257,0.19465054558792685
mmh0ozswma6i3j,kinetic,Ph 4,0.527972027972028,0.5238095238095238,0.5422535211267606,0.532871972318339,0.05616301349170568
mmh0ozswma6i3j,behavioral_momentum,Full,0.6653504442250741,0.6543438077634011,0.6996047430830039,0.6762177650429799,0.3315382844558078
mmh0ozswma6i3j,behavioral_momentum,Ph 1,0.7592592592592593,0.7628865979381443,0.8222222222222222,0.7914438502673797,0.5097075089177179
mmh0ozswma6i3j,behavioral_momentum,Ph 2,0.6313868613138686,0.6147859922178989,0.9875,0.7577937649880095,0.24330799593203076
mmh0ozswma6i3j,behavioral_momentum,Ph 3,0.6597938144329897,0.6829268292682927,0.24561403508771928,0.36129032258064514,0.24156211452308482
mmh0ozswma6i3j,behavioral_momentum,Ph 4,0.6503496503496503,0.6438356164383562,0.6619718309859155,0.6527777777777778,0.3009195909681914
mmh0ozswma6i3j,hill_climbing,Full,0.7650542941757157,0.7827004219409283,0.733201581027668,0.7571428571428571,0.5311400516778402
mmh0ozswma6i3j,hill_climbing,Ph 1,0.8827160493827161,0.927710843373494,0.8555555555555555,0.8901734104046243,0.7676746616583119
mmh0ozswma6i3j,hill_climbing,Ph 2,0.8576642335766423,0.8306010928961749,0.95,0.8862973760932945,0.7096444630277027
mmh0ozswma6i3j,hill_climbing,Ph 3,0.7560137457044673,0.7945205479452054,0.5087719298245614,0.6203208556149733,0.4774655480950536
mmh0ozswma6i3j,hill_climbing,Ph 4,0.6188811188811189,0.6222222222222222,0.5915492957746479,0.6064981949458483,0.23774916255750253
mmh0ozswma6i3j,q_learning,Full,0.736426456071076,0.7302504816955684,0.7490118577075099,0.7395121951219512,0.47302157655911753
mmh0ozswma6i3j,q_learning,Ph 1,0.7592592592592593,0.7802197802197802,0.7888888888888889,0.7845303867403315,0.5118620770739398
mmh0ozswma6i3j,q_learning,Ph 2,0.7773722627737226,0.7414634146341463,0.95,0.8328767123287671,0.550847294934428
mmh0ozswma6i3j,q_learning,Ph 3,0.7353951890034365,0.7681159420289855,0.4649122807017544,0.5792349726775956,0.4298424775461664
mmh0ozswma6i3j,q_learning,Ph 4,0.6853146853146853,0.6688311688311688,0.7253521126760564,0.6959459459459459,0.3722794225813883
mmh0ozswma6i3j,q_dual_alpha,Full,0.7344521224086871,0.727447216890595,0.7490118577075099,0.7380720545277507,0.46912500959124426
mmh0ozswma6i3j,q_dual_alpha,Ph 1,0.7654320987654321,0.782608695652174,0.8,0.7912087912087912,0.5238415198208317
mmh0ozswma6i3j,q_dual_alpha,Ph 2,0.7664233576642335,0.7352941176470589,0.9375,0.8241758241758241,0.5241961686006356
mmh0ozswma6i3j,q_dual_alpha,Ph 3,0.7353951890034365,0.7605633802816901,0.47368421052631576,0.5837837837837838,0.42921550071999265
mmh0ozswma6i3j,q_dual_alpha,Ph 4,0.6853146853146853,0.6688311688311688,0.7253521126760564,0.6959459459459459,0.3722794225813883
mmh0ozswma6i3j,q_forgetting,Full,0.7117472852912142,0.7034220532319392,0.7312252964426877,0.7170542635658915,0.42384701443130973
mmh0ozswma6i3j,q_forgetting,Ph 1,0.7716049382716049,0.7849462365591398,0.8111111111111111,0.7978142076502732,0.5359449847213483
mmh0ozswma6i3j,q_forgetting,Ph 2,0.7737226277372263,0.7378640776699029,0.95,0.8306010928961749,0.5435247547047193
mmh0ozswma6i3j,q_forgetting,Ph 3,0.718213058419244,0.7,0.49122807017543857,0.5773195876288659,0.3888276584954354
mmh0ozswma6i3j,q_forgetting,Ph 4,0.6118881118881119,0.6054421768707483,0.6267605633802817,0.615916955017301,0.22406498413938328
mmh0ozswma6i3j,hmm_2state,Full,0.9930898321816387,0.98635477582846,1.0,0.9931305201177625,0.9862740315521155
mmh0ozswma6i3j,hmm_2state,Ph 1,0.9938271604938271,0.989010989010989,1.0,0.994475138121547,0.98755998565896
mmh0ozswma6i3j,hmm_2state,Ph 2,0.9890510948905109,0.9815950920245399,1.0,0.9907120743034056,0.9776316495666558
mmh0ozswma6i3j,hmm_2state,Ph 3,1.0,1.0,1.0,1.0,1.0
mmh0ozswma6i3j,hmm_2state,Ph 4,0.9895104895104895,0.9793103448275862,1.0,0.9895470383275261,0.9792385031119903
mmh0ozswma6i3j,hmm_3state,Full,0.9930898321816387,0.98635477582846,1.0,0.9931305201177625,0.9862740315521155
mmh0ozswma6i3j,hmm_3state,Ph 1,0.9938271604938271,0.989010989010989,1.0,0.994475138121547,0.98755998565896
mmh0ozswma6i3j,hmm_3state,Ph 2,0.9890510948905109,0.9815950920245399,1.0,0.9907120743034056,0.9776316495666558
mmh0ozswma6i3j,hmm_3state,Ph 3,1.0,1.0,1.0,1.0,1.0
mmh0ozswma6i3j,hmm_3state,Ph 4,0.9895104895104895,0.9793103448275862,1.0,0.9895470383275261,0.9792385031119903
mmh0ozswma6i3j,hmm_4state,Full,0.9930898321816387,0.98635477582846,1.0,0.9931305201177625,0.9862740315521155
mmh0ozswma6i3j,hmm_4state,Ph 1,0.9938271604938271,0.989010989010989,1.0,0.994475138121547,0.98755998565896
mmh0ozswma6i3j,hmm_4state,Ph 2,0.9890510948905109,0.9815950920245399,1.0,0.9907120743034056,0.9776316495666558
mmh0ozswma6i3j,hmm_4state,Ph 3,1.0,1.0,1.0,1.0,1.0
mmh0ozswma6i3j,hmm_4state,Ph 4,0.9895104895104895,0.9793103448275862,1.0,0.9895470383275261,0.9792385031119903
mmh0pa4lgnz2nd,random,Full,0.4994413407821229,0.4994413407821229,1.0,0.6661698956780924,0.0
mmh0pa4lgnz2nd,random,Ph 1,0.49295774647887325,0.49295774647887325,1.0,0.660377358490566,0.0
mmh0pa4lgnz2nd,random,Ph 2,0.6608695652173913,0.6608695652173913,1.0,0.7958115183246073,0.0
mmh0pa4lgnz2nd,random,Ph 3,0.34763948497854075,0.34763948497854075,1.0,0.5159235668789809,0.0
mmh0pa4lgnz2nd,random,Ph 4,0.4977168949771689,0.4977168949771689,1.0,0.6646341463414634,0.0
mmh0pa4lgnz2nd,bias,Full,0.5005586592178771,0.0,0.0,0.0,0.0
mmh0pa4lgnz2nd,bias,Ph 1,0.5070422535211268,0.0,0.0,0.0,0.0
mmh0pa4lgnz2nd,bias,Ph 2,0.3391304347826087,0.0,0.0,0.0,0.0
mmh0pa4lgnz2nd,bias,Ph 3,0.6523605150214592,0.0,0.0,0.0,0.0
mmh0pa4lgnz2nd,bias,Ph 4,0.502283105022831,0.0,0.0,0.0,0.0
mmh0pa4lgnz2nd,wsls,Full,0.5709497206703911,0.68,0.2662192393736018,0.38263665594855306,0.17803335003890441
mmh0pa4lgnz2nd,wsls,Ph 1,0.5352112676056338,0.6875,0.10476190476190476,0.18181818181818182,0.11089549319120257
mmh0pa4lgnz2nd,wsls,Ph 2,0.3695652173913043,0.7692307692307693,0.06578947368421052,0.12121212121212122,0.05602403334282336
mmh0pa4lgnz2nd,wsls,Ph 3,0.7553648068669528,0.7222222222222222,0.48148148148148145,0.5777777777777777,0.43202585757217843
mmh0pa4lgnz2nd,wsls,Ph 4,0.6210045662100456,0.6413043478260869,0.5412844036697247,0.5870646766169154,0.2444235615146974
mmh0pa4lgnz2nd,generalized_matching_law,Full,0.6078212290502794,0.5975609756097561,0.6577181208053692,0.6261980830670927,0.21682842654610737
mmh0pa4lgnz2nd,generalized_matching_law,Ph 1,0.5586854460093896,0.5419847328244275,0.6761904761904762,0.6016949152542372,0.1239472786840557
mmh0pa4lgnz2nd,generalized_matching_law,Ph 2,0.6608695652173913,0.6608695652173913,1.0,0.7958115183246073,0.0
mmh0pa4lgnz2nd,generalized_matching_law,Ph 3,0.6652360515021459,0.5517241379310345,0.19753086419753085,0.2909090909090909,0.1615793586981981
mmh0pa4lgnz2nd,generalized_matching_law,Ph 4,0.5388127853881278,0.5392156862745098,0.5045871559633027,0.5213270142180095,0.07749561440970068
mmh0pa4lgnz2nd,melioration,Full,0.6502793296089385,0.6407563025210085,0.6823266219239373,0.6608884073672806,0.3012415523239096
mmh0pa4lgnz2nd,melioration,Ph 1,0.5774647887323944,0.5572519083969466,0.6952380952380952,0.6186440677966102,0.16254489616900286
mmh0pa4lgnz2nd,melioration,Ph 2,0.7521739130434782,0.7339901477832512,0.9802631578947368,0.8394366197183099,0.42351082986074384
mmh0pa4lgnz2nd,melioration,Ph 3,0.7167381974248928,0.6923076923076923,0.3333333333333333,0.45,0.3245071584168326
mmh0pa4lgnz2nd,melioration,Ph 4,0.54337899543379,0.5436893203883495,0.5137614678899083,0.5283018867924528,0.08664062128381808
mmh0pa4lgnz2nd,kinetic,Full,0.5955307262569832,0.5963718820861678,0.5883668903803132,0.5923423423423423,0.19106549909058101
mmh0pa4lgnz2nd,kinetic,Ph 1,0.5446009389671361,0.5370370370370371,0.5523809523809524,0.5446009389671361,0.08941798941798942
mmh0pa4lgnz2nd,kinetic,Ph 2,0.6652173913043479,0.6681614349775785,0.9802631578947368,0.7946666666666666,0.08693628050906023
mmh0pa4lgnz2nd,kinetic,Ph 3,0.6566523605150214,0.5217391304347826,0.14814814814814814,0.23076923076923078,0.12098841155612002
mmh0pa4lgnz2nd,kinetic,Ph 4,0.5068493150684932,0.5057471264367817,0.4036697247706422,0.4489795918367347,0.013038728652131995
mmh0pa4lgnz2nd,behavioral_momentum,Full,0.6089385474860335,0.6047516198704104,0.6263982102908278,0.6153846153846154,0.21804676741990536
mmh0pa4lgnz2nd,behavioral_momentum,Ph 1,0.5774647887323944,0.5630252100840336,0.638095238095238,0.5982142857142857,0.15768813860434155
mmh0pa4lgnz2nd,behavioral_momentum,Ph 2,0.6695652173913044,0.6666666666666666,1.0,0.8,0.1307440900921227
mmh0pa4lgnz2nd,behavioral_momentum,Ph 3,0.648068669527897,0.47058823529411764,0.09876543209876543,0.16326530612244897,0.07242913882892957
mmh0pa4lgnz2nd,behavioral_momentum,Ph 4,0.5342465753424658,0.5353535353535354,0.48623853211009177,0.5096153846153846,0.06837106531897183
mmh0pa4lgnz2nd,hill_climbing,Full,0.7363128491620111,0.745920745920746,0.7158836689038032,0.730593607305936,0.4729841545425283
mmh0pa4lgnz2nd,hill_climbing,Ph 1,0.7464788732394366,0.7428571428571429,0.7428571428571429,0.7428571428571429,0.4928571428571429
mmh0pa4lgnz2nd,hill_climbing,Ph 2,0.8434782608695652,0.8493975903614458,0.9276315789473685,0.8867924528301887,0.6413553413448739
mmh0pa4lgnz2nd,hill_climbing,Ph 3,0.8154506437768241,0.8166666666666667,0.6049382716049383,0.6950354609929078,0.5800189776703456
mmh0pa4lgnz2nd,hill_climbing,Ph 4,0.5296803652968036,0.5306122448979592,0.47706422018348627,0.5024154589371981,0.059209226354597855
mmh0pa4lgnz2nd,q_learning,Full,0.6502793296089385,0.6407563025210085,0.6823266219239373,0.6608884073672806,0.3012415523239096
mmh0pa4lgnz2nd,q_learning,Ph 1,0.5774647887323944,0.5572519083969466,0.6952380952380952,0.6186440677966102,0.16254489616900286
mmh0pa4lgnz2nd,q_learning,Ph 2,0.7521739130434782,0.7339901477832512,0.9802631578947368,0.8394366197183099,0.42351082986074384
mmh0pa4lgnz2nd,q_learning,Ph 3,0.7167381974248928,0.6923076923076923,0.3333333333333333,0.45,0.3245071584168326
mmh0pa4lgnz2nd,q_learning,Ph 4,0.54337899543379,0.5436893203883495,0.5137614678899083,0.5283018867924528,0.08664062128381808
mmh0pa4lgnz2nd,q_dual_alpha,Full,0.6502793296089385,0.6401673640167364,0.6845637583892618,0.6616216216216216,0.3013357111251513
mmh0pa4lgnz2nd,q_dual_alpha,Ph 1,0.5821596244131455,0.5606060606060606,0.7047619047619048,0.6244725738396625,0.17273267960062075
mmh0pa4lgnz2nd,q_dual_alpha,Ph 2,0.7521739130434782,0.7339901477832512,0.9802631578947368,0.8394366197183099,0.42351082986074384
mmh0pa4lgnz2nd,q_dual_alpha,Ph 3,0.7124463519313304,0.675,0.3333333333333333,0.4462809917355372,0.31294589132498796
mmh0pa4lgnz2nd,q_dual_alpha,Ph 4,0.54337899543379,0.5436893203883495,0.5137614678899083,0.5283018867924528,0.08664062128381808
mmh0pa4lgnz2nd,q_forgetting,Full,0.6759776536312849,0.6695464362850972,0.6935123042505593,0.6813186813186813,0.35220556357069843
mmh0pa4lgnz2nd,q_forgetting,Ph 1,0.6244131455399061,0.6068376068376068,0.6761904761904762,0.6396396396396397,0.2514648667444449
mmh0pa4lgnz2nd,q_forgetting,Ph 2,0.7695652173913043,0.7487437185929648,0.9802631578947368,0.8490028490028491,0.4702898284573528
mmh0pa4lgnz2nd,q_forgetting,Ph 3,0.7167381974248928,0.6744186046511628,0.35802469135802467,0.46774193548387094,0.32643998061788454
mmh0pa4lgnz2nd,q_forgetting,Ph 4,0.5844748858447488,0.5865384615384616,0.5596330275229358,0.5727699530516432,0.16893541436964848
mmh0pa4lgnz2nd,hmm_2state,Full,1.0,1.0,1.0,1.0,1.0
mmh0pa4lgnz2nd,hmm_2state,Ph 1,1.0,1.0,1.0,1.0,1.0
mmh0pa4lgnz2nd,hmm_2state,Ph 2,1.0,1.0,1.0,1.0,1.0
mmh0pa4lgnz2nd,hmm_2state,Ph 3,1.0,1.0,1.0,1.0,1.0
mmh0pa4lgnz2nd,hmm_2state,Ph 4,1.0,1.0,1.0,1.0,1.0
mmh0pa4lgnz2nd,hmm_3state,Full,1.0,1.0,1.0,1.0,1.0
mmh0pa4lgnz2nd,hmm_3state,Ph 1,1.0,1.0,1.0,1.0,1.0
mmh0pa4lgnz2nd,hmm_3state,Ph 2,1.0,1.0,1.0,1.0,1.0
mmh0pa4lgnz2nd,hmm_3state,Ph 3,1.0,1.0,1.0,1.0,1.0
mmh0pa4lgnz2nd,hmm_3state,Ph 4,1.0,1.0,1.0,1.0,1.0
mmh0pa4lgnz2nd,hmm_4state,Full,1.0,1.0,1.0,1.0,1.0
mmh0pa4lgnz2nd,hmm_4state,Ph 1,1.0,1.0,1.0,1.0,1.0
mmh0pa4lgnz2nd,hmm_4state,Ph 2,1.0,1.0,1.0,1.0,1.0
mmh0pa4lgnz2nd,hmm_4state,Ph 3,1.0,1.0,1.0,1.0,1.0
mmh0pa4lgnz2nd,hmm_4state,Ph 4,1.0,1.0,1.0,1.0,1.0
mmh0pj6zqdvwmg,random,Full,0.492344883158743,0.492344883158743,1.0,0.6598272138228942,0.0
mmh0pj6zqdvwmg,random,Ph 1,0.5316901408450704,0.5316901408450704,1.0,0.6942528735632184,0.0
mmh0pj6zqdvwmg,random,Ph 2,0.4923547400611621,0.4923547400611621,1.0,0.6598360655737705,0.0
mmh0pj6zqdvwmg,random,Ph 3,0.4192546583850932,0.4192546583850932,1.0,0.5908096280087527,0.0
mmh0pj6zqdvwmg,random,Ph 4,0.5324675324675324,0.5324675324675324,1.0,0.6949152542372882,0.0
mmh0pj6zqdvwmg,bias,Full,0.5076551168412571,0.0,0.0,0.0,0.0
mmh0pj6zqdvwmg,bias,Ph 1,0.46830985915492956,0.0,0.0,0.0,0.0
mmh0pj6zqdvwmg,bias,Ph 2,0.5076452599388379,0.0,0.0,0.0,0.0
mmh0pj6zqdvwmg,bias,Ph 3,0.5807453416149069,0.0,0.0,0.0,0.0
mmh0pj6zqdvwmg,bias,Ph 4,0.4675324675324675,0.0,0.0,0.0,0.0
mmh0pj6zqdvwmg,wsls,Full,0.7542304593070105,0.8787128712871287,0.5810147299509002,0.6995073891625616,0.5369205071159171
mmh0pj6zqdvwmg,wsls,Ph 1,0.6830985915492958,0.8765432098765432,0.47019867549668876,0.6120689655172413,0.43654863213901735
mmh0pj6zqdvwmg,wsls,Ph 2,0.6819571865443425,0.8607594936708861,0.422360248447205,0.5666666666666667,0.4159045783851178
mmh0pj6zqdvwmg,wsls,Ph 3,0.8416149068322981,0.8888888888888888,0.7111111111111111,0.7901234567901234,0.6761342241053105
mmh0pj6zqdvwmg,wsls,Ph 4,0.8051948051948052,0.8823529411764706,0.7317073170731707,0.8,0.6235605172287157
mmh0pj6zqdvwmg,generalized_matching_law,Full,0.6309427880741337,0.597452229299363,0.7675941080196399,0.671919770773639,0.2758458022728622
mmh0pj6zqdvwmg,generalized_matching_law,Ph 1,0.75,0.7702702702702703,0.7549668874172185,0.7625418060200669,0.4987693058828194
mmh0pj6zqdvwmg,generalized_matching_law,Ph 2,0.581039755351682,0.5416666666666666,0.968944099378882,0.6948775055679287,0.2680381931194081
mmh0pj6zqdvwmg,generalized_matching_law,Ph 3,0.6645962732919255,0.6708860759493671,0.3925925925925926,0.4953271028037383,0.2907658896818277
mmh0pj6zqdvwmg,generalized_matching_law,Ph 4,0.538961038961039,0.5407407407407407,0.8902439024390244,0.6728110599078341,0.044198912904173944
mmh0pj6zqdvwmg,melioration,Full,0.6663980660757454,0.6332882273342354,0.7659574468085106,0.6933333333333334,0.3420549141370509
mmh0pj6zqdvwmg,melioration,Ph 1,0.7429577464788732,0.7867647058823529,0.7086092715231788,0.7456445993031359,0.4900154768206559
mmh0pj6zqdvwmg,melioration,Ph 2,0.6116207951070336,0.5643939393939394,0.9254658385093167,0.7011764705882353,0.2949723693245708
mmh0pj6zqdvwmg,melioration,Ph 3,0.7236024844720497,0.8026315789473685,0.45185185185185184,0.5781990521327014,0.43185046483857675
mmh0pj6zqdvwmg,melioration,Ph 4,0.5941558441558441,0.5741444866920152,0.9207317073170732,0.7072599531615925,0.20193664508711068
mmh0pj6zqdvwmg,kinetic,Full,0.5834004834810637,0.5616797900262467,0.7004909983633388,0.6234522942461762,0.17492124797105596
mmh0pj6zqdvwmg,kinetic,Ph 1,0.6443661971830986,0.6984126984126984,0.5827814569536424,0.6353790613718412,0.2983699893979578
mmh0pj6zqdvwmg,kinetic,Ph 2,0.5626911314984709,0.5314685314685315,0.9440993788819876,0.680089485458613,0.20663399589603768
mmh0pj6zqdvwmg,kinetic,Ph 3,0.6335403726708074,0.6133333333333333,0.34074074074074073,0.4380952380952381,0.21673455462358007
mmh0pj6zqdvwmg,kinetic,Ph 4,0.4967532467532468,0.5163636363636364,0.8658536585365854,0.6469248291571754,-0.09317252891563467
mmh0pj6zqdvwmg,behavioral_momentum,Full,0.5866236905721193,0.5639686684073107,0.707037643207856,0.6274509803921569,0.18193059965700203
mmh0pj6zqdvwmg,behavioral_momentum,Ph 1,0.6619718309859155,0.7391304347826086,0.5629139072847682,0.6390977443609023,0.3429278312704675
mmh0pj6zqdvwmg,behavioral_momentum,Ph 2,0.5137614678899083,0.503125,1.0,0.6694386694386695,0.14565752454930478
mmh0pj6zqdvwmg,behavioral_momentum,Ph 3,0.639751552795031,0.7021276595744681,0.24444444444444444,0.3626373626373626,0.23699668123097656
mmh0pj6zqdvwmg,behavioral_momentum,Ph 4,0.538961038961039,0.5387323943661971,0.9329268292682927,0.6830357142857143,0.04319292324143669
mmh0pj6zqdvwmg,hill_climbing,Full,0.7614826752618856,0.7154582763337893,0.855973813420622,0.7794336810730254,0.5342938105845932
mmh0pj6zqdvwmg,hill_climbing,Ph 1,0.8873239436619719,0.9047619047619048,0.8807947019867549,0.8926174496644296,0.7744525431603199
mmh0pj6zqdvwmg,hill_climbing,Ph 2,0.746177370030581,0.6652542372881356,0.9751552795031055,0.7909319899244333,0.5569417900558975
mmh0pj6zqdvwmg,hill_climbing,Ph 3,0.8913043478260869,0.9310344827586207,0.8,0.8605577689243028,0.778299460731965
mmh0pj6zqdvwmg,hill_climbing,Ph 4,0.525974025974026,0.5387931034482759,0.7621951219512195,0.6313131313131313,0.02215054805640685
mmh0pj6zqdvwmg,q_learning,Full,0.6663980660757454,0.6332882273342354,0.7659574468085106,0.6933333333333334,0.3420549141370509
mmh0pj6zqdvwmg,q_learning,Ph 1,0.7429577464788732,0.7867647058823529,0.7086092715231788,0.7456445993031359,0.4900154768206559
mmh0pj6zqdvwmg,q_learning,Ph 2,0.6116207951070336,0.5643939393939394,0.9254658385093167,0.7011764705882353,0.2949723693245708
mmh0pj6zqdvwmg,q_learning,Ph 3,0.7236024844720497,0.8026315789473685,0.45185185185185184,0.5781990521327014,0.43185046483857675
mmh0pj6zqdvwmg,q_learning,Ph 4,0.5941558441558441,0.5741444866920152,0.9207317073170732,0.7072599531615925,0.20193664508711068
mmh0pj6zqdvwmg,q_dual_alpha,Full,0.6655922643029815,0.6327913279132791,0.7643207855973814,0.69236471460341,0.3402795423414435
mmh0pj6zqdvwmg,q_dual_alpha,Ph 1,0.7429577464788732,0.7910447761194029,0.7019867549668874,0.743859649122807,0.49125256368533754
mmh0pj6zqdvwmg,q_dual_alpha,Ph 2,0.6085626911314985,0.5622641509433962,0.9254658385093167,0.6995305164319249,0.2890969469353456
mmh0pj6zqdvwmg,q_dual_alpha,Ph 3,0.7236024844720497,0.8026315789473685,0.45185185185185184,0.5781990521327014,0.43185046483857675
mmh0pj6zqdvwmg,q_dual_alpha,Ph 4,0.5941558441558441,0.5741444866920152,0.9207317073170732,0.7072599531615925,0.20193664508711068
mmh0pj6zqdvwmg,q_forgetting,Full,0.6510878323932313,0.6271428571428571,0.7184942716857611,0.669717772692601,0.3067006199879589
mmh0pj6zqdvwmg,q_forgetting,Ph 1,0.7464788732394366,0.7969924812030075,0.7019867549668874,0.7464788732394366,0.4989792361698949
mmh0pj6zqdvwmg,q_forgetting,Ph 2,0.6055045871559633,0.5601503759398496,0.9254658385093167,0.6978922716627635,0.2831772826114738
mmh0pj6zqdvwmg,q_forgetting,Ph 3,0.717391304347826,0.775,0.45925925925925926,0.5767441860465117,0.41451926222872276
mmh0pj6zqdvwmg,q_forgetting,Ph 4,0.5422077922077922,0.5520361990950227,0.7439024390243902,0.6337662337662338,0.06250939442808698
mmh0pj6zqdvwmg,hmm_2state,Full,1.0,1.0,1.0,1.0,1.0
mmh0pj6zqdvwmg,hmm_2state,Ph 1,1.0,1.0,1.0,1.0,1.0
mmh0pj6zqdvwmg,hmm_2state,Ph 2,1.0,1.0,1.0,1.0,1.0
mmh0pj6zqdvwmg,hmm_2state,Ph 3,1.0,1.0,1.0,1.0,1.0
mmh0pj6zqdvwmg,hmm_2state,Ph 4,1.0,1.0,1.0,1.0,1.0
mmh0pj6zqdvwmg,hmm_3state,Full,1.0,1.0,1.0,1.0,1.0
mmh0pj6zqdvwmg,hmm_3state,Ph 1,1.0,1.0,1.0,1.0,1.0
mmh0pj6zqdvwmg,hmm_3state,Ph 2,1.0,1.0,1.0,1.0,1.0
mmh0pj6zqdvwmg,hmm_3state,Ph 3,1.0,1.0,1.0,1.0,1.0
mmh0pj6zqdvwmg,hmm_3state,Ph 4,1.0,1.0,1.0,1.0,1.0
mmh0pj6zqdvwmg,hmm_4state,Full,1.0,1.0,1.0,1.0,1.0
mmh0pj6zqdvwmg,hmm_4state,Ph 1,1.0,1.0,1.0,1.0,1.0
mmh0pj6zqdvwmg,hmm_4state,Ph 2,1.0,1.0,1.0,1.0,1.0
mmh0pj6zqdvwmg,hmm_4state,Ph 3,1.0,1.0,1.0,1.0,1.0
mmh0pj6zqdvwmg,hmm_4state,Ph 4,1.0,1.0,1.0,1.0,1.0
mmh0pjhqfbciu8,random,Full,0.49043715846994534,0.49043715846994534,1.0,0.6581118240146654,0.0
mmh0pjhqfbciu8,random,Ph 1,0.5497382198952879,0.5497382198952879,1.0,0.7094594594594594,0.0
mmh0pjhqfbciu8,random,Ph 2,0.625615763546798,0.625615763546798,1.0,0.7696969696969697,0.0
mmh0pjhqfbciu8,random,Ph 3,0.3018867924528302,0.3018867924528302,1.0,0.463768115942029,0.0
mmh0pjhqfbciu8,random,Ph 4,0.5,0.5,1.0,0.6666666666666666,0.0
mmh0pjhqfbciu8,bias,Full,0.5095628415300546,0.0,0.0,0.0,0.0
mmh0pjhqfbciu8,bias,Ph 1,0.450261780104712,0.0,0.0,0.0,0.0
mmh0pjhqfbciu8,bias,Ph 2,0.37438423645320196,0.0,0.0,0.0,0.0
mmh0pjhqfbciu8,bias,Ph 3,0.6981132075471698,0.0,0.0,0.0,0.0
mmh0pjhqfbciu8,bias,Ph 4,0.5,0.0,0.0,0.0,0.0
mmh0pjhqfbciu8,wsls,Full,0.47540983606557374,0.3493975903614458,0.0807799442896936,0.13122171945701358,-0.10089441069592195
mmh0pjhqfbciu8,wsls,Ph 1,0.42408376963350786,0.2727272727272727,0.02857142857142857,0.05172413793103448,-0.13764058644874444
mmh0pjhqfbciu8,wsls,Ph 2,0.35467980295566504,0.35714285714285715,0.03937007874015748,0.07092198581560284,-0.15098053550363852
mmh0pjhqfbciu8,wsls,Ph 3,0.6650943396226415,0.3333333333333333,0.109375,0.16470588235294117,0.022713332574249442
mmh0pjhqfbciu8,wsls,Ph 4,0.42857142857142855,0.3783783783783784,0.2222222222222222,0.28,-0.1568363202169841
mmh0pjhqfbciu8,generalized_matching_law,Full,0.6461748633879781,0.6506024096385542,0.6016713091922006,0.6251808972503617,0.2918883665531428
mmh0pjhqfbciu8,generalized_matching_law,Ph 1,0.6230366492146597,0.7391304347826086,0.4857142857142857,0.5862068965517241,0.28628345190783705
mmh0pjhqfbciu8,generalized_matching_law,Ph 2,0.6354679802955665,0.6480446927374302,0.9133858267716536,0.7581699346405228,0.12656593032755184
mmh0pjhqfbciu8,generalized_matching_law,Ph 3,0.7169811320754716,0.5526315789473685,0.328125,0.4117647058823529,0.25524903114948055
mmh0pjhqfbciu8,generalized_matching_law,Ph 4,0.5793650793650794,0.6086956521739131,0.4444444444444444,0.5137614678899083,0.16484511834894675
mmh0pjhqfbciu8,melioration,Full,0.7226775956284153,0.6884057971014492,0.7938718662952646,0.7373868046571799,0.45184808708319507
mmh0pjhqfbciu8,melioration,Ph 1,0.5968586387434555,0.6147540983606558,0.7142857142857143,0.6607929515418502,0.17376579713155976
mmh0pjhqfbciu8,melioration,Ph 2,0.7438423645320197,0.7142857142857143,0.984251968503937,0.8278145695364238,0.45804047582816504
mmh0pjhqfbciu8,melioration,Ph 3,0.8867924528301887,0.8571428571428571,0.75,0.8,0.7246695972276092
mmh0pjhqfbciu8,melioration,Ph 4,0.6031746031746031,0.6065573770491803,0.5873015873015873,0.5967741935483871,0.20645326546139234
mmh0pjhqfbciu8,kinetic,Full,0.6953551912568307,0.6634615384615384,0.7688022284122563,0.712258064516129,0.3971182687956309
mmh0pjhqfbciu8,kinetic,Ph 1,0.7801047120418848,0.7787610619469026,0.8380952380952381,0.8073394495412844,0.5540643561756958
mmh0pjhqfbciu8,kinetic,Ph 2,0.6798029556650246,0.6614583333333334,1.0,0.7962382445141066,0.3094145929830673
mmh0pjhqfbciu8,kinetic,Ph 3,0.7216981132075472,0.5471698113207547,0.453125,0.49572649572649574,0.30847634861956214
mmh0pjhqfbciu8,kinetic,Ph 4,0.5476190476190477,0.5517241379310345,0.5079365079365079,0.5289256198347108,0.09553946329477231
mmh0pjhqfbciu8,behavioral_momentum,Full,0.6475409836065574,0.6398891966759003,0.6434540389972145,0.6416666666666667,0.2949021435237026
mmh0pjhqfbciu8,behavioral_momentum,Ph 1,0.612565445026178,0.6781609195402298,0.5619047619047619,0.6145833333333334,0.2360881798664914
mmh0pjhqfbciu8,behavioral_momentum,Ph 2,0.6600985221674877,0.6629213483146067,0.9291338582677166,0.7737704918032787,0.20568434123981513
mmh0pjhqfbciu8,behavioral_momentum,Ph 3,0.7311320754716981,0.5777777777777777,0.40625,0.47706422018348627,0.3119611752521218
mmh0pjhqfbciu8,behavioral_momentum,Ph 4,0.5396825396825397,0.5490196078431373,0.4444444444444444,0.49122807017543857,0.08084520834544433
mmh0pjhqfbciu8,hill_climbing,Full,0.6789617486338798,0.6648936170212766,0.6963788300835655,0.6802721088435374,0.3586455251170176
mmh0pjhqfbciu8,hill_climbing,Ph 1,0.5235602094240838,0.5686274509803921,0.5523809523809524,0.5603864734299517,0.04064516157390263
mmh0pjhqfbciu8,hill_climbing,Ph 2,0.6896551724137931,0.7285714285714285,0.8031496062992126,0.7640449438202247,0.317125651619568
mmh0pjhqfbciu8,hill_climbing,Ph 3,0.8443396226415094,0.7123287671232876,0.8125,0.7591240875912408,0.6479191475107962
mmh0pjhqfbciu8,hill_climbing,Ph 4,0.6190476190476191,0.6229508196721312,0.6031746031746031,0.6129032258064516,0.23821530630160653
mmh0pjhqfbciu8,q_learning,Full,0.7226775956284153,0.6884057971014492,0.7938718662952646,0.7373868046571799,0.45184808708319507
mmh0pjhqfbciu8,q_learning,Ph 1,0.5968586387434555,0.6147540983606558,0.7142857142857143,0.6607929515418502,0.17376579713155976
mmh0pjhqfbciu8,q_learning,Ph 2,0.7438423645320197,0.7142857142857143,0.984251968503937,0.8278145695364238,0.45804047582816504
mmh0pjhqfbciu8,q_learning,Ph 3,0.8867924528301887,0.8571428571428571,0.75,0.8,0.7246695972276092
mmh0pjhqfbciu8,q_learning,Ph 4,0.6031746031746031,0.6065573770491803,0.5873015873015873,0.5967741935483871,0.20645326546139234
mmh0pjhqfbciu8,q_dual_alpha,Full,0.6926229508196722,0.6709183673469388,0.7325905292479109,0.7003994673768309,0.3876546583131116
mmh0pjhqfbciu8,q_dual_alpha,Ph 1,0.5235602094240838,0.5648148148148148,0.580952380952381,0.5727699530516432,0.03456731043977523
mmh0pjhqfbciu8,q_dual_alpha,Ph 2,0.7044334975369458,0.7005988023952096,0.9212598425196851,0.7959183673469388,0.33370091973363286
mmh0pjhqfbciu8,q_dual_alpha,Ph 3,0.8867924528301887,0.8571428571428571,0.75,0.8,0.7246695972276092
mmh0pjhqfbciu8,q_dual_alpha,Ph 4,0.6031746031746031,0.6065573770491803,0.5873015873015873,0.5967741935483871,0.20645326546139234
mmh0pjhqfbciu8,q_forgetting,Full,0.6967213114754098,0.6751918158567775,0.7353760445682451,0.704,0.39574553641078014
mmh0pjhqfbciu8,q_forgetting,Ph 1,0.5445026178010471,0.5849056603773585,0.5904761904761905,0.5876777251184834,0.07893574695783896
mmh0pjhqfbciu8,q_forgetting,Ph 2,0.7093596059113301,0.7125,0.8976377952755905,0.794425087108014,0.3463013094148467
mmh0pjhqfbciu8,q_forgetting,Ph 3,0.8679245283018868,0.7727272727272727,0.796875,0.7846153846153846,0.6895795126337638
mmh0pjhqfbciu8,q_forgetting,Ph 4,0.6190476190476191,0.6271186440677966,0.5873015873015873,0.6065573770491803,0.23857660373819606
mmh0pjhqfbciu8,hmm_2state,Full,0.8866120218579235,1.0,0.7688022284122563,0.8692913385826772,0.7930111821928064
mmh0pjhqfbciu8,hmm_2state,Ph 1,0.9476439790575916,1.0,0.9047619047619048,0.95,0.9002865505026013
mmh0pjhqfbciu8,hmm_2state,Ph 2,0.9310344827586207,1.0,0.889763779527559,0.9416666666666667,0.8668079836330183
mmh0pjhqfbciu8,hmm_2state,Ph 3,0.8962264150943396,1.0,0.65625,0.7924528301886793,0.7558594640617822
mmh0pjhqfbciu8,hmm_2state,Ph 4,0.7063492063492064,1.0,0.4126984126984127,0.5842696629213483,0.5099019513592785
mmh0pjhqfbciu8,hmm_3state,Full,0.8866120218579235,1.0,0.7688022284122563,0.8692913385826772,0.7930111821928064
mmh0pjhqfbciu8,hmm_3state,Ph 1,0.9476439790575916,1.0,0.9047619047619048,0.95,0.9002865505026013
mmh0pjhqfbciu8,hmm_3state,Ph 2,0.9310344827586207,1.0,0.889763779527559,0.9416666666666667,0.8668079836330183
mmh0pjhqfbciu8,hmm_3state,Ph 3,0.8962264150943396,1.0,0.65625,0.7924528301886793,0.7558594640617822
mmh0pjhqfbciu8,hmm_3state,Ph 4,0.7063492063492064,1.0,0.4126984126984127,0.5842696629213483,0.5099019513592785
mmh0pjhqfbciu8,hmm_4state,Full,0.8866120218579235,1.0,0.7688022284122563,0.8692913385826772,0.7930111821928064
mmh0pjhqfbciu8,hmm_4state,Ph 1,0.9476439790575916,1.0,0.9047619047619048,0.95,0.9002865505026013
mmh0pjhqfbciu8,hmm_4state,Ph 2,0.9310344827586207,1.0,0.889763779527559,0.9416666666666667,0.8668079836330183
mmh0pjhqfbciu8,hmm_4state,Ph 3,0.8962264150943396,1.0,0.65625,0.7924528301886793,0.7558594640617822
mmh0pjhqfbciu8,hmm_4state,Ph 4,0.7063492063492064,1.0,0.4126984126984127,0.5842696629213483,0.5099019513592785
mmh0puch6r88f0,random,Full,0.5067264573991032,0.5067264573991032,1.0,0.6726190476190477,0.0
mmh0puch6r88f0,random,Ph 1,0.5021645021645021,0.5021645021645021,1.0,0.6685878962536023,0.0
mmh0puch6r88f0,random,Ph 2,0.7058823529411765,0.7058823529411765,1.0,0.8275862068965517,0.0
mmh0puch6r88f0,random,Ph 3,0.30666666666666664,0.30666666666666664,1.0,0.46938775510204084,0.0
mmh0puch6r88f0,random,Ph 4,0.5,0.5,1.0,0.6666666666666666,0.0
mmh0puch6r88f0,bias,Full,0.49327354260089684,0.0,0.0,0.0,0.0
mmh0puch6r88f0,bias,Ph 1,0.49783549783549785,0.0,0.0,0.0,0.0
mmh0puch6r88f0,bias,Ph 2,0.29411764705882354,0.0,0.0,0.0,0.0
mmh0puch6r88f0,bias,Ph 3,0.6933333333333334,0.0,0.0,0.0,0.0
mmh0puch6r88f0,bias,Ph 4,0.5,0.0,0.0,0.0,0.0
mmh0puch6r88f0,wsls,Full,0.43609865470852016,0.3191489361702128,0.09955752212389381,0.15177065767284992,-0.16256972798610334
mmh0puch6r88f0,wsls,Ph 1,0.4199134199134199,0.09090909090909091,0.017241379310344827,0.028985507246376812,-0.26686024957568744
mmh0puch6r88f0,wsls,Ph 2,0.31512605042016806,0.6470588235294118,0.06547619047619048,0.11891891891891893,-0.03580574370197165
mmh0puch6r88f0,wsls,Ph 3,0.6222222222222222,0.16666666666666666,0.057971014492753624,0.08602150537634409,-0.10491348205125213
mmh0puch6r88f0,wsls,Ph 4,0.3888888888888889,0.358974358974359,0.2828282828282828,0.3163841807909605,-0.22739701341354882
mmh0puch6r88f0,generalized_matching_law,Full,0.624439461883408,0.5973377703826955,0.7942477876106194,0.6818613485280152,0.2604608561262025
mmh0puch6r88f0,generalized_matching_law,Ph 1,0.5930735930735931,0.5591397849462365,0.896551724137931,0.6887417218543046,0.23167051798120147
mmh0puch6r88f0,generalized_matching_law,Ph 2,0.7100840336134454,0.7124463519313304,0.9880952380952381,0.827930174563591,0.09834103168139038
mmh0puch6r88f0,generalized_matching_law,Ph 3,0.6844444444444444,0.4852941176470588,0.4782608695652174,0.48175182481751827,0.25494617736532266
mmh0puch6r88f0,generalized_matching_law,Ph 4,0.4898989898989899,0.49122807017543857,0.5656565656565656,0.5258215962441315,-0.020437977982832194
mmh0puch6r88f0,melioration,Full,0.6704035874439462,0.6771300448430493,0.668141592920354,0.6726057906458798,0.34083801887202697
mmh0puch6r88f0,melioration,Ph 1,0.683982683982684,0.6837606837606838,0.6896551724137931,0.6866952789699571,0.3679436249937795
mmh0puch6r88f0,melioration,Ph 2,0.7563025210084033,0.7806122448979592,0.9107142857142857,0.8406593406593407,0.35429990919555243
mmh0puch6r88f0,melioration,Ph 3,0.72,0.5714285714285714,0.34782608695652173,0.43243243243243246,0.2750744610645722
mmh0puch6r88f0,melioration,Ph 4,0.494949494949495,0.4945054945054945,0.45454545454545453,0.47368421052631576,-0.01013415202572354
mmh0puch6r88f0,kinetic,Full,0.5840807174887892,0.5975903614457831,0.5486725663716814,0.5720876585928489,0.1695217981154815
mmh0puch6r88f0,kinetic,Ph 1,0.48917748917748916,0.4936708860759494,0.6724137931034483,0.5693430656934306,-0.024991585285732226
mmh0puch6r88f0,kinetic,Ph 2,0.6638655462184874,0.7,0.9166666666666666,0.7938144329896907,-0.045133546692422005
mmh0puch6r88f0,kinetic,Ph 3,0.6711111111111111,0.43243243243243246,0.2318840579710145,0.3018867924528302,0.12099851783112706
mmh0puch6r88f0,kinetic,Ph 4,0.5,0.0,0.0,0.0,0.0
mmh0puch6r88f0,behavioral_momentum,Full,0.6636771300448431,0.6767441860465117,0.6438053097345132,0.6598639455782312,0.3280777279557503
mmh0puch6r88f0,behavioral_momentum,Ph 1,0.683982683982684,0.6747967479674797,0.7155172413793104,0.694560669456067,0.368465358342392
mmh0puch6r88f0,behavioral_momentum,Ph 2,0.7184873949579832,0.7224669603524229,0.9761904761904762,0.830379746835443,0.16534652713470965
mmh0puch6r88f0,behavioral_momentum,Ph 3,0.7288888888888889,0.7222222222222222,0.18840579710144928,0.2988505747126437,0.2657515744263798
mmh0puch6r88f0,behavioral_momentum,Ph 4,0.5,0.5,0.31313131313131315,0.38509316770186336,0.0
mmh0puch6r88f0,hill_climbing,Full,0.6076233183856502,0.6138392857142857,0.6084070796460177,0.6111111111111112,0.21520794856858655
mmh0puch6r88f0,hill_climbing,Ph 1,0.5800865800865801,0.5798319327731093,0.5948275862068966,0.5872340425531914,0.16011701036051956
mmh0puch6r88f0,hill_climbing,Ph 2,0.6470588235294118,0.7441860465116279,0.7619047619047619,0.7529411764705882,0.13570823627720457
mmh0puch6r88f0,hill_climbing,Ph 3,0.6488888888888888,0.421875,0.391304347826087,0.40601503759398494,0.1575275855182665
mmh0puch6r88f0,hill_climbing,Ph 4,0.5454545454545454,0.5483870967741935,0.5151515151515151,0.53125,0.09107651110783745
mmh0puch6r88f0,q_learning,Full,0.6704035874439462,0.6771300448430493,0.668141592920354,0.6726057906458798,0.34083801887202697
mmh0puch6r88f0,q_learning,Ph 1,0.683982683982684,0.6837606837606838,0.6896551724137931,0.6866952789699571,0.3679436249937795
mmh0puch6r88f0,q_learning,Ph 2,0.7563025210084033,0.7806122448979592,0.9107142857142857,0.8406593406593407,0.35429990919555243
mmh0puch6r88f0,q_learning,Ph 3,0.72,0.5714285714285714,0.34782608695652173,0.43243243243243246,0.2750744610645722
mmh0puch6r88f0,q_learning,Ph 4,0.494949494949495,0.4945054945054945,0.45454545454545453,0.47368421052631576,-0.01013415202572354
mmh0puch6r88f0,q_dual_alpha,Full,0.67152466367713,0.6778523489932886,0.6703539823008849,0.6740823136818688,0.343051070345803
mmh0puch6r88f0,q_dual_alpha,Ph 1,0.683982683982684,0.6837606837606838,0.6896551724137931,0.6866952789699571,0.3679436249937795
mmh0puch6r88f0,q_dual_alpha,Ph 2,0.7563025210084033,0.7806122448979592,0.9107142857142857,0.8406593406593407,0.35429990919555243
mmh0puch6r88f0,q_dual_alpha,Ph 3,0.72,0.5714285714285714,0.34782608695652173,0.43243243243243246,0.2750744610645722
mmh0puch6r88f0,q_dual_alpha,Ph 4,0.5,0.5,0.46464646464646464,0.4816753926701571,0.0
mmh0puch6r88f0,q_forgetting,Full,0.6322869955156951,0.6435185185185185,0.6150442477876106,0.6289592760180995,0.26515092690152486
mmh0puch6r88f0,q_forgetting,Ph 1,0.6320346320346321,0.6324786324786325,0.6379310344827587,0.6351931330472103,0.2640377846838002
mmh0puch6r88f0,q_forgetting,Ph 2,0.680672268907563,0.7613636363636364,0.7976190476190477,0.7790697674418605,0.20515413941440735
mmh0puch6r88f0,q_forgetting,Ph 3,0.6844444444444444,0.4782608695652174,0.3188405797101449,0.3826086956521739,0.188647339871823
mmh0puch6r88f0,q_forgetting,Ph 4,0.5151515151515151,0.5161290322580645,0.48484848484848486,0.5,0.030358837035945815
mmh0puch6r88f0,hmm_2state,Full,1.0,1.0,1.0,1.0,1.0
mmh0puch6r88f0,hmm_2state,Ph 1,1.0,1.0,1.0,1.0,1.0
mmh0puch6r88f0,hmm_2state,Ph 2,1.0,1.0,1.0,1.0,1.0
mmh0puch6r88f0,hmm_2state,Ph 3,1.0,1.0,1.0,1.0,1.0
mmh0puch6r88f0,hmm_2state,Ph 4,1.0,1.0,1.0,1.0,1.0
mmh0puch6r88f0,hmm_3state,Full,1.0,1.0,1.0,1.0,1.0
mmh0puch6r88f0,hmm_3state,Ph 1,1.0,1.0,1.0,1.0,1.0
mmh0puch6r88f0,hmm_3state,Ph 2,1.0,1.0,1.0,1.0,1.0
mmh0puch6r88f0,hmm_3state,Ph 3,1.0,1.0,1.0,1.0,1.0
mmh0puch6r88f0,hmm_3state,Ph 4,1.0,1.0,1.0,1.0,1.0
mmh0puch6r88f0,hmm_4state,Full,1.0,1.0,1.0,1.0,1.0
mmh0puch6r88f0,hmm_4state,Ph 1,1.0,1.0,1.0,1.0,1.0
mmh0puch6r88f0,hmm_4state,Ph 2,1.0,1.0,1.0,1.0,1.0
mmh0puch6r88f0,hmm_4state,Ph 3,1.0,1.0,1.0,1.0,1.0
mmh0puch6r88f0,hmm_4state,Ph 4,1.0,1.0,1.0,1.0,1.0
mmh0r154h7irg3,random,Full,0.4842820730671198,0.4842820730671198,1.0,0.6525472238122496,0.0
mmh0r154h7irg3,random,Ph 1,0.46774193548387094,0.46774193548387094,1.0,0.6373626373626373,0.0
mmh0r154h7irg3,random,Ph 2,0.5906040268456376,0.5906040268456376,1.0,0.7426160337552743,0.0
mmh0r154h7irg3,random,Ph 3,0.3967741935483871,0.3967741935483871,1.0,0.5681293302540416,0.0
mmh0r154h7irg3,random,Ph 4,0.48286604361370716,0.48286604361370716,1.0,0.6512605042016807,0.0
mmh0r154h7irg3,bias,Full,0.5157179269328802,0.0,0.0,0.0,0.0
mmh0r154h7irg3,bias,Ph 1,0.532258064516129,0.0,0.0,0.0,0.0
mmh0r154h7irg3,bias,Ph 2,0.40939597315436244,0.0,0.0,0.0,0.0
mmh0r154h7irg3,bias,Ph 3,0.603225806451613,0.0,0.0,0.0,0.0
mmh0r154h7irg3,bias,Ph 4,0.5171339563862928,0.0,0.0,0.0,0.0
mmh0r154h7irg3,wsls,Full,0.7468139337298216,0.8885714285714286,0.5456140350877193,0.6760869565217391,0.5262816939073472
mmh0r154h7irg3,wsls,Ph 1,0.6290322580645161,0.8157894736842105,0.2672413793103448,0.4025974025974026,0.29672657097000293
mmh0r154h7irg3,wsls,Ph 2,0.5939597315436241,0.8666666666666667,0.3693181818181818,0.5179282868525896,0.32558609697146934
mmh0r154h7irg3,wsls,Ph 3,0.8548387096774194,0.89,0.7235772357723578,0.7982062780269058,0.6957039658556705
mmh0r154h7irg3,wsls,Ph 4,0.8753894080996885,0.9197080291970803,0.8129032258064516,0.863013698630137,0.7543291379607775
mmh0r154h7irg3,generalized_matching_law,Full,0.7323704333050127,0.7827050997782705,0.6192982456140351,0.6914789422135161,0.47064882727197305
mmh0r154h7irg3,generalized_matching_law,Ph 1,0.6209677419354839,0.7391304347826086,0.29310344827586204,0.41975308641975306,0.25955559274684264
mmh0r154h7irg3,generalized_matching_law,Ph 2,0.7080536912751678,0.7089201877934272,0.8579545454545454,0.7763496143958869,0.38089425579332664
mmh0r154h7irg3,generalized_matching_law,Ph 3,0.7032258064516129,0.803921568627451,0.3333333333333333,0.47126436781609193,0.36929649013438015
mmh0r154h7irg3,generalized_matching_law,Ph 4,0.8691588785046729,0.900709219858156,0.8193548387096774,0.8581081081081081,0.740068223535776
mmh0r154h7irg3,melioration,Full,0.7323704333050127,0.7121464226289518,0.7508771929824561,0.730999146029035,0.46574378348467943
mmh0r154h7irg3,melioration,Ph 1,0.7056451612903226,0.6524822695035462,0.7931034482758621,0.7159533073929961,0.4250256229887503
mmh0r154h7irg3,melioration,Ph 2,0.7818791946308725,0.7361702127659574,0.9829545454545454,0.8418491484184915,0.571747368141142
mmh0r154h7irg3,melioration,Ph 3,0.7225806451612903,0.7402597402597403,0.4634146341463415,0.57,0.40361212484098097
mmh0r154h7irg3,melioration,Ph 4,0.7165109034267912,0.7162162162162162,0.6838709677419355,0.6996699669966997,0.43191776969311757
mmh0r154h7irg3,kinetic,Full,0.6567544604927783,0.6261398176291794,0.7228070175438597,0.6710097719869706,0.31961489310310365
mmh0r154h7irg3,kinetic,Ph 1,0.5766129032258065,0.5401459854014599,0.6379310344827587,0.5849802371541502,0.1612120029828606
mmh0r154h7irg3,kinetic,Ph 2,0.674496644295302,0.6513409961685823,0.9659090909090909,0.7780320366132724,0.3280594285022255
mmh0r154h7irg3,kinetic,Ph 3,0.6741935483870968,0.6122448979591837,0.4878048780487805,0.5429864253393665,0.2994481771180461
mmh0r154h7irg3,kinetic,Ph 4,0.6853582554517134,0.6666666666666666,0.6967741935483871,0.6813880126182965,0.37127103066042894
mmh0r154h7irg3,behavioral_momentum,Full,0.6440101954120646,0.6163328197226502,0.7017543859649122,0.6562756357670222,0.2929482701034254
mmh0r154h7irg3,behavioral_momentum,Ph 1,0.6935483870967742,0.625,0.8620689655172413,0.7246376811594203,0.4249788354074996
mmh0r154h7irg3,behavioral_momentum,Ph 2,0.6241610738255033,0.6111111111111112,1.0,0.7586206896551724,0.22381035427620102
mmh0r154h7irg3,behavioral_momentum,Ph 3,0.5709677419354838,0.42424242424242425,0.22764227642276422,0.2962962962962963,0.02920088914852281
mmh0r154h7irg3,behavioral_momentum,Ph 4,0.6947040498442367,0.7111111111111111,0.6193548387096774,0.6620689655172414,0.38913200557635386
mmh0r154h7irg3,hill_climbing,Full,0.8190314358538657,0.8115183246073299,0.8157894736842105,0.8136482939632546,0.6377712536863782
mmh0r154h7irg3,hill_climbing,Ph 1,0.8790322580645161,0.8583333333333333,0.8879310344827587,0.8728813559322034,0.7579560663748992
mmh0r154h7irg3,hill_climbing,Ph 2,0.8825503355704698,0.8652849740932642,0.9488636363636364,0.9051490514905149,0.7573428963300607
mmh0r154h7irg3,hill_climbing,Ph 3,0.8387096774193549,0.8476190476190476,0.7235772357723578,0.7807017543859649,0.6595278979410022
mmh0r154h7irg3,hill_climbing,Ph 4,0.6947040498442367,0.6838709677419355,0.6838709677419355,0.6838709677419355,0.38869024485036924
mmh0r154h7irg3,q_learning,Full,0.7323704333050127,0.7121464226289518,0.7508771929824561,0.730999146029035,0.46574378348467943
mmh0r154h7irg3,q_learning,Ph 1,0.7056451612903226,0.6524822695035462,0.7931034482758621,0.7159533073929961,0.4250256229887503
mmh0r154h7irg3,q_learning,Ph 2,0.7818791946308725,0.7361702127659574,0.9829545454545454,0.8418491484184915,0.571747368141142
mmh0r154h7irg3,q_learning,Ph 3,0.7225806451612903,0.7402597402597403,0.4634146341463415,0.57,0.40361212484098097
mmh0r154h7irg3,q_learning,Ph 4,0.7165109034267912,0.7162162162162162,0.6838709677419355,0.6996699669966997,0.43191776969311757
mmh0r154h7irg3,q_dual_alpha,Full,0.7366185216652507,0.7181208053691275,0.7508771929824561,0.7341337907375644,0.47391035815407523
mmh0r154h7irg3,q_dual_alpha,Ph 1,0.7137096774193549,0.6573426573426573,0.8103448275862069,0.7258687258687259,0.4434545101901834
mmh0r154h7irg3,q_dual_alpha,Ph 2,0.785234899328859,0.7434782608695653,0.9715909090909091,0.8423645320197044,0.5717731672716737
mmh0r154h7irg3,q_dual_alpha,Ph 3,0.7322580645161291,0.7631578947368421,0.4715447154471545,0.5829145728643216,0.42679895543260205
mmh0r154h7irg3,q_dual_alpha,Ph 4,0.7133956386292835,0.7142857142857143,0.6774193548387096,0.695364238410596,0.4256664816217772
mmh0r154h7irg3,q_forgetting,Full,0.6830926083262532,0.664440734557596,0.6982456140350877,0.6809238665526091,0.36698585732083955
mmh0r154h7irg3,q_forgetting,Ph 1,0.7016129032258065,0.647887323943662,0.7931034482758621,0.7131782945736435,0.41787857905349446
mmh0r154h7irg3,q_forgetting,Ph 2,0.7651006711409396,0.728448275862069,0.9602272727272727,0.8284313725490197,0.5255822516958571
mmh0r154h7irg3,q_forgetting,Ph 3,0.7064516129032258,0.6904761904761905,0.4715447154471545,0.5603864734299517,0.36599963954167597
mmh0r154h7irg3,q_forgetting,Ph 4,0.5700934579439252,0.5602836879432624,0.5096774193548387,0.5337837837837838,0.13711923938607015
mmh0r154h7irg3,hmm_2state,Full,0.8122344944774851,0.7234314980793854,0.9912280701754386,0.8364174685418209,0.6720350967291012
mmh0r154h7irg3,hmm_2state,Ph 1,0.6854838709677419,0.5989583333333334,0.9913793103448276,0.7467532467532467,0.4869455852663617
mmh0r154h7irg3,hmm_2state,Ph 2,0.9060402684563759,0.87,0.9886363636363636,0.925531914893617,0.8117122819539186
mmh0r154h7irg3,hmm_2state,Ph 3,0.7129032258064516,0.580952380952381,0.991869918699187,0.7327327327327328,0.5455520307789071
mmh0r154h7irg3,hmm_2state,Ph 4,0.9190031152647975,0.8603351955307262,0.9935483870967742,0.9221556886227545,0.8481036806077911
mmh0r154h7irg3,hmm_3state,Full,0.8122344944774851,0.7234314980793854,0.9912280701754386,0.8364174685418209,0.6720350967291012
mmh0r154h7irg3,hmm_3state,Ph 1,0.6854838709677419,0.5989583333333334,0.9913793103448276,0.7467532467532467,0.4869455852663617
mmh0r154h7irg3,hmm_3state,Ph 2,0.9060402684563759,0.87,0.9886363636363636,0.925531914893617,0.8117122819539186
mmh0r154h7irg3,hmm_3state,Ph 3,0.7129032258064516,0.580952380952381,0.991869918699187,0.7327327327327328,0.5455520307789071
mmh0r154h7irg3,hmm_3state,Ph 4,0.9190031152647975,0.8603351955307262,0.9935483870967742,0.9221556886227545,0.8481036806077911
mmh0r154h7irg3,hmm_4state,Full,0.8122344944774851,0.7234314980793854,0.9912280701754386,0.8364174685418209,0.6720350967291012
mmh0r154h7irg3,hmm_4state,Ph 1,0.6854838709677419,0.5989583333333334,0.9913793103448276,0.7467532467532467,0.4869455852663617
mmh0r154h7irg3,hmm_4state,Ph 2,0.9060402684563759,0.87,0.9886363636363636,0.925531914893617,0.8117122819539186
mmh0r154h7irg3,hmm_4state,Ph 3,0.7129032258064516,0.580952380952381,0.991869918699187,0.7327327327327328,0.5455520307789071
mmh0r154h7irg3,hmm_4state,Ph 4,0.9190031152647975,0.8603351955307262,0.9935483870967742,0.9221556886227545,0.8481036806077911
mmh0r34rqnesgg,random,Full,0.5130718954248366,0.5130718954248366,1.0,0.6781857451403888,0.0
mmh0r34rqnesgg,random,Ph 1,0.5314009661835749,0.5314009661835749,1.0,0.694006309148265,0.0
mmh0r34rqnesgg,random,Ph 2,0.6991150442477876,0.6991150442477876,1.0,0.8229166666666666,0.0
mmh0r34rqnesgg,random,Ph 3,0.30131004366812225,0.30131004366812225,1.0,0.46308724832214765,0.0
mmh0r34rqnesgg,random,Ph 4,0.5234375,0.5234375,1.0,0.6871794871794872,0.0
mmh0r34rqnesgg,bias,Full,0.4869281045751634,0.0,0.0,0.0,0.0
mmh0r34rqnesgg,bias,Ph 1,0.46859903381642515,0.0,0.0,0.0,0.0
mmh0r34rqnesgg,bias,Ph 2,0.3008849557522124,0.0,0.0,0.0,0.0
mmh0r34rqnesgg,bias,Ph 3,0.6986899563318777,0.0,0.0,0.0,0.0
mmh0r34rqnesgg,bias,Ph 4,0.4765625,0.0,0.0,0.0,0.0
mmh0r34rqnesgg,wsls,Full,0.47276688453159044,0.46859903381642515,0.2059447983014862,0.2861356932153392,-0.048009138570754284
mmh0r34rqnesgg,wsls,Ph 1,0.45410628019323673,0.42857142857142855,0.08181818181818182,0.13740458015267176,-0.06924034034462014
mmh0r34rqnesgg,wsls,Ph 2,0.3008849557522124,0.5,0.0949367088607595,0.1595744680851064,-0.16984865245963138
mmh0r34rqnesgg,wsls,Ph 3,0.6943231441048034,0.48484848484848486,0.2318840579710145,0.3137254901960784,0.1641371615238428
mmh0r34rqnesgg,wsls,Ph 4,0.44140625,0.4634146341463415,0.4253731343283582,0.44357976653696496,-0.11557159671566845
mmh0r34rqnesgg,generalized_matching_law,Full,0.673202614379085,0.6777546777546778,0.692144373673036,0.6848739495798319,0.34566744662290805
mmh0r34rqnesgg,generalized_matching_law,Ph 1,0.6473429951690821,0.6370370370370371,0.7818181818181819,0.7020408163265306,0.28986849187251035
mmh0r34rqnesgg,generalized_matching_law,Ph 2,0.7433628318584071,0.7577319587628866,0.930379746835443,0.8352272727272727,0.3146837155674232
mmh0r34rqnesgg,generalized_matching_law,Ph 3,0.7554585152838428,0.6585365853658537,0.391304347826087,0.4909090909090909,0.36358643229345716
mmh0r34rqnesgg,generalized_matching_law,Ph 4,0.55859375,0.5945945945945946,0.4925373134328358,0.5387755102040817,0.12465317542246733
mmh0r34rqnesgg,melioration,Full,0.7777777777777778,0.7986577181208053,0.7579617834394905,0.7777777777777778,0.5566195015602958
mmh0r34rqnesgg,melioration,Ph 1,0.8454106280193237,0.8421052631578947,0.8727272727272727,0.8571428571428571,0.6893604233281412
mmh0r34rqnesgg,melioration,Ph 2,0.8716814159292036,0.8862275449101796,0.9367088607594937,0.9107692307692308,0.6863734437210319
mmh0r34rqnesgg,melioration,Ph 3,0.8558951965065502,0.86,0.6231884057971014,0.7226890756302521,0.6435470388961182
mmh0r34rqnesgg,melioration,Ph 4,0.5703125,0.603448275862069,0.5223880597014925,0.56,0.1458213482413979
mmh0r34rqnesgg,kinetic,Full,0.6786492374727668,0.6973094170403588,0.6602972399150743,0.678298800436205,0.3583050910129981
mmh0r34rqnesgg,kinetic,Ph 1,0.6280193236714976,0.6240601503759399,0.7545454545454545,0.6831275720164609,0.24893534752670812
mmh0r34rqnesgg,kinetic,Ph 2,0.7743362831858407,0.786096256684492,0.930379746835443,0.8521739130434782,0.41527845115179646
mmh0r34rqnesgg,kinetic,Ph 3,0.7729257641921398,0.7931034482758621,0.3333333333333333,0.46938775510204084,0.40814797575749723
mmh0r34rqnesgg,kinetic,Ph 4,0.55078125,0.5979381443298969,0.43283582089552236,0.5021645021645021,0.11650779543247484
mmh0r34rqnesgg,behavioral_momentum,Full,0.6830065359477124,0.7073732718894009,0.6518046709129511,0.6784530386740332,0.368109077529298
mmh0r34rqnesgg,behavioral_momentum,Ph 1,0.7536231884057971,0.7153284671532847,0.8909090909090909,0.7935222672064778,0.5156393703663442
mmh0r34rqnesgg,behavioral_momentum,Ph 2,0.7477876106194691,0.7463414634146341,0.9683544303797469,0.8429752066115702,0.32171976287819143
mmh0r34rqnesgg,behavioral_momentum,Ph 3,0.7292576419213974,0.8181818181818182,0.13043478260869565,0.225,0.2530473876217705
mmh0r34rqnesgg,behavioral_momentum,Ph 4,0.52734375,0.5802469135802469,0.35074626865671643,0.4372093023255814,0.07738404764328217
mmh0r34rqnesgg,hill_climbing,Full,0.7625272331154684,0.7804878048780488,0.7473460721868365,0.7635574837310195,0.5257696804372933
mmh0r34rqnesgg,hill_climbing,Ph 1,0.821256038647343,0.8288288288288288,0.8363636363636363,0.832579185520362,0.6409079501633509
mmh0r34rqnesgg,hill_climbing,Ph 2,0.8451327433628318,0.8682634730538922,0.9177215189873418,0.8923076923076924,0.6204769278837536
mmh0r34rqnesgg,hill_climbing,Ph 3,0.8646288209606987,0.7794117647058824,0.7681159420289855,0.7737226277372263,0.6771934845854737
mmh0r34rqnesgg,hill_climbing,Ph 4,0.55078125,0.5904761904761905,0.4626865671641791,0.5188284518828452,0.11192815601555488
mmh0r34rqnesgg,q_learning,Full,0.7777777777777778,0.7986577181208053,0.7579617834394905,0.7777777777777778,0.5566195015602958
mmh0r34rqnesgg,q_learning,Ph 1,0.8454106280193237,0.8421052631578947,0.8727272727272727,0.8571428571428571,0.6893604233281412
mmh0r34rqnesgg,q_learning,Ph 2,0.8716814159292036,0.8862275449101796,0.9367088607594937,0.9107692307692308,0.6863734437210319
mmh0r34rqnesgg,q_learning,Ph 3,0.8558951965065502,0.86,0.6231884057971014,0.7226890756302521,0.6435470388961182
mmh0r34rqnesgg,q_learning,Ph 4,0.5703125,0.603448275862069,0.5223880597014925,0.56,0.1458213482413979
mmh0r34rqnesgg,q_dual_alpha,Full,0.7788671023965141,0.7991071428571429,0.7600849256900213,0.779107725788901,0.5587121265431456
mmh0r34rqnesgg,q_dual_alpha,Ph 1,0.855072463768116,0.8571428571428571,0.8727272727272727,0.8648648648648649,0.7087759252519882
mmh0r34rqnesgg,q_dual_alpha,Ph 2,0.8716814159292036,0.8862275449101796,0.9367088607594937,0.9107692307692308,0.6863734437210319
mmh0r34rqnesgg,q_dual_alpha,Ph 3,0.8558951965065502,0.86,0.6231884057971014,0.7226890756302521,0.6435470388961182
mmh0r34rqnesgg,q_dual_alpha,Ph 4,0.56640625,0.5966386554621849,0.5298507462686567,0.5612648221343873,0.13659625236042935
mmh0r34rqnesgg,q_forgetting,Full,0.8104575163398693,0.8307349665924276,0.7919320594479831,0.8108695652173913,0.6218447120032843
mmh0r34rqnesgg,q_forgetting,Ph 1,0.8647342995169082,0.8596491228070176,0.8909090909090909,0.875,0.7282850298826761
mmh0r34rqnesgg,q_forgetting,Ph 2,0.8893805309734514,0.9079754601226994,0.9367088607594937,0.9221183800623053,0.7324957432369286
mmh0r34rqnesgg,q_forgetting,Ph 3,0.8646288209606987,0.8275862068965517,0.6956521739130435,0.7559055118110236,0.6680063441819467
mmh0r34rqnesgg,q_forgetting,Ph 4,0.6484375,0.6929824561403509,0.5895522388059702,0.6370967741935484,0.3041590748727413
mmh0r34rqnesgg,hmm_2state,Full,1.0,1.0,1.0,1.0,1.0
mmh0r34rqnesgg,hmm_2state,Ph 1,1.0,1.0,1.0,1.0,1.0
mmh0r34rqnesgg,hmm_2state,Ph 2,1.0,1.0,1.0,1.0,1.0
mmh0r34rqnesgg,hmm_2state,Ph 3,1.0,1.0,1.0,1.0,1.0
mmh0r34rqnesgg,hmm_2state,Ph 4,1.0,1.0,1.0,1.0,1.0
mmh0r34rqnesgg,hmm_3state,Full,1.0,1.0,1.0,1.0,1.0
mmh0r34rqnesgg,hmm_3state,Ph 1,1.0,1.0,1.0,1.0,1.0
mmh0r34rqnesgg,hmm_3state,Ph 2,1.0,1.0,1.0,1.0,1.0
mmh0r34rqnesgg,hmm_3state,Ph 3,1.0,1.0,1.0,1.0,1.0
mmh0r34rqnesgg,hmm_3state,Ph 4,1.0,1.0,1.0,1.0,1.0
mmh0r34rqnesgg,hmm_4state,Full,1.0,1.0,1.0,1.0,1.0
mmh0r34rqnesgg,hmm_4state,Ph 1,1.0,1.0,1.0,1.0,1.0
mmh0r34rqnesgg,hmm_4state,Ph 2,1.0,1.0,1.0,1.0,1.0
mmh0r34rqnesgg,hmm_4state,Ph 3,1.0,1.0,1.0,1.0,1.0
mmh0r34rqnesgg,hmm_4state,Ph 4,1.0,1.0,1.0,1.0,1.0
mmh0rqn6g1cadb,random,Full,0.5022970903522205,0.5022970903522205,1.0,0.6687054026503568,0.0
mmh0rqn6g1cadb,random,Ph 1,0.5,0.5,1.0,0.6666666666666666,0.0
mmh0rqn6g1cadb,random,Ph 2,0.6181818181818182,0.6181818181818182,1.0,0.7640449438202247,0.0
mmh0rqn6g1cadb,random,Ph 3,0.39267015706806285,0.39267015706806285,1.0,0.5639097744360902,0.0
mmh0rqn6g1cadb,random,Ph 4,0.5179856115107914,0.5179856115107914,1.0,0.6824644549763034,0.0
mmh0rqn6g1cadb,bias,Full,0.49770290964777947,0.0,0.0,0.0,0.0
mmh0rqn6g1cadb,bias,Ph 1,0.5,0.0,0.0,0.0,0.0
mmh0rqn6g1cadb,bias,Ph 2,0.38181818181818183,0.0,0.0,0.0,0.0
mmh0rqn6g1cadb,bias,Ph 3,0.6073298429319371,0.0,0.0,0.0,0.0
mmh0rqn6g1cadb,bias,Ph 4,0.48201438848920863,0.0,0.0,0.0,0.0
mmh0rqn6g1cadb,wsls,Full,0.44869831546707506,0.2894736842105263,0.06707317073170732,0.10891089108910891,-0.1544802124680144
mmh0rqn6g1cadb,wsls,Ph 1,0.4620253164556962,0.25,0.0379746835443038,0.06593406593406594,-0.14334554477024897
mmh0rqn6g1cadb,wsls,Ph 2,0.38181818181818183,0.5,0.00980392156862745,0.019230769230769232,-0.026945450341073863
mmh0rqn6g1cadb,wsls,Ph 3,0.581151832460733,0.3684210526315789,0.09333333333333334,0.14893617021276595,-0.016503726652784993
mmh0rqn6g1cadb,wsls,Ph 4,0.33093525179856115,0.2558139534883721,0.1527777777777778,0.19130434782608696,-0.35115228808291715
mmh0rqn6g1cadb,generalized_matching_law,Full,0.6140888208269525,0.5969387755102041,0.7134146341463414,0.65,0.23197427354964784
mmh0rqn6g1cadb,generalized_matching_law,Ph 1,0.6708860759493671,0.6238532110091743,0.8607594936708861,0.723404255319149,0.3694472814424441
mmh0rqn6g1cadb,generalized_matching_law,Ph 2,0.6181818181818182,0.6196319018404908,0.9901960784313726,0.7622641509433963,0.026945450341073863
mmh0rqn6g1cadb,generalized_matching_law,Ph 3,0.5968586387434555,0.4791666666666667,0.30666666666666664,0.37398373983739835,0.10261832548081382
mmh0rqn6g1cadb,generalized_matching_law,Ph 4,0.5683453237410072,0.5833333333333334,0.5833333333333334,0.5833333333333334,0.13557213930348258
mmh0rqn6g1cadb,melioration,Full,0.6799387442572741,0.6950819672131148,0.6463414634146342,0.669826224328594,0.3609672817368683
mmh0rqn6g1cadb,melioration,Ph 1,0.7341772151898734,0.7846153846153846,0.6455696202531646,0.7083333333333334,0.4758867044795574
mmh0rqn6g1cadb,melioration,Ph 2,0.6363636363636364,0.6381578947368421,0.9509803921568627,0.7637795275590551,0.1405963011014833
mmh0rqn6g1cadb,melioration,Ph 3,0.675392670157068,0.8421052631578947,0.21333333333333335,0.3404255319148936,0.30588157012150363
mmh0rqn6g1cadb,melioration,Ph 4,0.6762589928057554,0.6956521739130435,0.6666666666666666,0.6808510638297872,0.3530143627718688
mmh0rqn6g1cadb,kinetic,Full,0.6064318529862175,0.6319702602230484,0.5182926829268293,0.5695142378559463,0.21706771474184067
mmh0rqn6g1cadb,kinetic,Ph 1,0.620253164556962,0.6666666666666666,0.4810126582278481,0.5588235294117647,0.2504122014340809
mmh0rqn6g1cadb,kinetic,Ph 2,0.6,0.6475409836065574,0.7745098039215687,0.7053571428571429,0.10178949907968217
mmh0rqn6g1cadb,kinetic,Ph 3,0.6282722513089005,0.5714285714285714,0.21333333333333335,0.3106796116504854,0.15171392637557912
mmh0rqn6g1cadb,kinetic,Ph 4,0.5683453237410072,0.5967741935483871,0.5138888888888888,0.5522388059701493,0.14148972985058156
mmh0rqn6g1cadb,behavioral_momentum,Full,0.6324655436447167,0.6617647058823529,0.5487804878048781,0.6,0.269481554255458
mmh0rqn6g1cadb,behavioral_momentum,Ph 1,0.6582278481012658,0.711864406779661,0.5316455696202531,0.6086956521739131,0.32711194665785814
mmh0rqn6g1cadb,behavioral_momentum,Ph 2,0.6363636363636364,0.6458333333333334,0.9117647058823529,0.7560975609756098,0.1490404370881327
mmh0rqn6g1cadb,behavioral_momentum,Ph 3,0.6335078534031413,0.6190476190476191,0.17333333333333334,0.2708333333333333,0.16292664484318806
mmh0rqn6g1cadb,behavioral_momentum,Ph 4,0.5971223021582733,0.6666666666666666,0.4444444444444444,0.5333333333333333,0.216105941716237
mmh0rqn6g1cadb,hill_climbing,Full,0.8116385911179173,0.8253968253968254,0.7926829268292683,0.8087091757387247,0.62383265940847
mmh0rqn6g1cadb,hill_climbing,Ph 1,0.930379746835443,0.9473684210526315,0.9113924050632911,0.9290322580645162,0.8613808062948379
mmh0rqn6g1cadb,hill_climbing,Ph 2,0.8909090909090909,0.92,0.9019607843137255,0.9108910891089109,0.7705526242201263
mmh0rqn6g1cadb,hill_climbing,Ph 3,0.743455497382199,0.6911764705882353,0.6266666666666667,0.6573426573426573,0.4544950552668478
mmh0rqn6g1cadb,hill_climbing,Ph 4,0.6762589928057554,0.6901408450704225,0.6805555555555556,0.6853146853146853,0.35205141854492694
mmh0rqn6g1cadb,q_learning,Full,0.6799387442572741,0.6950819672131148,0.6463414634146342,0.669826224328594,0.3609672817368683
mmh0rqn6g1cadb,q_learning,Ph 1,0.7341772151898734,0.7846153846153846,0.6455696202531646,0.7083333333333334,0.4758867044795574
mmh0rqn6g1cadb,q_learning,Ph 2,0.6363636363636364,0.6381578947368421,0.9509803921568627,0.7637795275590551,0.1405963011014833
mmh0rqn6g1cadb,q_learning,Ph 3,0.675392670157068,0.8421052631578947,0.21333333333333335,0.3404255319148936,0.30588157012150363
mmh0rqn6g1cadb,q_learning,Ph 4,0.6762589928057554,0.6956521739130435,0.6666666666666666,0.6808510638297872,0.3530143627718688
mmh0rqn6g1cadb,q_dual_alpha,Full,0.6799387442572741,0.6950819672131148,0.6463414634146342,0.669826224328594,0.3609672817368683
mmh0rqn6g1cadb,q_dual_alpha,Ph 1,0.7341772151898734,0.7846153846153846,0.6455696202531646,0.7083333333333334,0.4758867044795574
mmh0rqn6g1cadb,q_dual_alpha,Ph 2,0.6363636363636364,0.6381578947368421,0.9509803921568627,0.7637795275590551,0.1405963011014833
mmh0rqn6g1cadb,q_dual_alpha,Ph 3,0.675392670157068,0.8421052631578947,0.21333333333333335,0.3404255319148936,0.30588157012150363
mmh0rqn6g1cadb,q_dual_alpha,Ph 4,0.6762589928057554,0.6956521739130435,0.6666666666666666,0.6808510638297872,0.3530143627718688
mmh0rqn6g1cadb,q_forgetting,Full,0.7917304747320061,0.8076923076923077,0.7682926829268293,0.7875,0.5842475742640963
mmh0rqn6g1cadb,q_forgetting,Ph 1,0.9240506329113924,0.935064935064935,0.9113924050632911,0.9230769230769231,0.8483731803106381
mmh0rqn6g1cadb,q_forgetting,Ph 2,0.8363636363636363,0.8504672897196262,0.8921568627450981,0.8708133971291866,0.6494018523274246
mmh0rqn6g1cadb,q_forgetting,Ph 3,0.7068062827225131,0.6507936507936508,0.5466666666666666,0.5942028985507246,0.37082291671255235
mmh0rqn6g1cadb,q_forgetting,Ph 4,0.7050359712230215,0.7384615384615385,0.6666666666666666,0.7007299270072993,0.413535832117025
mmh0rqn6g1cadb,hmm_2state,Full,0.6110260336906586,0.9868421052631579,0.22865853658536586,0.3712871287128713,0.3517123337642816
mmh0rqn6g1cadb,hmm_2state,Ph 1,0.569620253164557,1.0,0.13924050632911392,0.24444444444444444,0.2735506022160966
mmh0rqn6g1cadb,hmm_2state,Ph 2,0.3939393939393939,1.0,0.0196078431372549,0.038461538461538464,0.0870545318711617
mmh0rqn6g1cadb,hmm_2state,Ph 3,0.7068062827225131,1.0,0.25333333333333335,0.40425531914893614,0.4133433357129332
mmh0rqn6g1cadb,hmm_2state,Ph 4,0.7841726618705036,0.9772727272727273,0.5972222222222222,0.7413793103448276,0.6255470044734578
mmh0rqn6g1cadb,hmm_3state,Full,0.6110260336906586,0.9868421052631579,0.22865853658536586,0.3712871287128713,0.3517123337642816
mmh0rqn6g1cadb,hmm_3state,Ph 1,0.569620253164557,1.0,0.13924050632911392,0.24444444444444444,0.2735506022160966
mmh0rqn6g1cadb,hmm_3state,Ph 2,0.3939393939393939,1.0,0.0196078431372549,0.038461538461538464,0.0870545318711617
mmh0rqn6g1cadb,hmm_3state,Ph 3,0.7068062827225131,1.0,0.25333333333333335,0.40425531914893614,0.4133433357129332
mmh0rqn6g1cadb,hmm_3state,Ph 4,0.7841726618705036,0.9772727272727273,0.5972222222222222,0.7413793103448276,0.6255470044734578
mmh0rqn6g1cadb,hmm_4state,Full,0.6110260336906586,0.9868421052631579,0.22865853658536586,0.3712871287128713,0.3517123337642816
mmh0rqn6g1cadb,hmm_4state,Ph 1,0.569620253164557,1.0,0.13924050632911392,0.24444444444444444,0.2735506022160966
mmh0rqn6g1cadb,hmm_4state,Ph 2,0.3939393939393939,1.0,0.0196078431372549,0.038461538461538464,0.0870545318711617
mmh0rqn6g1cadb,hmm_4state,Ph 3,0.7068062827225131,1.0,0.25333333333333335,0.40425531914893614,0.4133433357129332
mmh0rqn6g1cadb,hmm_4state,Ph 4,0.7841726618705036,0.9772727272727273,0.5972222222222222,0.7413793103448276,0.6255470044734578
mmh0tro0khha5x,random,Full,0.4842105263157895,0.4842105263157895,1.0,0.6524822695035462,0.0
mmh0tro0khha5x,random,Ph 1,0.47058823529411764,0.47058823529411764,1.0,0.64,0.0
mmh0tro0khha5x,random,Ph 2,0.6733870967741935,0.6733870967741935,1.0,0.8048192771084337,0.0
mmh0tro0khha5x,random,Ph 3,0.3360323886639676,0.3360323886639676,1.0,0.503030303030303,0.0
mmh0tro0khha5x,random,Ph 4,0.4541832669322709,0.4541832669322709,1.0,0.6246575342465753,0.0
mmh0tro0khha5x,bias,Full,0.5157894736842106,0.0,0.0,0.0,0.0
mmh0tro0khha5x,bias,Ph 1,0.5294117647058824,0.0,0.0,0.0,0.0
mmh0tro0khha5x,bias,Ph 2,0.32661290322580644,0.0,0.0,0.0,0.0
mmh0tro0khha5x,bias,Ph 3,0.6639676113360324,0.0,0.0,0.0,0.0
mmh0tro0khha5x,bias,Ph 4,0.545816733067729,0.0,0.0,0.0,0.0
mmh0tro0khha5x,wsls,Full,0.6652631578947369,0.8141592920353983,0.4,0.5364431486880467,0.3688740414769373
mmh0tro0khha5x,wsls,Ph 1,0.5441176470588235,0.6153846153846154,0.08333333333333333,0.14678899082568808,0.0756824827061796
mmh0tro0khha5x,wsls,Ph 2,0.5564516129032258,0.9130434782608695,0.3772455089820359,0.5338983050847458,0.3172765419330767
mmh0tro0khha5x,wsls,Ph 3,0.7651821862348178,0.7659574468085106,0.43373493975903615,0.5538461538461539,0.441227601952827
mmh0tro0khha5x,wsls,Ph 4,0.7729083665338645,0.7938144329896907,0.6754385964912281,0.7298578199052133,0.5413698372559029
mmh0tro0khha5x,generalized_matching_law,Full,0.6326315789473684,0.6061185468451242,0.6891304347826087,0.6449643947100712,0.2699702047189989
mmh0tro0khha5x,generalized_matching_law,Ph 1,0.5049019607843137,0.48344370860927155,0.7604166666666666,0.5910931174089069,0.043473167372466405
mmh0tro0khha5x,generalized_matching_law,Ph 2,0.6935483870967742,0.7791411042944786,0.7604790419161677,0.7696969696969697,0.3122713271391954
mmh0tro0khha5x,generalized_matching_law,Ph 3,0.7327935222672065,0.6491228070175439,0.4457831325301205,0.5285714285714286,0.3630499550474115
mmh0tro0khha5x,generalized_matching_law,Ph 4,0.5776892430278885,0.5263157894736842,0.7017543859649122,0.6015037593984962,0.17951317533571282
mmh0tro0khha5x,melioration,Full,0.6621052631578948,0.6457023060796646,0.6695652173913044,0.6574172892209178,0.32450821041697625
mmh0tro0khha5x,melioration,Ph 1,0.5588235294117647,0.5241935483870968,0.6770833333333334,0.5909090909090909,0.13370768181232984
mmh0tro0khha5x,melioration,Ph 2,0.6774193548387096,0.7880794701986755,0.7125748502994012,0.7484276729559748,0.3051322295598354
mmh0tro0khha5x,melioration,Ph 3,0.7894736842105263,0.7818181818181819,0.5180722891566265,0.6231884057971014,0.5051181072427422
mmh0tro0khha5x,melioration,Ph 4,0.6055776892430279,0.5510204081632653,0.7105263157894737,0.6206896551724138,0.23123042101663865
mmh0tro0khha5x,kinetic,Full,0.6242105263157894,0.604040404040404,0.65,0.6261780104712041,0.2500971062378822
mmh0tro0khha5x,kinetic,Ph 1,0.5049019607843137,0.47863247863247865,0.5833333333333334,0.5258215962441315,0.018689650379163557
mmh0tro0khha5x,kinetic,Ph 2,0.657258064516129,0.7662337662337663,0.7065868263473054,0.735202492211838,0.2534041359887286
mmh0tro0khha5x,kinetic,Ph 3,0.7530364372469636,0.6896551724137931,0.4819277108433735,0.5673758865248227,0.4147241410855034
mmh0tro0khha5x,kinetic,Ph 4,0.5617529880478087,0.5120481927710844,0.7456140350877193,0.6071428571428571,0.1624130769583915
mmh0tro0khha5x,behavioral_momentum,Full,0.6494736842105263,0.6383442265795207,0.6369565217391304,0.6376496191512514,0.2982015185557786
mmh0tro0khha5x,behavioral_momentum,Ph 1,0.5294117647058824,0.5,0.6145833333333334,0.5514018691588785,0.06902327061437258
mmh0tro0khha5x,behavioral_momentum,Ph 2,0.7258064516129032,0.7894736842105263,0.8083832335329342,0.7988165680473372,0.3688804788504913
mmh0tro0khha5x,behavioral_momentum,Ph 3,0.7489878542510121,0.8620689655172413,0.30120481927710846,0.44642857142857145,0.4061838747219192
mmh0tro0khha5x,behavioral_momentum,Ph 4,0.5737051792828686,0.524822695035461,0.6491228070175439,0.5803921568627451,0.16062805495469598
mmh0tro0khha5x,hill_climbing,Full,0.7157894736842105,0.701271186440678,0.7195652173913043,0.7103004291845494,0.43160336290490176
mmh0tro0khha5x,hill_climbing,Ph 1,0.7696078431372549,0.7525773195876289,0.7604166666666666,0.7564766839378239,0.5379091708964464
mmh0tro0khha5x,hill_climbing,Ph 2,0.7580645161290323,0.8496732026143791,0.7784431137724551,0.8125,0.47703795314243985
mmh0tro0khha5x,hill_climbing,Ph 3,0.8461538461538461,0.8260869565217391,0.6867469879518072,0.75,0.6459441492976663
mmh0tro0khha5x,hill_climbing,Ph 4,0.50199203187251,0.46405228758169936,0.6228070175438597,0.5318352059925093,0.024766677412087205
mmh0tro0khha5x,q_learning,Full,0.6621052631578948,0.6457023060796646,0.6695652173913044,0.6574172892209178,0.32450821041697625
mmh0tro0khha5x,q_learning,Ph 1,0.5588235294117647,0.5241935483870968,0.6770833333333334,0.5909090909090909,0.13370768181232984
mmh0tro0khha5x,q_learning,Ph 2,0.6774193548387096,0.7880794701986755,0.7125748502994012,0.7484276729559748,0.3051322295598354
mmh0tro0khha5x,q_learning,Ph 3,0.7894736842105263,0.7818181818181819,0.5180722891566265,0.6231884057971014,0.5051181072427422
mmh0tro0khha5x,q_learning,Ph 4,0.6055776892430279,0.5510204081632653,0.7105263157894737,0.6206896551724138,0.23123042101663865
mmh0tro0khha5x,q_dual_alpha,Full,0.6621052631578948,0.6457023060796646,0.6695652173913044,0.6574172892209178,0.32450821041697625
mmh0tro0khha5x,q_dual_alpha,Ph 1,0.5588235294117647,0.5241935483870968,0.6770833333333334,0.5909090909090909,0.13370768181232984
mmh0tro0khha5x,q_dual_alpha,Ph 2,0.6774193548387096,0.7880794701986755,0.7125748502994012,0.7484276729559748,0.3051322295598354
mmh0tro0khha5x,q_dual_alpha,Ph 3,0.7894736842105263,0.7818181818181819,0.5180722891566265,0.6231884057971014,0.5051181072427422
mmh0tro0khha5x,q_dual_alpha,Ph 4,0.6055776892430279,0.5510204081632653,0.7105263157894737,0.6206896551724138,0.23123042101663865
mmh0tro0khha5x,q_forgetting,Full,0.6494736842105263,0.6359743040685225,0.6456521739130435,0.6407766990291263,0.29860677216406745
mmh0tro0khha5x,q_forgetting,Ph 1,0.5735294117647058,0.5378151260504201,0.6666666666666666,0.5953488372093023,0.15936381457791915
mmh0tro0khha5x,q_forgetting,Ph 2,0.6774193548387096,0.7843137254901961,0.718562874251497,0.75,0.30017233439625196
mmh0tro0khha5x,q_forgetting,Ph 3,0.7894736842105263,0.7818181818181819,0.5180722891566265,0.6231884057971014,0.5051181072427422
mmh0tro0khha5x,q_forgetting,Ph 4,0.545816733067729,0.5,0.6140350877192983,0.5511811023622047,0.10334456928216097
mmh0tro0khha5x,hmm_2state,Full,0.7589473684210526,0.9391634980988594,0.5369565217391304,0.6832641770401107,0.5632648642828487
mmh0tro0khha5x,hmm_2state,Ph 1,0.6078431372549019,0.7352941176470589,0.2604166666666667,0.38461538461538464,0.23717082451262844
mmh0tro0khha5x,hmm_2state,Ph 2,0.625,0.9868421052631579,0.4491017964071856,0.6172839506172839,0.44429223396914486
mmh0tro0khha5x,hmm_2state,Ph 3,0.8421052631578947,0.8928571428571429,0.6024096385542169,0.7194244604316546,0.6383102919643165
mmh0tro0khha5x,hmm_2state,Ph 4,0.9322709163346613,1.0,0.8508771929824561,0.919431279620853,0.87002827032213
mmh0tro0khha5x,hmm_3state,Full,0.7589473684210526,0.9391634980988594,0.5369565217391304,0.6832641770401107,0.5632648642828487
mmh0tro0khha5x,hmm_3state,Ph 1,0.6078431372549019,0.7352941176470589,0.2604166666666667,0.38461538461538464,0.23717082451262844
mmh0tro0khha5x,hmm_3state,Ph 2,0.625,0.9868421052631579,0.4491017964071856,0.6172839506172839,0.44429223396914486
mmh0tro0khha5x,hmm_3state,Ph 3,0.8421052631578947,0.8928571428571429,0.6024096385542169,0.7194244604316546,0.6383102919643165
mmh0tro0khha5x,hmm_3state,Ph 4,0.9322709163346613,1.0,0.8508771929824561,0.919431279620853,0.87002827032213
mmh0tro0khha5x,hmm_4state,Full,0.7589473684210526,0.9391634980988594,0.5369565217391304,0.6832641770401107,0.5632648642828487
mmh0tro0khha5x,hmm_4state,Ph 1,0.6078431372549019,0.7352941176470589,0.2604166666666667,0.38461538461538464,0.23717082451262844
mmh0tro0khha5x,hmm_4state,Ph 2,0.625,0.9868421052631579,0.4491017964071856,0.6172839506172839,0.44429223396914486
mmh0tro0khha5x,hmm_4state,Ph 3,0.8421052631578947,0.8928571428571429,0.6024096385542169,0.7194244604316546,0.6383102919643165
mmh0tro0khha5x,hmm_4state,Ph 4,0.9322709163346613,1.0,0.8508771929824561,0.919431279620853,0.87002827032213
mmh0uacrkmrg83,random,Full,0.5194986072423399,0.5194986072423399,1.0,0.6837763519706691,0.0
mmh0uacrkmrg83,random,Ph 1,0.4968944099378882,0.4968944099378882,1.0,0.6639004149377593,0.0
mmh0uacrkmrg83,random,Ph 2,0.7807486631016043,0.7807486631016043,1.0,0.8768768768768769,0.0
mmh0uacrkmrg83,random,Ph 3,0.3476190476190476,0.3476190476190476,1.0,0.5159010600706714,0.0
mmh0uacrkmrg83,random,Ph 4,0.4625,0.4625,1.0,0.6324786324786325,0.0
mmh0uacrkmrg83,bias,Full,0.4805013927576602,0.0,0.0,0.0,0.0
mmh0uacrkmrg83,bias,Ph 1,0.5031055900621118,0.0,0.0,0.0,0.0
mmh0uacrkmrg83,bias,Ph 2,0.2192513368983957,0.0,0.0,0.0,0.0
mmh0uacrkmrg83,bias,Ph 3,0.6523809523809524,0.0,0.0,0.0,0.0
mmh0uacrkmrg83,bias,Ph 4,0.5375,0.0,0.0,0.0,0.0
mmh0uacrkmrg83,wsls,Full,0.5222841225626741,0.6229508196721312,0.2037533512064343,0.30707070707070705,0.0936821931384424
mmh0uacrkmrg83,wsls,Ph 1,0.5403726708074534,0.6666666666666666,0.15,0.24489795918367346,0.12046845166258749
mmh0uacrkmrg83,wsls,Ph 2,0.25668449197860965,0.7058823529411765,0.0821917808219178,0.147239263803681,-0.05722155813738295
mmh0uacrkmrg83,wsls,Ph 3,0.6952380952380952,0.6666666666666666,0.2465753424657534,0.36,0.2573412619236852
mmh0uacrkmrg83,wsls,Ph 4,0.5875,0.5666666666666667,0.4594594594594595,0.5074626865671642,0.16183009509158602
mmh0uacrkmrg83,generalized_matching_law,Full,0.7409470752089137,0.7633802816901408,0.7265415549597856,0.7445054945054945,0.48272580222734796
mmh0uacrkmrg83,generalized_matching_law,Ph 1,0.8633540372670807,0.8452380952380952,0.8875,0.8658536585365854,0.7276802630843124
mmh0uacrkmrg83,generalized_matching_law,Ph 2,0.7647058823529411,0.8227848101265823,0.8904109589041096,0.8552631578947368,0.23715140237618815
mmh0uacrkmrg83,generalized_matching_law,Ph 3,0.7523809523809524,0.7333333333333333,0.4520547945205479,0.559322033898305,0.4229875551232976
mmh0uacrkmrg83,generalized_matching_law,Ph 4,0.575,0.5441176470588235,0.5,0.5211267605633803,0.1407341551320995
mmh0uacrkmrg83,melioration,Full,0.7813370473537604,0.8157894736842105,0.7479892761394102,0.7804195804195804,0.5655849901342387
mmh0uacrkmrg83,melioration,Ph 1,0.906832298136646,0.9333333333333333,0.875,0.9032258064516129,0.8151607401315952
mmh0uacrkmrg83,melioration,Ph 2,0.8449197860962567,0.8979591836734694,0.9041095890410958,0.9010238907849829,0.543085886657585
mmh0uacrkmrg83,melioration,Ph 3,0.8047619047619048,0.8478260869565217,0.5342465753424658,0.6554621848739496,0.5562939952582426
mmh0uacrkmrg83,melioration,Ph 4,0.55,0.5135135135135135,0.5135135135135135,0.5135135135135135,0.09490886235072282
mmh0uacrkmrg83,kinetic,Full,0.7270194986072424,0.7739938080495357,0.6702412868632708,0.7183908045977011,0.46062000012768595
mmh0uacrkmrg83,kinetic,Ph 1,0.8136645962732919,0.8205128205128205,0.8,0.810126582278481,0.6274510476967327
mmh0uacrkmrg83,kinetic,Ph 2,0.7700534759358288,0.832258064516129,0.8835616438356164,0.8571428571428571,0.2740000318024827
mmh0uacrkmrg83,kinetic,Ph 3,0.7428571428571429,0.7567567567567568,0.3835616438356164,0.509090909090909,0.39732409300770805
mmh0uacrkmrg83,kinetic,Ph 4,0.56875,0.5471698113207547,0.3918918918918919,0.4566929133858268,0.11951695920008568
mmh0uacrkmrg83,behavioral_momentum,Full,0.7019498607242339,0.7131367292225201,0.7131367292225201,0.7131367292225201,0.40299180168628823
mmh0uacrkmrg83,behavioral_momentum,Ph 1,0.7639751552795031,0.7142857142857143,0.875,0.7865168539325843,0.5422796468276416
mmh0uacrkmrg83,behavioral_momentum,Ph 2,0.7967914438502673,0.7967032967032966,0.9931506849315068,0.8841463414634146,0.23265413577755706
mmh0uacrkmrg83,behavioral_momentum,Ph 3,0.7,0.6388888888888888,0.3150684931506849,0.42201834862385323,0.2782080719376034
mmh0uacrkmrg83,behavioral_momentum,Ph 4,0.53125,0.49122807017543857,0.3783783783783784,0.42748091603053434,0.04286276327056729
mmh0uacrkmrg83,hill_climbing,Full,0.7938718662952646,0.8099173553719008,0.7882037533512064,0.7989130434782609,0.5877928051734094
mmh0uacrkmrg83,hill_climbing,Ph 1,0.8944099378881988,0.92,0.8625,0.8903225806451613,0.7902573475013891
mmh0uacrkmrg83,hill_climbing,Ph 2,0.8983957219251337,0.9379310344827586,0.9315068493150684,0.9347079037800687,0.7058890464094889
mmh0uacrkmrg83,hill_climbing,Ph 3,0.8571428571428571,0.8208955223880597,0.7534246575342466,0.7857142857142857,0.6802708806729267
mmh0uacrkmrg83,hill_climbing,Ph 4,0.4875,0.4473684210526316,0.4594594594594595,0.4533333333333333,-0.02886730882427448
mmh0uacrkmrg83,q_learning,Full,0.7813370473537604,0.8157894736842105,0.7479892761394102,0.7804195804195804,0.5655849901342387
mmh0uacrkmrg83,q_learning,Ph 1,0.906832298136646,0.9333333333333333,0.875,0.9032258064516129,0.8151607401315952
mmh0uacrkmrg83,q_learning,Ph 2,0.8449197860962567,0.8979591836734694,0.9041095890410958,0.9010238907849829,0.543085886657585
mmh0uacrkmrg83,q_learning,Ph 3,0.8047619047619048,0.8478260869565217,0.5342465753424658,0.6554621848739496,0.5562939952582426
mmh0uacrkmrg83,q_learning,Ph 4,0.55,0.5135135135135135,0.5135135135135135,0.5135135135135135,0.09490886235072282
mmh0uacrkmrg83,q_dual_alpha,Full,0.7841225626740947,0.8205882352941176,0.7479892761394102,0.782608695652174,0.5715442166708071
mmh0uacrkmrg83,q_dual_alpha,Ph 1,0.9130434782608695,0.9459459459459459,0.875,0.9090909090909091,0.8283059726157123
mmh0uacrkmrg83,q_dual_alpha,Ph 2,0.839572192513369,0.9084507042253521,0.8835616438356164,0.8958333333333334,0.548288332741879
mmh0uacrkmrg83,q_dual_alpha,Ph 3,0.8095238095238095,0.851063829787234,0.547945205479452,0.6666666666666666,0.5676812523923767
mmh0uacrkmrg83,q_dual_alpha,Ph 4,0.55625,0.5194805194805194,0.5405405405405406,0.5298013245033113,0.11007472721381054
mmh0uacrkmrg83,q_forgetting,Full,0.7799442896935933,0.7994428969359332,0.7694369973190348,0.7841530054644809,0.5603148000338402
mmh0uacrkmrg83,q_forgetting,Ph 1,0.9192546583850931,0.935064935064935,0.9,0.9171974522292994,0.8390488620407525
mmh0uacrkmrg83,q_forgetting,Ph 2,0.8556149732620321,0.8838709677419355,0.9383561643835616,0.9102990033222591,0.5485506329923784
mmh0uacrkmrg83,q_forgetting,Ph 3,0.8047619047619048,0.82,0.5616438356164384,0.6666666666666666,0.5545171332563968
mmh0uacrkmrg83,q_forgetting,Ph 4,0.51875,0.4805194805194805,0.5,0.4900662251655629,0.0348099564693247
mmh0uacrkmrg83,hmm_2state,Full,0.6824512534818942,0.6206322795341098,1.0,0.7659137577002053,0.4587758655362379
mmh0uacrkmrg83,hmm_2state,Ph 1,0.6024844720496895,0.5555555555555556,1.0,0.7142857142857143,0.3414646095293662
mmh0uacrkmrg83,hmm_2state,Ph 2,0.8556149732620321,0.8439306358381503,1.0,0.9153605015673981,0.5368160174842598
mmh0uacrkmrg83,hmm_2state,Ph 3,0.44761904761904764,0.3862433862433862,1.0,0.5572519083969466,0.24332116757909064
mmh0uacrkmrg83,hmm_2state,Ph 4,0.86875,0.7789473684210526,1.0,0.8757396449704142,0.7672934836721078
mmh0uacrkmrg83,hmm_3state,Full,0.6824512534818942,0.6206322795341098,1.0,0.7659137577002053,0.4587758655362379
mmh0uacrkmrg83,hmm_3state,Ph 1,0.6024844720496895,0.5555555555555556,1.0,0.7142857142857143,0.3414646095293662
mmh0uacrkmrg83,hmm_3state,Ph 2,0.8556149732620321,0.8439306358381503,1.0,0.9153605015673981,0.5368160174842598
mmh0uacrkmrg83,hmm_3state,Ph 3,0.44761904761904764,0.3862433862433862,1.0,0.5572519083969466,0.24332116757909064
mmh0uacrkmrg83,hmm_3state,Ph 4,0.86875,0.7789473684210526,1.0,0.8757396449704142,0.7672934836721078
mmh0uacrkmrg83,hmm_4state,Full,0.6824512534818942,0.6206322795341098,1.0,0.7659137577002053,0.4587758655362379
mmh0uacrkmrg83,hmm_4state,Ph 1,0.6024844720496895,0.5555555555555556,1.0,0.7142857142857143,0.3414646095293662
mmh0uacrkmrg83,hmm_4state,Ph 2,0.8556149732620321,0.8439306358381503,1.0,0.9153605015673981,0.5368160174842598
mmh0uacrkmrg83,hmm_4state,Ph 3,0.44761904761904764,0.3862433862433862,1.0,0.5572519083969466,0.24332116757909064
mmh0uacrkmrg83,hmm_4state,Ph 4,0.86875,0.7789473684210526,1.0,0.8757396449704142,0.7672934836721078
mmh0ueb9o9dis7,random,Full,0.48205128205128206,0.48205128205128206,1.0,0.6505190311418685,0.0
mmh0ueb9o9dis7,random,Ph 1,0.510752688172043,0.510752688172043,1.0,0.6761565836298933,0.0
mmh0ueb9o9dis7,random,Ph 2,0.5428571428571428,0.5428571428571428,1.0,0.7037037037037037,0.0
mmh0ueb9o9dis7,random,Ph 3,0.39800995024875624,0.39800995024875624,1.0,0.5693950177935944,0.0
mmh0ueb9o9dis7,random,Ph 4,0.48623853211009177,0.48623853211009177,1.0,0.654320987654321,0.0
mmh0ueb9o9dis7,bias,Full,0.517948717948718,0.0,0.0,0.0,0.0
mmh0ueb9o9dis7,bias,Ph 1,0.489247311827957,0.0,0.0,0.0,0.0
mmh0ueb9o9dis7,bias,Ph 2,0.45714285714285713,0.0,0.0,0.0,0.0
mmh0ueb9o9dis7,bias,Ph 3,0.6019900497512438,0.0,0.0,0.0,0.0
mmh0ueb9o9dis7,bias,Ph 4,0.5137614678899083,0.0,0.0,0.0,0.0
mmh0ueb9o9dis7,wsls,Full,0.573076923076923,0.6387096774193548,0.2632978723404255,0.3728813559322034,0.15613113322148128
mmh0ueb9o9dis7,wsls,Ph 1,0.5268817204301075,0.7058823529411765,0.12631578947368421,0.21428571428571427,0.12380405007042651
mmh0ueb9o9dis7,wsls,Ph 2,0.45714285714285713,0.5,0.021052631578947368,0.04040404040404041,-0.013157894736842105
mmh0ueb9o9dis7,wsls,Ph 3,0.6865671641791045,0.7073170731707317,0.3625,0.4793388429752066,0.3198749545054362
mmh0ueb9o9dis7,wsls,Ph 4,0.6009174311926605,0.6021505376344086,0.5283018867924528,0.5628140703517588,0.20003658767442584
mmh0ueb9o9dis7,generalized_matching_law,Full,0.5564102564102564,0.5513698630136986,0.42819148936170215,0.4820359281437126,0.10731024242317902
mmh0ueb9o9dis7,generalized_matching_law,Ph 1,0.5591397849462365,0.8095238095238095,0.17894736842105263,0.29310344827586204,0.21322431985444937
mmh0ueb9o9dis7,generalized_matching_law,Ph 2,0.5428571428571428,0.5449101796407185,0.9578947368421052,0.6946564885496184,0.01882960567285323
mmh0ueb9o9dis7,generalized_matching_law,Ph 3,0.5920398009950248,0.4,0.05,0.08888888888888889,0.0009302627456302743
mmh0ueb9o9dis7,generalized_matching_law,Ph 4,0.5321100917431193,0.5212765957446809,0.46226415094339623,0.49,0.061036234217540355
mmh0ueb9o9dis7,melioration,Full,0.5833333333333334,0.5655526992287918,0.5851063829787234,0.5751633986928104,0.16668259992307452
mmh0ueb9o9dis7,melioration,Ph 1,0.6075268817204301,0.625,0.5789473684210527,0.6010928961748634,0.21657321010630354
mmh0ueb9o9dis7,melioration,Ph 2,0.5542857142857143,0.5491329479768786,1.0,0.7089552238805971,0.11716792948337854
mmh0ueb9o9dis7,melioration,Ph 3,0.6169154228855721,0.5333333333333333,0.3,0.384,0.14848246989198988
mmh0ueb9o9dis7,melioration,Ph 4,0.555045871559633,0.5542168674698795,0.4339622641509434,0.48677248677248675,0.10664419910273876
mmh0ueb9o9dis7,kinetic,Full,0.5679487179487179,0.5467625899280576,0.6063829787234043,0.575031525851198,0.1388049295587391
mmh0ueb9o9dis7,kinetic,Ph 1,0.6182795698924731,0.6666666666666666,0.5052631578947369,0.5748502994011976,0.2478730562662458
mmh0ueb9o9dis7,kinetic,Ph 2,0.5428571428571428,0.5428571428571428,1.0,0.7037037037037037,0.0
mmh0ueb9o9dis7,kinetic,Ph 3,0.5572139303482587,0.37142857142857144,0.1625,0.22608695652173913,-0.024935372576076448
mmh0ueb9o9dis7,kinetic,Ph 4,0.555045871559633,0.5333333333333333,0.6792452830188679,0.5975103734439834,0.1201698048425983
mmh0ueb9o9dis7,behavioral_momentum,Full,0.5807692307692308,0.5623409669211196,0.5877659574468085,0.5747724317295189,0.16192374648650926
mmh0ueb9o9dis7,behavioral_momentum,Ph 1,0.5860215053763441,0.6363636363636364,0.4421052631578947,0.5217391304347826,0.18635424243969362
mmh0ueb9o9dis7,behavioral_momentum,Ph 2,0.5428571428571428,0.5428571428571428,1.0,0.7037037037037037,0.0
mmh0ueb9o9dis7,behavioral_momentum,Ph 3,0.6069651741293532,0.5185185185185185,0.175,0.2616822429906542,0.0969803089804586
mmh0ueb9o9dis7,behavioral_momentum,Ph 4,0.5825688073394495,0.56,0.660377358490566,0.6060606060606061,0.1710951239257855
mmh0ueb9o9dis7,hill_climbing,Full,0.6538461538461539,0.6358974358974359,0.6595744680851063,0.6475195822454308,0.3078907496400705
mmh0ueb9o9dis7,hill_climbing,Ph 1,0.7419354838709677,0.7582417582417582,0.7263157894736842,0.7419354838709677,0.48455754771544246
mmh0ueb9o9dis7,hill_climbing,Ph 2,0.6228571428571429,0.60431654676259,0.8842105263157894,0.717948717948718,0.24242407434692348
mmh0ueb9o9dis7,hill_climbing,Ph 3,0.736318407960199,0.7547169811320755,0.5,0.6015037593984962,0.4360910016291879
mmh0ueb9o9dis7,hill_climbing,Ph 4,0.5275229357798165,0.514018691588785,0.5188679245283019,0.5164319248826291,0.054570719976531276
mmh0ueb9o9dis7,q_learning,Full,0.5833333333333334,0.5655526992287918,0.5851063829787234,0.5751633986928104,0.16668259992307452
mmh0ueb9o9dis7,q_learning,Ph 1,0.6075268817204301,0.625,0.5789473684210527,0.6010928961748634,0.21657321010630354
mmh0ueb9o9dis7,q_learning,Ph 2,0.5542857142857143,0.5491329479768786,1.0,0.7089552238805971,0.11716792948337854
mmh0ueb9o9dis7,q_learning,Ph 3,0.6169154228855721,0.5333333333333333,0.3,0.384,0.14848246989198988
mmh0ueb9o9dis7,q_learning,Ph 4,0.555045871559633,0.5542168674698795,0.4339622641509434,0.48677248677248675,0.10664419910273876
mmh0ueb9o9dis7,q_dual_alpha,Full,0.5782051282051283,0.5569007263922519,0.6117021276595744,0.5830164765525983,0.158906101102078
mmh0ueb9o9dis7,q_dual_alpha,Ph 1,0.5860215053763441,0.5803571428571429,0.6842105263157895,0.6280193236714976,0.17130128950985984
mmh0ueb9o9dis7,q_dual_alpha,Ph 2,0.5542857142857143,0.5491329479768786,1.0,0.7089552238805971,0.11716792948337854
mmh0ueb9o9dis7,q_dual_alpha,Ph 3,0.6169154228855721,0.5333333333333333,0.3,0.384,0.14848246989198988
mmh0ueb9o9dis7,q_dual_alpha,Ph 4,0.555045871559633,0.5542168674698795,0.4339622641509434,0.48677248677248675,0.10664419910273876
mmh0ueb9o9dis7,q_forgetting,Full,0.6102564102564103,0.5886699507389163,0.6356382978723404,0.6112531969309463,0.22231587143762618
mmh0ueb9o9dis7,q_forgetting,Ph 1,0.7526881720430108,0.7578947368421053,0.7578947368421053,0.7578947368421053,0.5051474840948526
mmh0ueb9o9dis7,q_forgetting,Ph 2,0.5657142857142857,0.5629139072847682,0.8947368421052632,0.6910569105691057,0.1009892109451053
mmh0ueb9o9dis7,q_forgetting,Ph 3,0.7114427860696517,0.7391304347826086,0.425,0.5396825396825397,0.37964636449143496
mmh0ueb9o9dis7,q_forgetting,Ph 4,0.43119266055045874,0.42105263157894735,0.4528301886792453,0.43636363636363634,-0.13654756981633276
mmh0ueb9o9dis7,hmm_2state,Full,0.5974358974358974,0.5449275362318841,1.0,0.7054409005628518,0.34841749119478665
mmh0ueb9o9dis7,hmm_2state,Ph 1,0.5591397849462365,0.536723163841808,1.0,0.6985294117647058,0.23039642078302638
mmh0ueb9o9dis7,hmm_2state,Ph 2,0.5771428571428572,0.5621301775147929,1.0,0.7196969696969697,0.20532842792367909
mmh0ueb9o9dis7,hmm_2state,Ph 3,0.7114427860696517,0.5797101449275363,1.0,0.7339449541284404,0.5493928965658199
mmh0ueb9o9dis7,hmm_2state,Ph 4,0.5412844036697247,0.5145631067961165,1.0,0.6794871794871795,0.23480153628637324
mmh0ueb9o9dis7,hmm_3state,Full,0.5974358974358974,0.5449275362318841,1.0,0.7054409005628518,0.34841749119478665
mmh0ueb9o9dis7,hmm_3state,Ph 1,0.5591397849462365,0.536723163841808,1.0,0.6985294117647058,0.23039642078302638
mmh0ueb9o9dis7,hmm_3state,Ph 2,0.5771428571428572,0.5621301775147929,1.0,0.7196969696969697,0.20532842792367909
mmh0ueb9o9dis7,hmm_3state,Ph 3,0.7114427860696517,0.5797101449275363,1.0,0.7339449541284404,0.5493928965658199
mmh0ueb9o9dis7,hmm_3state,Ph 4,0.5412844036697247,0.5145631067961165,1.0,0.6794871794871795,0.23480153628637324
mmh0ueb9o9dis7,hmm_4state,Full,0.5974358974358974,0.5449275362318841,1.0,0.7054409005628518,0.34841749119478665
mmh0ueb9o9dis7,hmm_4state,Ph 1,0.5591397849462365,0.536723163841808,1.0,0.6985294117647058,0.23039642078302638
mmh0ueb9o9dis7,hmm_4state,Ph 2,0.5771428571428572,0.5621301775147929,1.0,0.7196969696969697,0.20532842792367909
mmh0ueb9o9dis7,hmm_4state,Ph 3,0.7114427860696517,0.5797101449275363,1.0,0.7339449541284404,0.5493928965658199
mmh0ueb9o9dis7,hmm_4state,Ph 4,0.5412844036697247,0.5145631067961165,1.0,0.6794871794871795,0.23480153628637324
mmh0vbvu4yn6l1,random,Full,0.49538203190596136,0.49538203190596136,1.0,0.6625491297024144,0.0
mmh0vbvu4yn6l1,random,Ph 1,0.5085324232081911,0.5085324232081911,1.0,0.6742081447963801,0.0
mmh0vbvu4yn6l1,random,Ph 2,0.62751677852349,0.62751677852349,1.0,0.7711340206185567,0.0
mmh0vbvu4yn6l1,random,Ph 3,0.35333333333333333,0.35333333333333333,1.0,0.5221674876847291,0.0
mmh0vbvu4yn6l1,random,Ph 4,0.49333333333333335,0.49333333333333335,1.0,0.6607142857142857,0.0
mmh0vbvu4yn6l1,bias,Full,0.5046179680940386,0.0,0.0,0.0,0.0
mmh0vbvu4yn6l1,bias,Ph 1,0.49146757679180886,0.0,0.0,0.0,0.0
mmh0vbvu4yn6l1,bias,Ph 2,0.3724832214765101,0.0,0.0,0.0,0.0
mmh0vbvu4yn6l1,bias,Ph 3,0.6466666666666666,0.0,0.0,0.0,0.0
mmh0vbvu4yn6l1,bias,Ph 4,0.5066666666666667,0.0,0.0,0.0,0.0
mmh0vbvu4yn6l1,wsls,Full,0.7422334172963896,0.8582278481012658,0.5745762711864407,0.6883248730964467,0.51122567073816
mmh0vbvu4yn6l1,wsls,Ph 1,0.6689419795221843,0.825,0.4429530201342282,0.5764192139737991,0.38795169485612585
mmh0vbvu4yn6l1,wsls,Ph 2,0.6208053691275168,0.87,0.46524064171123,0.6062717770034843,0.3564372377862049
mmh0vbvu4yn6l1,wsls,Ph 3,0.8366666666666667,0.8352941176470589,0.6698113207547169,0.743455497382199,0.6339710003673177
mmh0vbvu4yn6l1,wsls,Ph 4,0.84,0.8846153846153846,0.777027027027027,0.8273381294964028,0.6843932934223469
mmh0vbvu4yn6l1,generalized_matching_law,Full,0.6742233417296389,0.6810035842293907,0.6440677966101694,0.662020905923345,0.3485717320263886
mmh0vbvu4yn6l1,generalized_matching_law,Ph 1,0.6450511945392492,0.639751552795031,0.6912751677852349,0.6645161290322581,0.2898787401476028
mmh0vbvu4yn6l1,generalized_matching_law,Ph 2,0.7483221476510067,0.7333333333333333,0.9411764705882353,0.8243559718969555,0.4452246622186578
mmh0vbvu4yn6l1,generalized_matching_law,Ph 3,0.6933333333333334,0.6590909090909091,0.27358490566037735,0.38666666666666666,0.2651862726372534
mmh0vbvu4yn6l1,generalized_matching_law,Ph 4,0.61,0.6371681415929203,0.4864864864864865,0.5517241379310345,0.2236407913149067
mmh0vbvu4yn6l1,melioration,Full,0.7397145256087322,0.7258064516129032,0.7627118644067796,0.743801652892562,0.48023611026506896
mmh0vbvu4yn6l1,melioration,Ph 1,0.689419795221843,0.6746987951807228,0.7516778523489933,0.7111111111111111,0.3800043440829246
mmh0vbvu4yn6l1,melioration,Ph 2,0.7818791946308725,0.75,0.9786096256684492,0.8491879350348028,0.5385283922213531
mmh0vbvu4yn6l1,melioration,Ph 3,0.8033333333333333,0.8051948051948052,0.5849056603773585,0.6775956284153005,0.5554765133239284
mmh0vbvu4yn6l1,melioration,Ph 4,0.6833333333333333,0.6992481203007519,0.6283783783783784,0.6619217081850534,0.36755617457797024
mmh0vbvu4yn6l1,kinetic,Full,0.6456759026028548,0.6438356164383562,0.6372881355932203,0.6405451448040886,0.2912401768728146
mmh0vbvu4yn6l1,kinetic,Ph 1,0.6348122866894198,0.6179775280898876,0.738255033557047,0.672782874617737,0.27236460152721687
mmh0vbvu4yn6l1,kinetic,Ph 2,0.6879194630872483,0.6821705426356589,0.9411764705882353,0.7910112359550562,0.28710047218193757
mmh0vbvu4yn6l1,kinetic,Ph 3,0.6833333333333333,0.6410256410256411,0.2358490566037736,0.3448275862068966,0.23265251778178758
mmh0vbvu4yn6l1,kinetic,Ph 4,0.5766666666666667,0.5963302752293578,0.4391891891891892,0.5058365758754864,0.15562863150230272
mmh0vbvu4yn6l1,behavioral_momentum,Full,0.653232577665827,0.6363636363636364,0.7,0.6666666666666666,0.3085557710283562
mmh0vbvu4yn6l1,behavioral_momentum,Ph 1,0.6245733788395904,0.5989847715736041,0.7919463087248322,0.6820809248554913,0.2591854294947444
mmh0vbvu4yn6l1,behavioral_momentum,Ph 2,0.6845637583892618,0.6654804270462633,1.0,0.7991452991452992,0.31924978584776237
mmh0vbvu4yn6l1,behavioral_momentum,Ph 3,0.7166666666666667,0.7560975609756098,0.29245283018867924,0.4217687074829932,0.33524352171842436
mmh0vbvu4yn6l1,behavioral_momentum,Ph 4,0.5866666666666667,0.5923076923076923,0.5202702702702703,0.5539568345323741,0.17311652114090817
mmh0vbvu4yn6l1,hill_climbing,Full,0.783375314861461,0.7677419354838709,0.8067796610169492,0.7867768595041322,0.567635413177018
mmh0vbvu4yn6l1,hill_climbing,Ph 1,0.7986348122866894,0.8040540540540541,0.7986577181208053,0.8013468013468014,0.597213163186851
mmh0vbvu4yn6l1,hill_climbing,Ph 2,0.8389261744966443,0.8144796380090498,0.9625668449197861,0.8823529411764706,0.6551490074191745
mmh0vbvu4yn6l1,hill_climbing,Ph 3,0.8633333333333333,0.8095238095238095,0.8018867924528302,0.8056872037914692,0.7003111085586199
mmh0vbvu4yn6l1,hill_climbing,Ph 4,0.6333333333333333,0.6301369863013698,0.6216216216216216,0.6258503401360545,0.2664295337144688
mmh0vbvu4yn6l1,q_learning,Full,0.7397145256087322,0.7258064516129032,0.7627118644067796,0.743801652892562,0.48023611026506896
mmh0vbvu4yn6l1,q_learning,Ph 1,0.689419795221843,0.6746987951807228,0.7516778523489933,0.7111111111111111,0.3800043440829246
mmh0vbvu4yn6l1,q_learning,Ph 2,0.7818791946308725,0.75,0.9786096256684492,0.8491879350348028,0.5385283922213531
mmh0vbvu4yn6l1,q_learning,Ph 3,0.8033333333333333,0.8051948051948052,0.5849056603773585,0.6775956284153005,0.5554765133239284
mmh0vbvu4yn6l1,q_learning,Ph 4,0.6833333333333333,0.6992481203007519,0.6283783783783784,0.6619217081850534,0.36755617457797024
mmh0vbvu4yn6l1,q_dual_alpha,Full,0.7397145256087322,0.7236421725239617,0.7677966101694915,0.7450657894736842,0.4805532766479407
mmh0vbvu4yn6l1,q_dual_alpha,Ph 1,0.6825938566552902,0.6707317073170732,0.738255033557047,0.7028753993610224,0.3658215133563329
mmh0vbvu4yn6l1,q_dual_alpha,Ph 2,0.785234899328859,0.7530864197530864,0.9786096256684492,0.8511627906976744,0.5459343450416017
mmh0vbvu4yn6l1,q_dual_alpha,Ph 3,0.8066666666666666,0.7857142857142857,0.6226415094339622,0.6947368421052632,0.5640878927241803
mmh0vbvu4yn6l1,q_dual_alpha,Ph 4,0.6833333333333333,0.6962962962962963,0.6351351351351351,0.6643109540636042,0.36720645719949324
mmh0vbvu4yn6l1,q_forgetting,Full,0.7136859781696053,0.6992,0.7406779661016949,0.7193415637860082,0.42837368122426844
mmh0vbvu4yn6l1,q_forgetting,Ph 1,0.6791808873720137,0.6646706586826348,0.7449664429530202,0.7025316455696202,0.35956339318109093
mmh0vbvu4yn6l1,q_forgetting,Ph 2,0.7718120805369127,0.7553648068669528,0.9411764705882353,0.8380952380952381,0.5006673703943932
mmh0vbvu4yn6l1,q_forgetting,Ph 3,0.7933333333333333,0.7619047619047619,0.6037735849056604,0.6736842105263158,0.533025784093994
mmh0vbvu4yn6l1,q_forgetting,Ph 4,0.61,0.6099290780141844,0.581081081081081,0.5951557093425606,0.21961515073246024
mmh0vbvu4yn6l1,hmm_2state,Full,0.9345088161209067,1.0,0.8677966101694915,0.9292196007259528,0.8764180705192259
mmh0vbvu4yn6l1,hmm_2state,Ph 1,0.9215017064846417,1.0,0.8456375838926175,0.9163636363636364,0.8539159955337321
mmh0vbvu4yn6l1,hmm_2state,Ph 2,0.9228187919463087,1.0,0.8770053475935828,0.9344729344729344,0.8523347810436775
mmh0vbvu4yn6l1,hmm_2state,Ph 3,0.9533333333333334,1.0,0.8679245283018868,0.9292929292929293,0.899725808902159
mmh0vbvu4yn6l1,hmm_2state,Ph 4,0.94,1.0,0.8783783783783784,0.935251798561151,0.8862130719544937
mmh0vbvu4yn6l1,hmm_3state,Full,0.9345088161209067,1.0,0.8677966101694915,0.9292196007259528,0.8764180705192259
mmh0vbvu4yn6l1,hmm_3state,Ph 1,0.9215017064846417,1.0,0.8456375838926175,0.9163636363636364,0.8539159955337321
mmh0vbvu4yn6l1,hmm_3state,Ph 2,0.9228187919463087,1.0,0.8770053475935828,0.9344729344729344,0.8523347810436775
mmh0vbvu4yn6l1,hmm_3state,Ph 3,0.9533333333333334,1.0,0.8679245283018868,0.9292929292929293,0.899725808902159
mmh0vbvu4yn6l1,hmm_3state,Ph 4,0.94,1.0,0.8783783783783784,0.935251798561151,0.8862130719544937
mmh0vbvu4yn6l1,hmm_4state,Full,0.9345088161209067,1.0,0.8677966101694915,0.9292196007259528,0.8764180705192259
mmh0vbvu4yn6l1,hmm_4state,Ph 1,0.9215017064846417,1.0,0.8456375838926175,0.9163636363636364,0.8539159955337321
mmh0vbvu4yn6l1,hmm_4state,Ph 2,0.9228187919463087,1.0,0.8770053475935828,0.9344729344729344,0.8523347810436775
mmh0vbvu4yn6l1,hmm_4state,Ph 3,0.9533333333333334,1.0,0.8679245283018868,0.9292929292929293,0.899725808902159
mmh0vbvu4yn6l1,hmm_4state,Ph 4,0.94,1.0,0.8783783783783784,0.935251798561151,0.8862130719544937
mmh0vh7gck5q8n,random,Full,0.5175879396984925,0.5175879396984925,1.0,0.6821192052980133,0.0
mmh0vh7gck5q8n,random,Ph 1,0.5465116279069767,0.5465116279069767,1.0,0.706766917293233,0.0
mmh0vh7gck5q8n,random,Ph 2,0.7339901477832512,0.7339901477832512,1.0,0.8465909090909091,0.0
mmh0vh7gck5q8n,random,Ph 3,0.35944700460829493,0.35944700460829493,1.0,0.5288135593220339,0.0
mmh0vh7gck5q8n,random,Ph 4,0.44607843137254904,0.44607843137254904,1.0,0.6169491525423729,0.0
mmh0vh7gck5q8n,bias,Full,0.4824120603015075,0.0,0.0,0.0,0.0
mmh0vh7gck5q8n,bias,Ph 1,0.45348837209302323,0.0,0.0,0.0,0.0
mmh0vh7gck5q8n,bias,Ph 2,0.2660098522167488,0.0,0.0,0.0,0.0
mmh0vh7gck5q8n,bias,Ph 3,0.6405529953917051,0.0,0.0,0.0,0.0
mmh0vh7gck5q8n,bias,Ph 4,0.553921568627451,0.0,0.0,0.0,0.0
mmh0vh7gck5q8n,wsls,Full,0.5489949748743719,0.6802721088435374,0.24271844660194175,0.35778175313059035,0.15494603244438018
mmh0vh7gck5q8n,wsls,Ph 1,0.4127906976744186,0.23076923076923078,0.031914893617021274,0.056074766355140186,-0.1813523696117974
mmh0vh7gck5q8n,wsls,Ph 2,0.32019704433497537,0.72,0.12080536912751678,0.20689655172413793,-0.011865562441628402
mmh0vh7gck5q8n,wsls,Ph 3,0.6774193548387096,0.6052631578947368,0.2948717948717949,0.39655172413793105,0.23603735177622173
mmh0vh7gck5q8n,wsls,Ph 4,0.7549019607843137,0.7887323943661971,0.6153846153846154,0.691358024691358,0.5036506078730576
mmh0vh7gck5q8n,generalized_matching_law,Full,0.6620603015075377,0.6427145708582834,0.7815533980582524,0.7053669222343921,0.32632958939068735
mmh0vh7gck5q8n,generalized_matching_law,Ph 1,0.5930232558139535,0.573170731707317,1.0,0.7286821705426356,0.24245977339255884
mmh0vh7gck5q8n,generalized_matching_law,Ph 2,0.7783251231527094,0.8058823529411765,0.9194630872483222,0.8589341692789969,0.36927960238942925
mmh0vh7gck5q8n,generalized_matching_law,Ph 3,0.695852534562212,0.6764705882352942,0.2948717948717949,0.4107142857142857,0.2847806762321388
mmh0vh7gck5q8n,generalized_matching_law,Ph 4,0.5686274509803921,0.5112781954887218,0.7472527472527473,0.6071428571428571,0.17952003331199654
mmh0vh7gck5q8n,melioration,Full,0.8266331658291457,0.8309178743961353,0.8349514563106796,0.8329297820823245,0.6527835846773988
mmh0vh7gck5q8n,melioration,Ph 1,0.9127906976744186,0.9157894736842105,0.925531914893617,0.9206349206349206,0.8239235425972319
mmh0vh7gck5q8n,melioration,Ph 2,0.8866995073891626,0.9375,0.9060402684563759,0.9215017064846417,0.7195263499013279
mmh0vh7gck5q8n,melioration,Ph 3,0.8663594470046083,0.9622641509433962,0.6538461538461539,0.7786259541984732,0.7141782830551254
mmh0vh7gck5q8n,melioration,Ph 4,0.6519607843137255,0.5819672131147541,0.7802197802197802,0.6666666666666666,0.33344702255454634
mmh0vh7gck5q8n,kinetic,Full,0.6746231155778895,0.6791569086651054,0.7038834951456311,0.6912991656734208,0.3478224065111614
mmh0vh7gck5q8n,kinetic,Ph 1,0.6395348837209303,0.635593220338983,0.7978723404255319,0.7075471698113207,0.26451439676737554
mmh0vh7gck5q8n,kinetic,Ph 2,0.7733990147783252,0.832258064516129,0.8657718120805369,0.8486842105263158,0.3996345276295499
mmh0vh7gck5q8n,kinetic,Ph 3,0.6728110599078341,0.7058823529411765,0.15384615384615385,0.25263157894736843,0.21049253276807278
mmh0vh7gck5q8n,kinetic,Ph 4,0.6078431372549019,0.5401459854014599,0.8131868131868132,0.6491228070175439,0.2706032344338021
mmh0vh7gck5q8n,behavioral_momentum,Full,0.7047738693467337,0.6971046770601337,0.7597087378640777,0.727061556329849,0.4086600908157323
mmh0vh7gck5q8n,behavioral_momentum,Ph 1,0.7325581395348837,0.6764705882352942,0.9787234042553191,0.8,0.5073897047764653
mmh0vh7gck5q8n,behavioral_momentum,Ph 2,0.8275862068965517,0.8475609756097561,0.9328859060402684,0.8881789137380192,0.5270628859713941
mmh0vh7gck5q8n,behavioral_momentum,Ph 3,0.6728110599078341,1.0,0.08974358974358974,0.16470588235294117,0.24372465899393397
mmh0vh7gck5q8n,behavioral_momentum,Ph 4,0.5931372549019608,0.528169014084507,0.8241758241758241,0.6437768240343348,0.2499262744812535
mmh0vh7gck5q8n,hill_climbing,Full,0.7989949748743719,0.795774647887324,0.8228155339805825,0.8090692124105012,0.5973641569913315
mmh0vh7gck5q8n,hill_climbing,Ph 1,0.877906976744186,0.8924731182795699,0.8829787234042553,0.8877005347593583,0.7540027099043309
mmh0vh7gck5q8n,hill_climbing,Ph 2,0.9113300492610837,0.9517241379310345,0.9261744966442953,0.9387755102040817,0.7791162447247104
mmh0vh7gck5q8n,hill_climbing,Ph 3,0.8847926267281107,0.863013698630137,0.8076923076923077,0.8344370860927153,0.7472092068356663
mmh0vh7gck5q8n,hill_climbing,Ph 4,0.5294117647058824,0.4782608695652174,0.6043956043956044,0.5339805825242718,0.07359411892036462
mmh0vh7gck5q8n,q_learning,Full,0.8266331658291457,0.8309178743961353,0.8349514563106796,0.8329297820823245,0.6527835846773988
mmh0vh7gck5q8n,q_learning,Ph 1,0.9127906976744186,0.9157894736842105,0.925531914893617,0.9206349206349206,0.8239235425972319
mmh0vh7gck5q8n,q_learning,Ph 2,0.8866995073891626,0.9375,0.9060402684563759,0.9215017064846417,0.7195263499013279
mmh0vh7gck5q8n,q_learning,Ph 3,0.8663594470046083,0.9622641509433962,0.6538461538461539,0.7786259541984732,0.7141782830551254
mmh0vh7gck5q8n,q_learning,Ph 4,0.6519607843137255,0.5819672131147541,0.7802197802197802,0.6666666666666666,0.33344702255454634
mmh0vh7gck5q8n,q_dual_alpha,Full,0.8090452261306532,0.8009259259259259,0.8398058252427184,0.8199052132701422,0.6177245078190249
mmh0vh7gck5q8n,q_dual_alpha,Ph 1,0.9127906976744186,0.9157894736842105,0.925531914893617,0.9206349206349206,0.8239235425972319
mmh0vh7gck5q8n,q_dual_alpha,Ph 2,0.8866995073891626,0.9375,0.9060402684563759,0.9215017064846417,0.7195263499013279
mmh0vh7gck5q8n,q_dual_alpha,Ph 3,0.8663594470046083,0.9622641509433962,0.6538461538461539,0.7786259541984732,0.7141782830551254
mmh0vh7gck5q8n,q_dual_alpha,Ph 4,0.5833333333333334,0.5214285714285715,0.8021978021978022,0.6320346320346321,0.22419625006813992
mmh0vh7gck5q8n,q_forgetting,Full,0.7914572864321608,0.7985436893203883,0.7985436893203883,0.7985436893203883,0.5823978559870551
mmh0vh7gck5q8n,q_forgetting,Ph 1,0.9244186046511628,0.9090909090909091,0.9574468085106383,0.9326424870466321,0.8481572321899573
mmh0vh7gck5q8n,q_forgetting,Ph 2,0.8817733990147784,0.9370629370629371,0.8993288590604027,0.9178082191780822,0.709496326827004
mmh0vh7gck5q8n,q_forgetting,Ph 3,0.8663594470046083,0.9622641509433962,0.6538461538461539,0.7786259541984732,0.7141782830551254
mmh0vh7gck5q8n,q_forgetting,Ph 4,0.5098039215686274,0.46153846153846156,0.5934065934065934,0.5192307692307693,0.03606732149676161
mmh0vh7gck5q8n,hmm_2state,Full,0.9987437185929648,0.9975786924939467,1.0,0.9987878787878788,0.997487258723427
mmh0vh7gck5q8n,hmm_2state,Ph 1,1.0,1.0,1.0,1.0,1.0
mmh0vh7gck5q8n,hmm_2state,Ph 2,1.0,1.0,1.0,1.0,1.0
mmh0vh7gck5q8n,hmm_2state,Ph 3,1.0,1.0,1.0,1.0,1.0
mmh0vh7gck5q8n,hmm_2state,Ph 4,0.9950980392156863,0.9891304347826086,1.0,0.994535519125683,0.9901399234972381
mmh0vh7gck5q8n,hmm_3state,Full,0.9987437185929648,0.9975786924939467,1.0,0.9987878787878788,0.997487258723427
mmh0vh7gck5q8n,hmm_3state,Ph 1,1.0,1.0,1.0,1.0,1.0
mmh0vh7gck5q8n,hmm_3state,Ph 2,1.0,1.0,1.0,1.0,1.0
mmh0vh7gck5q8n,hmm_3state,Ph 3,1.0,1.0,1.0,1.0,1.0
mmh0vh7gck5q8n,hmm_3state,Ph 4,0.9950980392156863,0.9891304347826086,1.0,0.994535519125683,0.9901399234972381
mmh0vh7gck5q8n,hmm_4state,Full,0.9987437185929648,0.9975786924939467,1.0,0.9987878787878788,0.997487258723427
mmh0vh7gck5q8n,hmm_4state,Ph 1,1.0,1.0,1.0,1.0,1.0
mmh0vh7gck5q8n,hmm_4state,Ph 2,1.0,1.0,1.0,1.0,1.0
mmh0vh7gck5q8n,hmm_4state,Ph 3,1.0,1.0,1.0,1.0,1.0
mmh0vh7gck5q8n,hmm_4state,Ph 4,0.9950980392156863,0.9891304347826086,1.0,0.994535519125683,0.9901399234972381
mmh0wavycmn4y3,random,Full,0.4954954954954955,0.4954954954954955,1.0,0.6626506024096386,0.0
mmh0wavycmn4y3,random,Ph 1,0.47651006711409394,0.47651006711409394,1.0,0.6454545454545455,0.0
mmh0wavycmn4y3,random,Ph 2,0.6751824817518248,0.6751824817518248,1.0,0.8061002178649237,0.0
mmh0wavycmn4y3,random,Ph 3,0.3346153846153846,0.3346153846153846,1.0,0.5014409221902018,0.0
mmh0wavycmn4y3,random,Ph 4,0.4892086330935252,0.4892086330935252,1.0,0.6570048309178744,0.0
mmh0wavycmn4y3,bias,Full,0.5045045045045045,0.0,0.0,0.0,0.0
mmh0wavycmn4y3,bias,Ph 1,0.5234899328859061,0.0,0.0,0.0,0.0
mmh0wavycmn4y3,bias,Ph 2,0.3248175182481752,0.0,0.0,0.0,0.0
mmh0wavycmn4y3,bias,Ph 3,0.6653846153846154,0.0,0.0,0.0,0.0
mmh0wavycmn4y3,bias,Ph 4,0.5107913669064749,0.0,0.0,0.0,0.0
mmh0wavycmn4y3,wsls,Full,0.5648648648648649,0.5949008498583569,0.38181818181818183,0.46511627906976744,0.13576780957313675
mmh0wavycmn4y3,wsls,Ph 1,0.5067114093959731,0.4725274725274725,0.3028169014084507,0.36909871244635195,-0.005287025623700754
mmh0wavycmn4y3,wsls,Ph 2,0.4927007299270073,0.7613636363636364,0.3621621621621622,0.4908424908424908,0.12658051768708367
mmh0wavycmn4y3,wsls,Ph 3,0.6961538461538461,0.5740740740740741,0.3563218390804598,0.4397163120567376,0.25982715687424524
mmh0wavycmn4y3,wsls,Ph 4,0.5755395683453237,0.575,0.5073529411764706,0.5390625,0.14956736293276035
mmh0wavycmn4y3,generalized_matching_law,Full,0.6513513513513514,0.6687370600414079,0.5872727272727273,0.6253630203291385,0.3041161702023532
mmh0wavycmn4y3,generalized_matching_law,Ph 1,0.62751677852349,0.6302521008403361,0.528169014084507,0.5747126436781609,0.2509859320363271
mmh0wavycmn4y3,generalized_matching_law,Ph 2,0.656934306569343,0.7136150234741784,0.8216216216216217,0.7638190954773869,0.1533534980447136
mmh0wavycmn4y3,generalized_matching_law,Ph 3,0.7615384615384615,0.7272727272727273,0.45977011494252873,0.5633802816901409,0.4310312991881108
mmh0wavycmn4y3,generalized_matching_law,Ph 4,0.5683453237410072,0.5833333333333334,0.4117647058823529,0.4827586206896552,0.13675231852389408
mmh0wavycmn4y3,melioration,Full,0.6621621621621622,0.6623376623376623,0.649090909090909,0.6556473829201102,0.3242125115874992
mmh0wavycmn4y3,melioration,Ph 1,0.6040268456375839,0.5882352941176471,0.5633802816901409,0.5755395683453237,0.20496182780189626
mmh0wavycmn4y3,melioration,Ph 2,0.708029197080292,0.7464788732394366,0.8594594594594595,0.7989949748743719,0.284486805779783
mmh0wavycmn4y3,melioration,Ph 3,0.7615384615384615,0.6984126984126984,0.5057471264367817,0.5866666666666667,0.43600083373706205
mmh0wavycmn4y3,melioration,Ph 4,0.5863309352517986,0.5826771653543307,0.5441176470588235,0.5627376425855514,0.17147861983188656
mmh0wavycmn4y3,kinetic,Full,0.6162162162162163,0.6161048689138576,0.5981818181818181,0.6070110701107011,0.23226729844841004
mmh0wavycmn4y3,kinetic,Ph 1,0.5671140939597316,0.5481481481481482,0.5211267605633803,0.5342960288808665,0.13053495345855426
mmh0wavycmn4y3,kinetic,Ph 2,0.656934306569343,0.6986899563318777,0.8648648648648649,0.7729468599033816,0.1132366870361576
mmh0wavycmn4y3,kinetic,Ph 3,0.7346153846153847,0.6285714285714286,0.5057471264367817,0.5605095541401274,0.37813361242659066
mmh0wavycmn4y3,kinetic,Ph 4,0.5179856115107914,0.51,0.375,0.4322033898305085,0.031174838397937558
mmh0wavycmn4y3,behavioral_momentum,Full,0.6423423423423423,0.6491228070175439,0.6054545454545455,0.6265286923800565,0.28483120552968616
mmh0wavycmn4y3,behavioral_momentum,Ph 1,0.610738255033557,0.6,0.5492957746478874,0.5735294117647058,0.21749955993901277
mmh0wavycmn4y3,behavioral_momentum,Ph 2,0.6751824817518248,0.683206106870229,0.9675675675675676,0.8008948545861297,0.08005719089870486
mmh0wavycmn4y3,behavioral_momentum,Ph 3,0.7230769230769231,0.6530612244897959,0.367816091954023,0.47058823529411764,0.3252243558377034
mmh0wavycmn4y3,behavioral_momentum,Ph 4,0.5683453237410072,0.6111111111111112,0.3235294117647059,0.4230769230769231,0.14417047905955457
mmh0wavycmn4y3,hill_climbing,Full,0.6441441441441441,0.6401446654611211,0.6436363636363637,0.641885766092475,0.2882693935810367
mmh0wavycmn4y3,hill_climbing,Ph 1,0.5671140939597316,0.552,0.4859154929577465,0.5168539325842697,0.1284785974414489
mmh0wavycmn4y3,hill_climbing,Ph 2,0.7116788321167883,0.7819148936170213,0.7945945945945946,0.7882037533512064,0.3369734759113617
mmh0wavycmn4y3,hill_climbing,Ph 3,0.7153846153846154,0.5670103092783505,0.632183908045977,0.5978260869565217,0.3799350622218194
mmh0wavycmn4y3,hill_climbing,Ph 4,0.5935251798561151,0.5804195804195804,0.6102941176470589,0.5949820788530465,0.18779294401798513
mmh0wavycmn4y3,q_learning,Full,0.6621621621621622,0.6623376623376623,0.649090909090909,0.6556473829201102,0.3242125115874992
mmh0wavycmn4y3,q_learning,Ph 1,0.6040268456375839,0.5882352941176471,0.5633802816901409,0.5755395683453237,0.20496182780189626
mmh0wavycmn4y3,q_learning,Ph 2,0.708029197080292,0.7464788732394366,0.8594594594594595,0.7989949748743719,0.284486805779783
mmh0wavycmn4y3,q_learning,Ph 3,0.7615384615384615,0.6984126984126984,0.5057471264367817,0.5866666666666667,0.43600083373706205
mmh0wavycmn4y3,q_learning,Ph 4,0.5863309352517986,0.5826771653543307,0.5441176470588235,0.5627376425855514,0.17147861983188656
mmh0wavycmn4y3,q_dual_alpha,Full,0.6612612612612613,0.6611111111111111,0.649090909090909,0.655045871559633,0.32240989033980777
mmh0wavycmn4y3,q_dual_alpha,Ph 1,0.6040268456375839,0.5882352941176471,0.5633802816901409,0.5755395683453237,0.20496182780189626
mmh0wavycmn4y3,q_dual_alpha,Ph 2,0.708029197080292,0.7464788732394366,0.8594594594594595,0.7989949748743719,0.284486805779783
mmh0wavycmn4y3,q_dual_alpha,Ph 3,0.7576923076923077,0.6875,0.5057471264367817,0.5827814569536424,0.42735161187885773
mmh0wavycmn4y3,q_dual_alpha,Ph 4,0.5863309352517986,0.5826771653543307,0.5441176470588235,0.5627376425855514,0.17147861983188656
mmh0wavycmn4y3,q_forgetting,Full,0.6711711711711712,0.6691042047531993,0.6654545454545454,0.6672743846855059,0.3422619296068676
mmh0wavycmn4y3,q_forgetting,Ph 1,0.6006711409395973,0.5827338129496403,0.5704225352112676,0.5765124555160143,0.19885670675368103
mmh0wavycmn4y3,q_forgetting,Ph 2,0.708029197080292,0.7464788732394366,0.8594594594594595,0.7989949748743719,0.284486805779783
mmh0wavycmn4y3,q_forgetting,Ph 3,0.7692307692307693,0.7076923076923077,0.5287356321839081,0.6052631578947368,0.4564870157452884
mmh0wavycmn4y3,q_forgetting,Ph 4,0.6187050359712231,0.6153846153846154,0.5882352941176471,0.6015037593984962,0.23656401497009594
mmh0wavycmn4y3,hmm_2state,Full,0.681981981981982,1.0,0.35818181818181816,0.5274431057563588,0.46871666299192416
mmh0wavycmn4y3,hmm_2state,Ph 1,0.697986577181208,1.0,0.36619718309859156,0.5360824742268041,0.48189480586138295
mmh0wavycmn4y3,hmm_2state,Ph 2,0.6751824817518248,1.0,0.518918918918919,0.6832740213523132,0.5093716319736107
mmh0wavycmn4y3,hmm_2state,Ph 3,0.7923076923076923,1.0,0.3793103448275862,0.55,0.5376596767438993
mmh0wavycmn4y3,hmm_2state,Ph 4,0.5683453237410072,1.0,0.11764705882352941,0.21052631578947367,0.25251318726761635
mmh0wavycmn4y3,hmm_3state,Full,0.681981981981982,1.0,0.35818181818181816,0.5274431057563588,0.46871666299192416
mmh0wavycmn4y3,hmm_3state,Ph 1,0.697986577181208,1.0,0.36619718309859156,0.5360824742268041,0.48189480586138295
mmh0wavycmn4y3,hmm_3state,Ph 2,0.6751824817518248,1.0,0.518918918918919,0.6832740213523132,0.5093716319736107
mmh0wavycmn4y3,hmm_3state,Ph 3,0.7923076923076923,1.0,0.3793103448275862,0.55,0.5376596767438993
mmh0wavycmn4y3,hmm_3state,Ph 4,0.5683453237410072,1.0,0.11764705882352941,0.21052631578947367,0.25251318726761635
mmh0wavycmn4y3,hmm_4state,Full,0.681981981981982,1.0,0.35818181818181816,0.5274431057563588,0.46871666299192416
mmh0wavycmn4y3,hmm_4state,Ph 1,0.697986577181208,1.0,0.36619718309859156,0.5360824742268041,0.48189480586138295
mmh0wavycmn4y3,hmm_4state,Ph 2,0.6751824817518248,1.0,0.518918918918919,0.6832740213523132,0.5093716319736107
mmh0wavycmn4y3,hmm_4state,Ph 3,0.7923076923076923,1.0,0.3793103448275862,0.55,0.5376596767438993
mmh0wavycmn4y3,hmm_4state,Ph 4,0.5683453237410072,1.0,0.11764705882352941,0.21052631578947367,0.25251318726761635
mmh0x9u4kgtvxn,random,Full,0.4987363100252738,0.4987363100252738,1.0,0.6655424395727937,0.0
mmh0x9u4kgtvxn,random,Ph 1,0.49523809523809526,0.49523809523809526,1.0,0.6624203821656051,0.0
mmh0x9u4kgtvxn,random,Ph 2,0.587360594795539,0.587360594795539,1.0,0.7400468384074942,0.0
mmh0x9u4kgtvxn,random,Ph 3,0.4054982817869416,0.4054982817869416,1.0,0.5770171149144254,0.0
mmh0x9u4kgtvxn,random,Ph 4,0.5128205128205128,0.5128205128205128,1.0,0.6779661016949152,0.0
mmh0x9u4kgtvxn,bias,Full,0.5012636899747261,0.0,0.0,0.0,0.0
mmh0x9u4kgtvxn,bias,Ph 1,0.5047619047619047,0.0,0.0,0.0,0.0
mmh0x9u4kgtvxn,bias,Ph 2,0.41263940520446096,0.0,0.0,0.0,0.0
mmh0x9u4kgtvxn,bias,Ph 3,0.5945017182130584,0.0,0.0,0.0,0.0
mmh0x9u4kgtvxn,bias,Ph 4,0.48717948717948717,0.0,0.0,0.0,0.0
mmh0x9u4kgtvxn,wsls,Full,0.4785172704296546,0.46867749419953597,0.34121621621621623,0.3949169110459433,-0.04539217444865946
mmh0x9u4kgtvxn,wsls,Ph 1,0.3333333333333333,0.2711864406779661,0.20512820512820512,0.23357664233576642,-0.34682128135307466
mmh0x9u4kgtvxn,wsls,Ph 2,0.550185873605948,0.7846153846153846,0.3227848101265823,0.45739910313901344,0.2261681259603579
mmh0x9u4kgtvxn,wsls,Ph 3,0.5773195876288659,0.47474747474747475,0.3983050847457627,0.43317972350230416,0.10127695449008776
mmh0x9u4kgtvxn,wsls,Ph 4,0.47115384615384615,0.48322147651006714,0.45,0.46601941747572817,-0.05661737268774026
mmh0x9u4kgtvxn,generalized_matching_law,Full,0.5871946082561078,0.5841584158415841,0.597972972972973,0.5909849749582637,0.17448170724574416
mmh0x9u4kgtvxn,generalized_matching_law,Ph 1,0.5142857142857142,0.5076923076923077,0.6346153846153846,0.5641025641025641,0.0317535762693721
mmh0x9u4kgtvxn,generalized_matching_law,Ph 2,0.5947955390334573,0.6079295154185022,0.8734177215189873,0.7168831168831169,0.0971319332504685
mmh0x9u4kgtvxn,generalized_matching_law,Ph 3,0.6185567010309279,0.6296296296296297,0.1440677966101695,0.23448275862068965,0.14598608273345762
mmh0x9u4kgtvxn,generalized_matching_law,Ph 4,0.625,0.6369426751592356,0.625,0.6309148264984227,0.24992293860592674
mmh0x9u4kgtvxn,melioration,Full,0.594776748104465,0.6094674556213018,0.5219594594594594,0.5623293903548681,0.191227654872446
mmh0x9u4kgtvxn,melioration,Ph 1,0.5142857142857142,0.5109489051094891,0.44871794871794873,0.4778156996587031,0.027567573921712087
mmh0x9u4kgtvxn,melioration,Ph 2,0.6394052044609665,0.6564102564102564,0.810126582278481,0.7252124645892352,0.22768019125818922
mmh0x9u4kgtvxn,melioration,Ph 3,0.6288659793814433,0.65625,0.17796610169491525,0.28,0.17951384885607655
mmh0x9u4kgtvxn,melioration,Ph 4,0.6057692307692307,0.6293706293706294,0.5625,0.594059405940594,0.21449154984286298
mmh0x9u4kgtvxn,kinetic,Full,0.5812973883740522,0.6008492569002123,0.4780405405405405,0.5324553151458138,0.16564034820940812
mmh0x9u4kgtvxn,kinetic,Ph 1,0.4857142857142857,0.47794117647058826,0.4166666666666667,0.4452054794520548,-0.030155141935455675
mmh0x9u4kgtvxn,kinetic,Ph 2,0.6617100371747212,0.6735751295336787,0.8227848101265823,0.7407407407407407,0.2790709265806731
mmh0x9u4kgtvxn,kinetic,Ph 3,0.6288659793814433,0.7777777777777778,0.11864406779661017,0.20588235294117646,0.194694184814403
mmh0x9u4kgtvxn,kinetic,Ph 4,0.5641025641025641,0.5967741935483871,0.4625,0.5211267605633803,0.13640945320176534
mmh0x9u4kgtvxn,behavioral_momentum,Full,0.5838247683235046,0.6065217391304348,0.47128378378378377,0.5304182509505704,0.17147592259337927
mmh0x9u4kgtvxn,behavioral_momentum,Ph 1,0.49206349206349204,0.4787234042553192,0.28846153846153844,0.36,-0.02154209486901554
mmh0x9u4kgtvxn,behavioral_momentum,Ph 2,0.6468401486988847,0.6340425531914894,0.9430379746835443,0.7582697201017812,0.24929053347238447
mmh0x9u4kgtvxn,behavioral_momentum,Ph 3,0.6219931271477663,0.75,0.1016949152542373,0.1791044776119403,0.16924426864573078
mmh0x9u4kgtvxn,behavioral_momentum,Ph 4,0.5865384615384616,0.6347826086956522,0.45625,0.5309090909090909,0.18642901061598913
mmh0x9u4kgtvxn,hill_climbing,Full,0.5139005897219882,0.5141242937853108,0.46114864864864863,0.48619768477292963,0.027689074695545622
mmh0x9u4kgtvxn,hill_climbing,Ph 1,0.5333333333333333,0.5319148936170213,0.4807692307692308,0.5050505050505051,0.06603528286530432
mmh0x9u4kgtvxn,hill_climbing,Ph 2,0.4646840148698885,0.5411764705882353,0.5822784810126582,0.5609756097560976,-0.1229311156399232
mmh0x9u4kgtvxn,hill_climbing,Ph 3,0.5567010309278351,0.43037974683544306,0.288135593220339,0.34517766497461927,0.03093502686173042
mmh0x9u4kgtvxn,hill_climbing,Ph 4,0.4967948717948718,0.5106382978723404,0.45,0.47840531561461797,-0.003964439879761628
mmh0x9u4kgtvxn,q_learning,Full,0.594776748104465,0.6094674556213018,0.5219594594594594,0.5623293903548681,0.191227654872446
mmh0x9u4kgtvxn,q_learning,Ph 1,0.5142857142857142,0.5109489051094891,0.44871794871794873,0.4778156996587031,0.027567573921712087
mmh0x9u4kgtvxn,q_learning,Ph 2,0.6394052044609665,0.6564102564102564,0.810126582278481,0.7252124645892352,0.22768019125818922
mmh0x9u4kgtvxn,q_learning,Ph 3,0.6288659793814433,0.65625,0.17796610169491525,0.28,0.17951384885607655
mmh0x9u4kgtvxn,q_learning,Ph 4,0.6057692307692307,0.6293706293706294,0.5625,0.594059405940594,0.21449154984286298
mmh0x9u4kgtvxn,q_dual_alpha,Full,0.6048862679022746,0.6203522504892368,0.535472972972973,0.5747960108794198,0.21147497749219943
mmh0x9u4kgtvxn,q_dual_alpha,Ph 1,0.5174603174603175,0.5144927536231884,0.4551282051282051,0.48299319727891155,0.03400465870181169
mmh0x9u4kgtvxn,q_dual_alpha,Ph 2,0.6579925650557621,0.6736842105263158,0.810126582278481,0.735632183908046,0.2719287490265084
mmh0x9u4kgtvxn,q_dual_alpha,Ph 3,0.6426116838487973,0.6842105263157895,0.22033898305084745,0.3333333333333333,0.21999687927838968
mmh0x9u4kgtvxn,q_dual_alpha,Ph 4,0.6121794871794872,0.6344827586206897,0.575,0.6032786885245902,0.2268059289204796
mmh0x9u4kgtvxn,q_forgetting,Full,0.5619208087615838,0.5708661417322834,0.48986486486486486,0.5272727272727272,0.12477950849816595
mmh0x9u4kgtvxn,q_forgetting,Ph 1,0.5047619047619047,0.5,0.42948717948717946,0.46206896551724136,0.00819489719029016
mmh0x9u4kgtvxn,q_forgetting,Ph 2,0.5947955390334573,0.6183574879227053,0.810126582278481,0.7013698630136986,0.11504552784252707
mmh0x9u4kgtvxn,q_forgetting,Ph 3,0.6323024054982818,0.6666666666666666,0.1864406779661017,0.2913907284768212,0.19023772952135112
mmh0x9u4kgtvxn,q_forgetting,Ph 4,0.5256410256410257,0.5447761194029851,0.45625,0.4965986394557823,0.05547052451848133
mmh0x9u4kgtvxn,hmm_2state,Full,0.9250210614995787,0.869309838472834,1.0,0.9300864100549883,0.8598131302420087
mmh0x9u4kgtvxn,hmm_2state,Ph 1,0.8476190476190476,0.7647058823529411,1.0,0.8666666666666667,0.7306512686361398
mmh0x9u4kgtvxn,hmm_2state,Ph 2,0.9925650557620818,0.9875,1.0,0.9937106918238994,0.9847371259413384
mmh0x9u4kgtvxn,hmm_2state,Ph 3,0.9759450171821306,0.944,1.0,0.9711934156378601,0.9517370793491722
mmh0x9u4kgtvxn,hmm_2state,Ph 4,0.8974358974358975,0.8333333333333334,1.0,0.9090909090909091,0.8111071056538127
mmh0x9u4kgtvxn,hmm_3state,Full,0.9250210614995787,0.869309838472834,1.0,0.9300864100549883,0.8598131302420087
mmh0x9u4kgtvxn,hmm_3state,Ph 1,0.8476190476190476,0.7647058823529411,1.0,0.8666666666666667,0.7306512686361398
mmh0x9u4kgtvxn,hmm_3state,Ph 2,0.9925650557620818,0.9875,1.0,0.9937106918238994,0.9847371259413384
mmh0x9u4kgtvxn,hmm_3state,Ph 3,0.9759450171821306,0.944,1.0,0.9711934156378601,0.9517370793491722
mmh0x9u4kgtvxn,hmm_3state,Ph 4,0.8974358974358975,0.8333333333333334,1.0,0.9090909090909091,0.8111071056538127
mmh0x9u4kgtvxn,hmm_4state,Full,0.9250210614995787,0.869309838472834,1.0,0.9300864100549883,0.8598131302420087
mmh0x9u4kgtvxn,hmm_4state,Ph 1,0.8476190476190476,0.7647058823529411,1.0,0.8666666666666667,0.7306512686361398
mmh0x9u4kgtvxn,hmm_4state,Ph 2,0.9925650557620818,0.9875,1.0,0.9937106918238994,0.9847371259413384
mmh0x9u4kgtvxn,hmm_4state,Ph 3,0.9759450171821306,0.944,1.0,0.9711934156378601,0.9517370793491722
mmh0x9u4kgtvxn,hmm_4state,Ph 4,0.8974358974358975,0.8333333333333334,1.0,0.9090909090909091,0.8111071056538127
mmh0yegg0emahk,random,Full,0.49540078843626806,0.49540078843626806,1.0,0.6625659050966608,0.0
mmh0yegg0emahk,random,Ph 1,0.48868778280542985,0.48868778280542985,1.0,0.6565349544072948,0.0
mmh0yegg0emahk,random,Ph 2,0.684,0.684,1.0,0.8123515439429929,0.0
mmh0yegg0emahk,random,Ph 3,0.23976608187134502,0.23976608187134502,1.0,0.3867924528301887,0.0
mmh0yegg0emahk,random,Ph 4,0.4789915966386555,0.4789915966386555,1.0,0.6477272727272727,0.0
mmh0yegg0emahk,bias,Full,0.5045992115637319,0.0,0.0,0.0,0.0
mmh0yegg0emahk,bias,Ph 1,0.5113122171945701,0.0,0.0,0.0,0.0
mmh0yegg0emahk,bias,Ph 2,0.316,0.0,0.0,0.0,0.0
mmh0yegg0emahk,bias,Ph 3,0.7602339181286549,0.0,0.0,0.0,0.0
mmh0yegg0emahk,bias,Ph 4,0.5210084033613446,0.0,0.0,0.0,0.0
mmh0yegg0emahk,wsls,Full,0.5873850197109067,0.7299270072992701,0.26525198938992045,0.38910505836575876,0.21978991443543003
mmh0yegg0emahk,wsls,Ph 1,0.6018099547511312,0.8571428571428571,0.2222222222222222,0.35294117647058826,0.28075408068984525
mmh0yegg0emahk,wsls,Ph 2,0.512,0.8024691358024691,0.38011695906432746,0.5158730158730159,0.17641389362881507
mmh0yegg0emahk,wsls,Ph 3,0.7660818713450293,0.5454545454545454,0.14634146341463414,0.23076923076923078,0.18773614954363904
mmh0yegg0emahk,wsls,Ph 4,0.46218487394957986,0.29411764705882354,0.08771929824561403,0.13513513513513514,-0.15108236796222702
mmh0yegg0emahk,generalized_matching_law,Full,0.6793692509855453,0.7046153846153846,0.6074270557029178,0.6524216524216524,0.36127572880705044
mmh0yegg0emahk,generalized_matching_law,Ph 1,0.6199095022624435,0.6333333333333333,0.5277777777777778,0.5757575757575758,0.23984565753146495
mmh0yegg0emahk,generalized_matching_law,Ph 2,0.668,0.7528735632183908,0.7660818713450293,0.7594202898550725,0.22415518437655754
mmh0yegg0emahk,generalized_matching_law,Ph 3,0.847953216374269,1.0,0.36585365853658536,0.5357142857142857,0.5521576303742327
mmh0yegg0emahk,generalized_matching_law,Ph 4,0.5714285714285714,0.5652173913043478,0.45614035087719296,0.5048543689320388,0.1370150836371873
mmh0yegg0emahk,melioration,Full,0.7910643889618922,0.7684729064039408,0.8275862068965517,0.7969348659003831,0.5840830032521892
mmh0yegg0emahk,melioration,Ph 1,0.6923076923076923,0.6428571428571429,0.8333333333333334,0.7258064516129032,0.405471890801894
mmh0yegg0emahk,melioration,Ph 2,0.744,0.8165680473372781,0.8070175438596491,0.8117647058823529,0.4118775398978713
mmh0yegg0emahk,melioration,Ph 3,0.9415204678362573,0.9696969696969697,0.7804878048780488,0.8648648648648649,0.8360488894067593
mmh0yegg0emahk,melioration,Ph 4,0.8571428571428571,0.8125,0.9122807017543859,0.859504132231405,0.7201601935172475
mmh0yegg0emahk,kinetic,Full,0.671484888304862,0.6508313539192399,0.726790450928382,0.6867167919799498,0.3459285336408351
mmh0yegg0emahk,kinetic,Ph 1,0.5339366515837104,0.5182481751824818,0.6574074074074074,0.5795918367346938,0.07552174378944938
mmh0yegg0emahk,kinetic,Ph 2,0.68,0.7309644670050761,0.8421052631578947,0.782608695652174,0.19475695870401163
mmh0yegg0emahk,kinetic,Ph 3,0.8888888888888888,0.9583333333333334,0.5609756097560976,0.7076923076923077,0.6800594498876934
mmh0yegg0emahk,kinetic,Ph 4,0.5966386554621849,0.5714285714285714,0.631578947368421,0.6,0.19626175307879518
mmh0yegg0emahk,behavioral_momentum,Full,0.6872536136662286,0.6583143507972665,0.76657824933687,0.7083333333333334,0.38046081515829294
mmh0yegg0emahk,behavioral_momentum,Ph 1,0.6199095022624435,0.5769230769230769,0.8333333333333334,0.6818181818181818,0.27345705524258634
mmh0yegg0emahk,behavioral_momentum,Ph 2,0.692,0.7303921568627451,0.8713450292397661,0.7946666666666666,0.21014019934065187
mmh0yegg0emahk,behavioral_momentum,Ph 3,0.7777777777777778,0.5714285714285714,0.2926829268292683,0.3870967741935484,0.29066509375929395
mmh0yegg0emahk,behavioral_momentum,Ph 4,0.6722689075630253,0.6551724137931034,0.6666666666666666,0.6608695652173913,0.34389145772306523
mmh0yegg0emahk,hill_climbing,Full,0.8028909329829172,0.7932816537467701,0.8143236074270557,0.8036649214659686,0.6060530729657826
mmh0yegg0emahk,hill_climbing,Ph 1,0.7375565610859729,0.75,0.6944444444444444,0.7211538461538461,0.47523476576937235
mmh0yegg0emahk,hill_climbing,Ph 2,0.748,0.8033707865168539,0.8362573099415205,0.8194842406876791,0.4037106590885766
mmh0yegg0emahk,hill_climbing,Ph 3,0.9473684210526315,0.8809523809523809,0.9024390243902439,0.891566265060241,0.8569323332413502
mmh0yegg0emahk,hill_climbing,Ph 4,0.8319327731092437,0.7761194029850746,0.9122807017543859,0.8387096774193549,0.6751382520249091
mmh0yegg0emahk,q_learning,Full,0.7910643889618922,0.7684729064039408,0.8275862068965517,0.7969348659003831,0.5840830032521892
mmh0yegg0emahk,q_learning,Ph 1,0.6923076923076923,0.6428571428571429,0.8333333333333334,0.7258064516129032,0.405471890801894
mmh0yegg0emahk,q_learning,Ph 2,0.744,0.8165680473372781,0.8070175438596491,0.8117647058823529,0.4118775398978713
mmh0yegg0emahk,q_learning,Ph 3,0.9415204678362573,0.9696969696969697,0.7804878048780488,0.8648648648648649,0.8360488894067593
mmh0yegg0emahk,q_learning,Ph 4,0.8571428571428571,0.8125,0.9122807017543859,0.859504132231405,0.7201601935172475
mmh0yegg0emahk,q_dual_alpha,Full,0.7910643889618922,0.7684729064039408,0.8275862068965517,0.7969348659003831,0.5840830032521892
mmh0yegg0emahk,q_dual_alpha,Ph 1,0.6923076923076923,0.6428571428571429,0.8333333333333334,0.7258064516129032,0.405471890801894
mmh0yegg0emahk,q_dual_alpha,Ph 2,0.744,0.8165680473372781,0.8070175438596491,0.8117647058823529,0.4118775398978713
mmh0yegg0emahk,q_dual_alpha,Ph 3,0.9415204678362573,0.9696969696969697,0.7804878048780488,0.8648648648648649,0.8360488894067593
mmh0yegg0emahk,q_dual_alpha,Ph 4,0.8571428571428571,0.8125,0.9122807017543859,0.859504132231405,0.7201601935172475
mmh0yegg0emahk,q_forgetting,Full,0.7897503285151117,0.7732997481108312,0.8143236074270557,0.7932816537467701,0.580470097153344
mmh0yegg0emahk,q_forgetting,Ph 1,0.6877828054298643,0.648854961832061,0.7870370370370371,0.7112970711297071,0.3865708425350723
mmh0yegg0emahk,q_forgetting,Ph 2,0.74,0.8192771084337349,0.7953216374269005,0.8071216617210683,0.4090412627278388
mmh0yegg0emahk,q_forgetting,Ph 3,0.9415204678362573,0.9428571428571428,0.8048780487804879,0.868421052631579,0.8354272755400981
mmh0yegg0emahk,q_forgetting,Ph 4,0.865546218487395,0.8153846153846154,0.9298245614035088,0.8688524590163934,0.7387890695789833
mmh0yegg0emahk,hmm_2state,Full,0.9973718791064389,1.0,0.9946949602122016,0.9973404255319149,0.9947568046084073
mmh0yegg0emahk,hmm_2state,Ph 1,1.0,1.0,1.0,1.0,1.0
mmh0yegg0emahk,hmm_2state,Ph 2,1.0,1.0,1.0,1.0,1.0
mmh0yegg0emahk,hmm_2state,Ph 3,1.0,1.0,1.0,1.0,1.0
mmh0yegg0emahk,hmm_2state,Ph 4,0.9831932773109243,1.0,0.9649122807017544,0.9821428571428571,0.9668292361786669
mmh0yegg0emahk,hmm_3state,Full,0.9973718791064389,1.0,0.9946949602122016,0.9973404255319149,0.9947568046084073
mmh0yegg0emahk,hmm_3state,Ph 1,1.0,1.0,1.0,1.0,1.0
mmh0yegg0emahk,hmm_3state,Ph 2,1.0,1.0,1.0,1.0,1.0
mmh0yegg0emahk,hmm_3state,Ph 3,1.0,1.0,1.0,1.0,1.0
mmh0yegg0emahk,hmm_3state,Ph 4,0.9831932773109243,1.0,0.9649122807017544,0.9821428571428571,0.9668292361786669
mmh0yegg0emahk,hmm_4state,Full,0.9973718791064389,1.0,0.9946949602122016,0.9973404255319149,0.9947568046084073
mmh0yegg0emahk,hmm_4state,Ph 1,1.0,1.0,1.0,1.0,1.0
mmh0yegg0emahk,hmm_4state,Ph 2,1.0,1.0,1.0,1.0,1.0
mmh0yegg0emahk,hmm_4state,Ph 3,1.0,1.0,1.0,1.0,1.0
mmh0yegg0emahk,hmm_4state,Ph 4,0.9831932773109243,1.0,0.9649122807017544,0.9821428571428571,0.9668292361786669
mmh115pr1lsvkw,random,Full,0.5162790697674419,0.5162790697674419,1.0,0.6809815950920245,0.0
mmh115pr1lsvkw,random,Ph 1,0.5052083333333334,0.5052083333333334,1.0,0.671280276816609,0.0
mmh115pr1lsvkw,random,Ph 2,0.6206896551724138,0.6206896551724138,1.0,0.7659574468085106,0.0
mmh115pr1lsvkw,random,Ph 3,0.4444444444444444,0.4444444444444444,1.0,0.6153846153846154,0.0
mmh115pr1lsvkw,random,Ph 4,0.4789915966386555,0.4789915966386555,1.0,0.6477272727272727,0.0
mmh115pr1lsvkw,bias,Full,0.48372093023255813,0.0,0.0,0.0,0.0
mmh115pr1lsvkw,bias,Ph 1,0.4947916666666667,0.0,0.0,0.0,0.0
mmh115pr1lsvkw,bias,Ph 2,0.3793103448275862,0.0,0.0,0.0,0.0
mmh115pr1lsvkw,bias,Ph 3,0.5555555555555556,0.0,0.0,0.0,0.0
mmh115pr1lsvkw,bias,Ph 4,0.5210084033613446,0.0,0.0,0.0,0.0
mmh115pr1lsvkw,wsls,Full,0.4441860465116279,0.4114583333333333,0.17792792792792791,0.24842767295597484,-0.11245270083321515
mmh115pr1lsvkw,wsls,Ph 1,0.5104166666666666,0.5652173913043478,0.13402061855670103,0.21666666666666667,0.04427829953230738
mmh115pr1lsvkw,wsls,Ph 2,0.41379310344827586,0.6216216216216216,0.1419753086419753,0.23115577889447236,0.0007806251401124675
mmh115pr1lsvkw,wsls,Ph 3,0.4340277777777778,0.34234234234234234,0.296875,0.3179916317991632,-0.16271854467887034
mmh115pr1lsvkw,wsls,Ph 4,0.42857142857142855,0.23809523809523808,0.08771929824561403,0.1282051282051282,-0.2232238187524236
mmh115pr1lsvkw,generalized_matching_law,Full,0.577906976744186,0.5740402193784278,0.7072072072072072,0.6337033299697276,0.15279798377651974
mmh115pr1lsvkw,generalized_matching_law,Ph 1,0.5520833333333334,0.5307262569832403,0.979381443298969,0.6884057971014492,0.18938855564228746
mmh115pr1lsvkw,generalized_matching_law,Ph 2,0.632183908045977,0.627906976744186,1.0,0.7714285714285715,0.13794014696151086
mmh115pr1lsvkw,generalized_matching_law,Ph 3,0.5520833333333334,0.48,0.09375,0.1568627450980392,0.022061097325589345
mmh115pr1lsvkw,generalized_matching_law,Ph 4,0.5630252100840336,0.5294117647058824,0.7894736842105263,0.6338028169014085,0.1595834986427144
mmh115pr1lsvkw,melioration,Full,0.6848837209302325,0.7016317016317016,0.6779279279279279,0.6895761741122566,0.37004033797073654
mmh115pr1lsvkw,melioration,Ph 1,0.7083333333333334,0.6589147286821705,0.8762886597938144,0.7522123893805309,0.4399163234880087
mmh115pr1lsvkw,melioration,Ph 2,0.7049808429118773,0.695852534562212,0.9320987654320988,0.7968337730870713,0.3440110085284122
mmh115pr1lsvkw,melioration,Ph 3,0.59375,0.6774193548387096,0.1640625,0.2641509433962264,0.16283619671686947
mmh115pr1lsvkw,melioration,Ph 4,0.8235294117647058,0.8461538461538461,0.7719298245614035,0.8073394495412844,0.6474943472353708
mmh115pr1lsvkw,kinetic,Full,0.5883720930232558,0.6018099547511312,0.5990990990990991,0.600451467268623,0.1759974033563687
mmh115pr1lsvkw,kinetic,Ph 1,0.6041666666666666,0.5813953488372093,0.7731958762886598,0.6637168141592921,0.21805151101178682
mmh115pr1lsvkw,kinetic,Ph 2,0.6245210727969349,0.634453781512605,0.9320987654320988,0.755,0.09125120614796176
mmh115pr1lsvkw,kinetic,Ph 3,0.5451388888888888,0.4444444444444444,0.09375,0.15483870967741936,0.0
mmh115pr1lsvkw,kinetic,Ph 4,0.5882352941176471,0.5833333333333334,0.49122807017543857,0.5333333333333333,0.17173673188565505
mmh115pr1lsvkw,behavioral_momentum,Full,0.5906976744186047,0.5909090909090909,0.6734234234234234,0.6294736842105263,0.17854491789059382
mmh115pr1lsvkw,behavioral_momentum,Ph 1,0.5572916666666666,0.5357142857142857,0.9278350515463918,0.6792452830188679,0.16143108544886184
mmh115pr1lsvkw,behavioral_momentum,Ph 2,0.6360153256704981,0.6303501945525292,1.0,0.7732696897374701,0.15958914351983697
mmh115pr1lsvkw,behavioral_momentum,Ph 3,0.5486111111111112,0.46875,0.1171875,0.1875,0.017293705954045824
mmh115pr1lsvkw,behavioral_momentum,Ph 4,0.6470588235294118,0.6530612244897959,0.5614035087719298,0.6037735849056604,0.2915316493330677
mmh115pr1lsvkw,hill_climbing,Full,0.7069767441860465,0.7330097087378641,0.6801801801801802,0.705607476635514,0.4159012381559582
mmh115pr1lsvkw,hill_climbing,Ph 1,0.78125,0.7310924369747899,0.8969072164948454,0.8055555555555556,0.5768345680704315
mmh115pr1lsvkw,hill_climbing,Ph 2,0.7662835249042146,0.7671957671957672,0.8950617283950617,0.8262108262108262,0.4891992694932356
mmh115pr1lsvkw,hill_climbing,Ph 3,0.5659722222222222,0.5319148936170213,0.1953125,0.2857142857142857,0.07773726840626212
mmh115pr1lsvkw,hill_climbing,Ph 4,0.7983193277310925,0.7894736842105263,0.7894736842105263,0.7894736842105263,0.5959252971137521
mmh115pr1lsvkw,q_learning,Full,0.6848837209302325,0.7016317016317016,0.6779279279279279,0.6895761741122566,0.37004033797073654
mmh115pr1lsvkw,q_learning,Ph 1,0.7083333333333334,0.6589147286821705,0.8762886597938144,0.7522123893805309,0.4399163234880087
mmh115pr1lsvkw,q_learning,Ph 2,0.7049808429118773,0.695852534562212,0.9320987654320988,0.7968337730870713,0.3440110085284122
mmh115pr1lsvkw,q_learning,Ph 3,0.59375,0.6774193548387096,0.1640625,0.2641509433962264,0.16283619671686947
mmh115pr1lsvkw,q_learning,Ph 4,0.8235294117647058,0.8461538461538461,0.7719298245614035,0.8073394495412844,0.6474943472353708
mmh115pr1lsvkw,q_dual_alpha,Full,0.6848837209302325,0.7016317016317016,0.6779279279279279,0.6895761741122566,0.37004033797073654
mmh115pr1lsvkw,q_dual_alpha,Ph 1,0.7083333333333334,0.6589147286821705,0.8762886597938144,0.7522123893805309,0.4399163234880087
mmh115pr1lsvkw,q_dual_alpha,Ph 2,0.7049808429118773,0.695852534562212,0.9320987654320988,0.7968337730870713,0.3440110085284122
mmh115pr1lsvkw,q_dual_alpha,Ph 3,0.59375,0.6774193548387096,0.1640625,0.2641509433962264,0.16283619671686947
mmh115pr1lsvkw,q_dual_alpha,Ph 4,0.8235294117647058,0.8461538461538461,0.7719298245614035,0.8073394495412844,0.6474943472353708
mmh115pr1lsvkw,q_forgetting,Full,0.6872093023255814,0.703016241299304,0.6824324324324325,0.6925714285714286,0.3745424665562485
mmh115pr1lsvkw,q_forgetting,Ph 1,0.7239583333333334,0.6864406779661016,0.8350515463917526,0.7534883720930232,0.45773530605780427
mmh115pr1lsvkw,q_forgetting,Ph 2,0.7318007662835249,0.73,0.9012345679012346,0.8066298342541437,0.4079216422747533
mmh115pr1lsvkw,q_forgetting,Ph 3,0.5868055555555556,0.5818181818181818,0.25,0.34972677595628415,0.13431812157652837
mmh115pr1lsvkw,q_forgetting,Ph 4,0.773109243697479,0.7586206896551724,0.7719298245614035,0.7652173913043478,0.5458145669453256
mmh115pr1lsvkw,hmm_2state,Full,1.0,1.0,1.0,1.0,1.0
mmh115pr1lsvkw,hmm_2state,Ph 1,1.0,1.0,1.0,1.0,1.0
mmh115pr1lsvkw,hmm_2state,Ph 2,1.0,1.0,1.0,1.0,1.0
mmh115pr1lsvkw,hmm_2state,Ph 3,1.0,1.0,1.0,1.0,1.0
mmh115pr1lsvkw,hmm_2state,Ph 4,1.0,1.0,1.0,1.0,1.0
mmh115pr1lsvkw,hmm_3state,Full,1.0,1.0,1.0,1.0,1.0
mmh115pr1lsvkw,hmm_3state,Ph 1,1.0,1.0,1.0,1.0,1.0
mmh115pr1lsvkw,hmm_3state,Ph 2,1.0,1.0,1.0,1.0,1.0
mmh115pr1lsvkw,hmm_3state,Ph 3,1.0,1.0,1.0,1.0,1.0
mmh115pr1lsvkw,hmm_3state,Ph 4,1.0,1.0,1.0,1.0,1.0
mmh115pr1lsvkw,hmm_4state,Full,1.0,1.0,1.0,1.0,1.0
mmh115pr1lsvkw,hmm_4state,Ph 1,1.0,1.0,1.0,1.0,1.0
mmh115pr1lsvkw,hmm_4state,Ph 2,1.0,1.0,1.0,1.0,1.0
mmh115pr1lsvkw,hmm_4state,Ph 3,1.0,1.0,1.0,1.0,1.0
mmh115pr1lsvkw,hmm_4state,Ph 4,1.0,1.0,1.0,1.0,1.0
mmh16ou0ocswzc,random,Full,0.49648946840521563,0.49648946840521563,1.0,0.6635388739946381,0.0
mmh16ou0ocswzc,random,Ph 1,0.5,0.5,1.0,0.6666666666666666,0.0
mmh16ou0ocswzc,random,Ph 2,0.6506024096385542,0.6506024096385542,1.0,0.7883211678832117,0.0
mmh16ou0ocswzc,random,Ph 3,0.3684210526315789,0.3684210526315789,1.0,0.5384615384615384,0.0
mmh16ou0ocswzc,random,Ph 4,0.46530612244897956,0.46530612244897956,1.0,0.6350974930362117,0.0
mmh16ou0ocswzc,bias,Full,0.5035105315947843,0.0,0.0,0.0,0.0
mmh16ou0ocswzc,bias,Ph 1,0.5,0.0,0.0,0.0,0.0
mmh16ou0ocswzc,bias,Ph 2,0.3493975903614458,0.0,0.0,0.0,0.0
mmh16ou0ocswzc,bias,Ph 3,0.631578947368421,0.0,0.0,0.0,0.0
mmh16ou0ocswzc,bias,Ph 4,0.5346938775510204,0.0,0.0,0.0,0.0
mmh16ou0ocswzc,wsls,Full,0.6188565697091274,0.7489177489177489,0.34949494949494947,0.4765840220385675,0.2772492081160019
mmh16ou0ocswzc,wsls,Ph 1,0.5625,0.7857142857142857,0.171875,0.28205128205128205,0.20025046972870356
mmh16ou0ocswzc,wsls,Ph 2,0.4779116465863454,0.8478260869565217,0.24074074074074073,0.375,0.19691199060951003
mmh16ou0ocswzc,wsls,Ph 3,0.7408906882591093,0.7368421052631579,0.46153846153846156,0.5675675675675675,0.4183300132670378
mmh16ou0ocswzc,wsls,Ph 4,0.6979591836734694,0.7,0.6140350877192983,0.6542056074766355,0.3907471059090384
mmh16ou0ocswzc,generalized_matching_law,Full,0.6228686058174524,0.6027633851468048,0.705050505050505,0.6499068901303539,0.25016038009943065
mmh16ou0ocswzc,generalized_matching_law,Ph 1,0.5859375,0.5528846153846154,0.8984375,0.6845238095238095,0.22017621148199482
mmh16ou0ocswzc,generalized_matching_law,Ph 2,0.6867469879518072,0.6826086956521739,0.9691358024691358,0.8010204081632653,0.23356330546218568
mmh16ou0ocswzc,generalized_matching_law,Ph 3,0.6639676113360324,0.5952380952380952,0.27472527472527475,0.37593984962406013,0.21283221070663774
mmh16ou0ocswzc,generalized_matching_law,Ph 4,0.5551020408163265,0.5252525252525253,0.45614035087719296,0.48826291079812206,0.09896515469069102
mmh16ou0ocswzc,melioration,Full,0.6710130391173521,0.653211009174312,0.7191919191919192,0.6846153846153846,0.34419014136073733
mmh16ou0ocswzc,melioration,Ph 1,0.65234375,0.6101694915254238,0.84375,0.7081967213114754,0.3298104622351836
mmh16ou0ocswzc,melioration,Ph 2,0.751004016064257,0.7475247524752475,0.9320987654320988,0.8296703296703297,0.42143720474949065
mmh16ou0ocswzc,melioration,Ph 3,0.708502024291498,0.6938775510204082,0.37362637362637363,0.4857142857142857,0.3356389473223056
mmh16ou0ocswzc,melioration,Ph 4,0.5714285714285714,0.5384615384615384,0.5526315789473685,0.5454545454545454,0.14022080023063369
mmh16ou0ocswzc,kinetic,Full,0.6068204613841525,0.5980952380952381,0.6343434343434343,0.615686274509804,0.2143224783932185
mmh16ou0ocswzc,kinetic,Ph 1,0.59765625,0.5668449197860963,0.828125,0.6730158730158731,0.22008713654160764
mmh16ou0ocswzc,kinetic,Ph 2,0.6666666666666666,0.6787330316742082,0.9259259259259259,0.783289817232376,0.16575959244153707
mmh16ou0ocswzc,kinetic,Ph 3,0.6639676113360324,0.6111111111111112,0.24175824175824176,0.3464566929133858,0.20781455758268824
mmh16ou0ocswzc,kinetic,Ph 4,0.49795918367346936,0.4444444444444444,0.3157894736842105,0.36923076923076925,-0.029393265273137847
mmh16ou0ocswzc,behavioral_momentum,Full,0.6178535606820461,0.6014234875444839,0.6828282828282828,0.6395458845789972,0.2385506130171554
mmh16ou0ocswzc,behavioral_momentum,Ph 1,0.59375,0.5560747663551402,0.9296875,0.695906432748538,0.2531510364644343
mmh16ou0ocswzc,behavioral_momentum,Ph 2,0.6666666666666666,0.6680851063829787,0.9691358024691358,0.7909319899244333,0.15023134351834166
mmh16ou0ocswzc,behavioral_momentum,Ph 3,0.6477732793522267,0.5666666666666667,0.18681318681318682,0.2809917355371901,0.15280877921409122
mmh16ou0ocswzc,behavioral_momentum,Ph 4,0.563265306122449,0.5421686746987951,0.39473684210526316,0.45685279187817257,0.1102997050396466
mmh16ou0ocswzc,hill_climbing,Full,0.7141424272818455,0.7160493827160493,0.703030303030303,0.709480122324159,0.42825400924415213
mmh16ou0ocswzc,hill_climbing,Ph 1,0.75390625,0.7304964539007093,0.8046875,0.7657992565055762,0.510451965181175
mmh16ou0ocswzc,hill_climbing,Ph 2,0.8112449799196787,0.8212290502793296,0.9074074074074074,0.8621700879765396,0.5722773392984037
mmh16ou0ocswzc,hill_climbing,Ph 3,0.757085020242915,0.7627118644067796,0.4945054945054945,0.6,0.4579074357186527
mmh16ou0ocswzc,hill_climbing,Ph 4,0.5306122448979592,0.4953271028037383,0.4649122807017544,0.4796380090497738,0.05299748087659175
mmh16ou0ocswzc,q_learning,Full,0.6710130391173521,0.653211009174312,0.7191919191919192,0.6846153846153846,0.34419014136073733
mmh16ou0ocswzc,q_learning,Ph 1,0.65234375,0.6101694915254238,0.84375,0.7081967213114754,0.3298104622351836
mmh16ou0ocswzc,q_learning,Ph 2,0.751004016064257,0.7475247524752475,0.9320987654320988,0.8296703296703297,0.42143720474949065
mmh16ou0ocswzc,q_learning,Ph 3,0.708502024291498,0.6938775510204082,0.37362637362637363,0.4857142857142857,0.3356389473223056
mmh16ou0ocswzc,q_learning,Ph 4,0.5714285714285714,0.5384615384615384,0.5526315789473685,0.5454545454545454,0.14022080023063369
mmh16ou0ocswzc,q_dual_alpha,Full,0.6720160481444333,0.6544117647058824,0.7191919191919192,0.685274302213667,0.34612621992574194
mmh16ou0ocswzc,q_dual_alpha,Ph 1,0.65625,0.6136363636363636,0.84375,0.7105263157894737,0.337099931231621
mmh16ou0ocswzc,q_dual_alpha,Ph 2,0.751004016064257,0.7475247524752475,0.9320987654320988,0.8296703296703297,0.42143720474949065
mmh16ou0ocswzc,q_dual_alpha,Ph 3,0.708502024291498,0.6938775510204082,0.37362637362637363,0.4857142857142857,0.3356389473223056
mmh16ou0ocswzc,q_dual_alpha,Ph 4,0.5714285714285714,0.5384615384615384,0.5526315789473685,0.5454545454545454,0.14022080023063369
mmh16ou0ocswzc,q_forgetting,Full,0.6579739217652959,0.6469465648854962,0.6848484848484848,0.6653581943081452,0.31672945241995953
mmh16ou0ocswzc,q_forgetting,Ph 1,0.65234375,0.6101694915254238,0.84375,0.7081967213114754,0.3298104622351836
mmh16ou0ocswzc,q_forgetting,Ph 2,0.7429718875502008,0.7525773195876289,0.9012345679012346,0.8202247191011236,0.40169374044042117
mmh16ou0ocswzc,q_forgetting,Ph 3,0.7004048582995951,0.6888888888888889,0.34065934065934067,0.45588235294117646,0.31356600882110663
mmh16ou0ocswzc,q_forgetting,Ph 4,0.5346938775510204,0.5,0.47368421052631576,0.4864864864864865,0.06175646752859077
mmh16ou0ocswzc,hmm_2state,Full,0.995987963891675,1.0,0.9919191919191919,0.9959432048681541,0.992007022901072
mmh16ou0ocswzc,hmm_2state,Ph 1,0.99609375,1.0,0.9921875,0.996078431372549,0.9922177805456863
mmh16ou0ocswzc,hmm_2state,Ph 2,0.9959839357429718,1.0,0.9938271604938271,0.9969040247678018,0.9912283642197038
mmh16ou0ocswzc,hmm_2state,Ph 3,0.9959514170040485,1.0,0.989010989010989,0.994475138121547,0.9913180902011037
mmh16ou0ocswzc,hmm_2state,Ph 4,0.9959183673469387,1.0,0.9912280701754386,0.9955947136563876,0.9918259759723494
mmh16ou0ocswzc,hmm_3state,Full,0.995987963891675,1.0,0.9919191919191919,0.9959432048681541,0.992007022901072
mmh16ou0ocswzc,hmm_3state,Ph 1,0.99609375,1.0,0.9921875,0.996078431372549,0.9922177805456863
mmh16ou0ocswzc,hmm_3state,Ph 2,0.9959839357429718,1.0,0.9938271604938271,0.9969040247678018,0.9912283642197038
mmh16ou0ocswzc,hmm_3state,Ph 3,0.9959514170040485,1.0,0.989010989010989,0.994475138121547,0.9913180902011037
mmh16ou0ocswzc,hmm_3state,Ph 4,0.9959183673469387,1.0,0.9912280701754386,0.9955947136563876,0.9918259759723494
mmh16ou0ocswzc,hmm_4state,Full,0.995987963891675,1.0,0.9919191919191919,0.9959432048681541,0.992007022901072
mmh16ou0ocswzc,hmm_4state,Ph 1,0.99609375,1.0,0.9921875,0.996078431372549,0.9922177805456863
mmh16ou0ocswzc,hmm_4state,Ph 2,0.9959839357429718,1.0,0.9938271604938271,0.9969040247678018,0.9912283642197038
mmh16ou0ocswzc,hmm_4state,Ph 3,0.9959514170040485,1.0,0.989010989010989,0.994475138121547,0.9913180902011037
mmh16ou0ocswzc,hmm_4state,Ph 4,0.9959183673469387,1.0,0.9912280701754386,0.9955947136563876,0.9918259759723494
mmh19xdl74m2p5,random,Full,0.5089567966280295,0.5089567966280295,1.0,0.6745810055865922,0.0
mmh19xdl74m2p5,random,Ph 1,0.5481171548117155,0.5481171548117155,1.0,0.7081081081081081,0.0
mmh19xdl74m2p5,random,Ph 2,0.6208333333333333,0.6208333333333333,1.0,0.7660668380462725,0.0
mmh19xdl74m2p5,random,Ph 3,0.371900826446281,0.371900826446281,1.0,0.5421686746987951,0.0
mmh19xdl74m2p5,random,Ph 4,0.4956140350877193,0.4956140350877193,1.0,0.6627565982404692,0.0
mmh19xdl74m2p5,bias,Full,0.4910432033719705,0.0,0.0,0.0,0.0
mmh19xdl74m2p5,bias,Ph 1,0.45188284518828453,0.0,0.0,0.0,0.0
mmh19xdl74m2p5,bias,Ph 2,0.37916666666666665,0.0,0.0,0.0,0.0
mmh19xdl74m2p5,bias,Ph 3,0.628099173553719,0.0,0.0,0.0,0.0
mmh19xdl74m2p5,bias,Ph 4,0.5043859649122807,0.0,0.0,0.0,0.0
mmh19xdl74m2p5,wsls,Full,0.6628029504741834,0.8326530612244898,0.422360248447205,0.5604395604395604,0.38197425195342616
mmh19xdl74m2p5,wsls,Ph 1,0.602510460251046,0.8333333333333334,0.3435114503816794,0.4864864864864865,0.30962466361356616
mmh19xdl74m2p5,wsls,Ph 2,0.5083333333333333,0.8780487804878049,0.24161073825503357,0.37894736842105264,0.24063558353134873
mmh19xdl74m2p5,wsls,Ph 3,0.768595041322314,0.8269230769230769,0.4777777777777778,0.6056338028169014,0.49252674991282536
mmh19xdl74m2p5,wsls,Ph 4,0.7763157894736842,0.8163265306122449,0.7079646017699115,0.7582938388625592,0.556934277219875
mmh19xdl74m2p5,generalized_matching_law,Full,0.6512118018967334,0.6472868217054264,0.6915113871635611,0.6686686686686687,0.3020626631224073
mmh19xdl74m2p5,generalized_matching_law,Ph 1,0.6443514644351465,0.6916666666666667,0.6335877862595419,0.6613545816733067,0.28964713540461157
mmh19xdl74m2p5,generalized_matching_law,Ph 2,0.6708333333333333,0.6767676767676768,0.8993288590604027,0.7723342939481268,0.250313288553838
mmh19xdl74m2p5,generalized_matching_law,Ph 3,0.7107438016528925,0.7380952380952381,0.34444444444444444,0.4696969696969697,0.3472111610602414
mmh19xdl74m2p5,generalized_matching_law,Ph 4,0.5745614035087719,0.5512820512820513,0.7610619469026548,0.6394052044609665,0.16388850777595176
mmh19xdl74m2p5,melioration,Full,0.6923076923076923,0.7215777262180975,0.6438923395445134,0.6805251641137856,0.38795330543593487
mmh19xdl74m2p5,melioration,Ph 1,0.694560669456067,0.8020833333333334,0.5877862595419847,0.6784140969162996,0.41811317944559623
mmh19xdl74m2p5,melioration,Ph 2,0.7333333333333333,0.7456647398843931,0.8657718120805369,0.8012422360248447,0.4134347009082117
mmh19xdl74m2p5,melioration,Ph 3,0.743801652892562,0.8181818181818182,0.4,0.5373134328358209,0.435285750066007
mmh19xdl74m2p5,melioration,Ph 4,0.5921052631578947,0.5847457627118644,0.6106194690265486,0.5974025974025974,0.18463910682149026
mmh19xdl74m2p5,kinetic,Full,0.5985247629083246,0.6180555555555556,0.5527950310559007,0.5836065573770491,0.19948768973025008
mmh19xdl74m2p5,kinetic,Ph 1,0.5857740585774058,0.6538461538461539,0.5190839694656488,0.5787234042553191,0.1864636930196073
mmh19xdl74m2p5,kinetic,Ph 2,0.6125,0.6573033707865169,0.785234899328859,0.7155963302752294,0.1273643187765742
mmh19xdl74m2p5,kinetic,Ph 3,0.6694214876033058,0.6666666666666666,0.2222222222222222,0.3333333333333333,0.22942575355627706
mmh19xdl74m2p5,kinetic,Ph 4,0.5219298245614035,0.5166666666666667,0.5486725663716814,0.5321888412017167,0.04438455200966756
mmh19xdl74m2p5,behavioral_momentum,Full,0.6533192834562698,0.675,0.6149068322981367,0.6435536294691224,0.3088077841810491
mmh19xdl74m2p5,behavioral_momentum,Ph 1,0.6652719665271967,0.7741935483870968,0.549618320610687,0.6428571428571429,0.3625522780894767
mmh19xdl74m2p5,behavioral_momentum,Ph 2,0.6875,0.6831683168316832,0.9261744966442953,0.7863247863247863,0.2962191603718341
mmh19xdl74m2p5,behavioral_momentum,Ph 3,0.6983471074380165,0.84,0.23333333333333334,0.3652173913043478,0.32873831824435173
mmh19xdl74m2p5,behavioral_momentum,Ph 4,0.5570175438596491,0.55,0.584070796460177,0.5665236051502146,0.1146600926916412
mmh19xdl74m2p5,hill_climbing,Full,0.7987355110642782,0.7874015748031497,0.8281573498964804,0.8072653884964682,0.5977936918144086
mmh19xdl74m2p5,hill_climbing,Ph 1,0.9079497907949791,0.916030534351145,0.916030534351145,0.916030534351145,0.8141786824992931
mmh19xdl74m2p5,hill_climbing,Ph 2,0.85,0.8383233532934131,0.9395973154362416,0.8860759493670886,0.6780060200155679
mmh19xdl74m2p5,hill_climbing,Ph 3,0.9214876033057852,0.9080459770114943,0.8777777777777778,0.8926553672316384,0.8310908035808349
mmh19xdl74m2p5,hill_climbing,Ph 4,0.5,0.4959349593495935,0.5398230088495575,0.5169491525423728,0.0006947157777185062
mmh19xdl74m2p5,q_learning,Full,0.6923076923076923,0.7215777262180975,0.6438923395445134,0.6805251641137856,0.38795330543593487
mmh19xdl74m2p5,q_learning,Ph 1,0.694560669456067,0.8020833333333334,0.5877862595419847,0.6784140969162996,0.41811317944559623
mmh19xdl74m2p5,q_learning,Ph 2,0.7333333333333333,0.7456647398843931,0.8657718120805369,0.8012422360248447,0.4134347009082117
mmh19xdl74m2p5,q_learning,Ph 3,0.743801652892562,0.8181818181818182,0.4,0.5373134328358209,0.435285750066007
mmh19xdl74m2p5,q_learning,Ph 4,0.5921052631578947,0.5847457627118644,0.6106194690265486,0.5974025974025974,0.18463910682149026
mmh19xdl74m2p5,q_dual_alpha,Full,0.6944151738672286,0.7228637413394919,0.6480331262939959,0.6834061135371179,0.39196173437558474
mmh19xdl74m2p5,q_dual_alpha,Ph 1,0.7071129707112971,0.8144329896907216,0.6030534351145038,0.6929824561403509,0.4422716078851879
mmh19xdl74m2p5,q_dual_alpha,Ph 2,0.7333333333333333,0.7456647398843931,0.8657718120805369,0.8012422360248447,0.4134347009082117
mmh19xdl74m2p5,q_dual_alpha,Ph 3,0.743801652892562,0.8181818181818182,0.4,0.5373134328358209,0.435285750066007
mmh19xdl74m2p5,q_dual_alpha,Ph 4,0.5877192982456141,0.5798319327731093,0.6106194690265486,0.5948275862068966,0.17599945898812341
mmh19xdl74m2p5,q_forgetting,Full,0.6828240252897787,0.7022222222222222,0.6542443064182195,0.677384780278671,0.36712151781847785
mmh19xdl74m2p5,q_forgetting,Ph 1,0.694560669456067,0.7959183673469388,0.5954198473282443,0.6812227074235808,0.4151043495402809
mmh19xdl74m2p5,q_forgetting,Ph 2,0.7333333333333333,0.7428571428571429,0.87248322147651,0.8024691358024691,0.4126713670788431
mmh19xdl74m2p5,q_forgetting,Ph 3,0.743801652892562,0.7916666666666666,0.4222222222222222,0.5507246376811594,0.43201533660284225
mmh19xdl74m2p5,q_forgetting,Ph 4,0.5526315789473685,0.5426356589147286,0.6194690265486725,0.5785123966942148,0.10735482930593244
mmh19xdl74m2p5,hmm_2state,Full,1.0,1.0,1.0,1.0,1.0
mmh19xdl74m2p5,hmm_2state,Ph 1,1.0,1.0,1.0,1.0,1.0
mmh19xdl74m2p5,hmm_2state,Ph 2,1.0,1.0,1.0,1.0,1.0
mmh19xdl74m2p5,hmm_2state,Ph 3,1.0,1.0,1.0,1.0,1.0
mmh19xdl74m2p5,hmm_2state,Ph 4,1.0,1.0,1.0,1.0,1.0
mmh19xdl74m2p5,hmm_3state,Full,1.0,1.0,1.0,1.0,1.0
mmh19xdl74m2p5,hmm_3state,Ph 1,1.0,1.0,1.0,1.0,1.0
mmh19xdl74m2p5,hmm_3state,Ph 2,1.0,1.0,1.0,1.0,1.0
mmh19xdl74m2p5,hmm_3state,Ph 3,1.0,1.0,1.0,1.0,1.0
mmh19xdl74m2p5,hmm_3state,Ph 4,1.0,1.0,1.0,1.0,1.0
mmh19xdl74m2p5,hmm_4state,Full,1.0,1.0,1.0,1.0,1.0
mmh19xdl74m2p5,hmm_4state,Ph 1,1.0,1.0,1.0,1.0,1.0
mmh19xdl74m2p5,hmm_4state,Ph 2,1.0,1.0,1.0,1.0,1.0
mmh19xdl74m2p5,hmm_4state,Ph 3,1.0,1.0,1.0,1.0,1.0
mmh19xdl74m2p5,hmm_4state,Ph 4,1.0,1.0,1.0,1.0,1.0
mmh1cyh0ahaw8s,random,Full,0.537109375,0.537109375,1.0,0.6988564167725541,0.0
mmh1cyh0ahaw8s,random,Ph 1,0.5495867768595041,0.5495867768595041,1.0,0.7093333333333334,0.0
mmh1cyh0ahaw8s,random,Ph 2,0.6352941176470588,0.6352941176470588,1.0,0.7769784172661871,0.0
mmh1cyh0ahaw8s,random,Ph 3,0.38671875,0.38671875,1.0,0.5577464788732395,0.0
mmh1cyh0ahaw8s,random,Ph 4,0.5756457564575646,0.5756457564575646,1.0,0.7306791569086651,0.0
mmh1cyh0ahaw8s,bias,Full,0.462890625,0.0,0.0,0.0,0.0
mmh1cyh0ahaw8s,bias,Ph 1,0.45041322314049587,0.0,0.0,0.0,0.0
mmh1cyh0ahaw8s,bias,Ph 2,0.36470588235294116,0.0,0.0,0.0,0.0
mmh1cyh0ahaw8s,bias,Ph 3,0.61328125,0.0,0.0,0.0,0.0
mmh1cyh0ahaw8s,bias,Ph 4,0.42435424354243545,0.0,0.0,0.0,0.0
mmh1cyh0ahaw8s,wsls,Full,0.65625,0.8173076923076923,0.4636363636363636,0.5916473317865429,0.3719908556542501
mmh1cyh0ahaw8s,wsls,Ph 1,0.6033057851239669,0.8490566037735849,0.3383458646616541,0.4838709677419355,0.31873987708279505
mmh1cyh0ahaw8s,wsls,Ph 2,0.48627450980392156,0.8604651162790697,0.22839506172839505,0.36097560975609755,0.2106783702567217
mmh1cyh0ahaw8s,wsls,Ph 3,0.73828125,0.7285714285714285,0.5151515151515151,0.6035502958579881,0.4306297967517889
mmh1cyh0ahaw8s,wsls,Ph 4,0.7859778597785978,0.8356164383561644,0.782051282051282,0.8079470198675497,0.5684651774936947
mmh1cyh0ahaw8s,generalized_matching_law,Full,0.6513671875,0.680373831775701,0.6618181818181819,0.6709677419354839,0.30053174973562735
mmh1cyh0ahaw8s,generalized_matching_law,Ph 1,0.628099173553719,0.6405228758169934,0.7368421052631579,0.6853146853146853,0.2396422167137424
mmh1cyh0ahaw8s,generalized_matching_law,Ph 2,0.6431372549019608,0.6682464454976303,0.8703703703703703,0.7560321715817694,0.14991399862406557
mmh1cyh0ahaw8s,generalized_matching_law,Ph 3,0.67578125,0.6818181818181818,0.30303030303030304,0.4195804195804196,0.276057355226867
mmh1cyh0ahaw8s,generalized_matching_law,Ph 4,0.6568265682656826,0.7480314960629921,0.6089743589743589,0.6713780918727915,0.32755182420938145
mmh1cyh0ahaw8s,melioration,Full,0.6298828125,0.6854663774403471,0.5745454545454546,0.6251236399604352,0.2692363883599409
mmh1cyh0ahaw8s,melioration,Ph 1,0.6528925619834711,0.696,0.6541353383458647,0.6744186046511628,0.30417160784603603
mmh1cyh0ahaw8s,melioration,Ph 2,0.6588235294117647,0.6777251184834123,0.8827160493827161,0.7667560321715817,0.1930364686174516
mmh1cyh0ahaw8s,melioration,Ph 3,0.66015625,0.6764705882352942,0.23232323232323232,0.3458646616541353,0.23284221015519754
mmh1cyh0ahaw8s,melioration,Ph 4,0.5535055350553506,0.6923076923076923,0.40384615384615385,0.5101214574898786,0.16783081124244817
mmh1cyh0ahaw8s,kinetic,Full,0.5791015625,0.6413301662707839,0.4909090909090909,0.5561277033985582,0.17464903848941327
mmh1cyh0ahaw8s,kinetic,Ph 1,0.5206611570247934,0.5669291338582677,0.5413533834586466,0.5538461538461539,0.03663003713261499
mmh1cyh0ahaw8s,kinetic,Ph 2,0.6352941176470588,0.6635071090047393,0.8641975308641975,0.7506702412868632,0.12835276362737255
mmh1cyh0ahaw8s,kinetic,Ph 3,0.66796875,0.6590909090909091,0.29292929292929293,0.40559440559440557,0.2547966202876137
mmh1cyh0ahaw8s,kinetic,Ph 4,0.4944649446494465,0.7435897435897436,0.1858974358974359,0.29743589743589743,0.1393191583271609
mmh1cyh0ahaw8s,behavioral_momentum,Full,0.583984375,0.6565656565656566,0.4727272727272727,0.5496828752642706,0.190241912850855
mmh1cyh0ahaw8s,behavioral_momentum,Ph 1,0.5743801652892562,0.6271186440677966,0.556390977443609,0.5896414342629482,0.15201508996282032
mmh1cyh0ahaw8s,behavioral_momentum,Ph 2,0.6509803921568628,0.665158371040724,0.9074074074074074,0.7676240208877284,0.15817925984933898
mmh1cyh0ahaw8s,behavioral_momentum,Ph 3,0.6328125,0.5925925925925926,0.16161616161616163,0.25396825396825395,0.14515695634698852
mmh1cyh0ahaw8s,behavioral_momentum,Ph 4,0.4833948339483395,0.7666666666666667,0.14743589743589744,0.24731182795698925,0.13636128580972637
mmh1cyh0ahaw8s,hill_climbing,Full,0.671875,0.7257383966244726,0.6254545454545455,0.671875,0.351192942079018
mmh1cyh0ahaw8s,hill_climbing,Ph 1,0.7727272727272727,0.8305084745762712,0.7368421052631579,0.7808764940239044,0.5507972229818178
mmh1cyh0ahaw8s,hill_climbing,Ph 2,0.7568627450980392,0.7659574468085106,0.8888888888888888,0.8228571428571428,0.4547120272098395
mmh1cyh0ahaw8s,hill_climbing,Ph 3,0.71484375,0.6805555555555556,0.494949494949495,0.5730994152046783,0.3774297005053109
mmh1cyh0ahaw8s,hill_climbing,Ph 4,0.4612546125461255,0.5520833333333334,0.33974358974358976,0.42063492063492064,-0.035309747692448455
mmh1cyh0ahaw8s,q_learning,Full,0.6298828125,0.6854663774403471,0.5745454545454546,0.6251236399604352,0.2692363883599409
mmh1cyh0ahaw8s,q_learning,Ph 1,0.6528925619834711,0.696,0.6541353383458647,0.6744186046511628,0.30417160784603603
mmh1cyh0ahaw8s,q_learning,Ph 2,0.6588235294117647,0.6777251184834123,0.8827160493827161,0.7667560321715817,0.1930364686174516
mmh1cyh0ahaw8s,q_learning,Ph 3,0.66015625,0.6764705882352942,0.23232323232323232,0.3458646616541353,0.23284221015519754
mmh1cyh0ahaw8s,q_learning,Ph 4,0.5535055350553506,0.6923076923076923,0.40384615384615385,0.5101214574898786,0.16783081124244817
mmh1cyh0ahaw8s,q_dual_alpha,Full,0.625,0.6781115879828327,0.5745454545454546,0.6220472440944882,0.25842303861983534
mmh1cyh0ahaw8s,q_dual_alpha,Ph 1,0.640495867768595,0.6796875,0.6541353383458647,0.6666666666666666,0.2770821610622883
mmh1cyh0ahaw8s,q_dual_alpha,Ph 2,0.6588235294117647,0.676056338028169,0.8888888888888888,0.768,0.19070592579996018
mmh1cyh0ahaw8s,q_dual_alpha,Ph 3,0.65234375,0.6470588235294118,0.2222222222222222,0.3308270676691729,0.20920715630915054
mmh1cyh0ahaw8s,q_dual_alpha,Ph 4,0.5535055350553506,0.6923076923076923,0.40384615384615385,0.5101214574898786,0.16783081124244817
mmh1cyh0ahaw8s,q_forgetting,Full,0.6181640625,0.67170626349892,0.5654545454545454,0.6140177690029615,0.24522995942256662
mmh1cyh0ahaw8s,q_forgetting,Ph 1,0.6570247933884298,0.7016129032258065,0.6541353383458647,0.6770428015564203,0.31323073189267675
mmh1cyh0ahaw8s,q_forgetting,Ph 2,0.6627450980392157,0.6792452830188679,0.8888888888888888,0.7700534759358288,0.2027427329809521
mmh1cyh0ahaw8s,q_forgetting,Ph 3,0.65625,0.6486486486486487,0.24242424242424243,0.35294117647058826,0.22107336476740316
mmh1cyh0ahaw8s,q_forgetting,Ph 4,0.5055350553505535,0.6222222222222222,0.358974358974359,0.45528455284552843,0.06645177254413522
mmh1cyh0ahaw8s,hmm_2state,Full,0.9970703125,1.0,0.9945454545454545,0.9972652689152234,0.9941279855665859
mmh1cyh0ahaw8s,hmm_2state,Ph 1,0.9917355371900827,1.0,0.9849624060150376,0.9924242424242424,0.9834710649716077
mmh1cyh0ahaw8s,hmm_2state,Ph 2,1.0,1.0,1.0,1.0,1.0
mmh1cyh0ahaw8s,hmm_2state,Ph 3,0.99609375,1.0,0.98989898989899,0.9949238578680203,0.9917831448550719
mmh1cyh0ahaw8s,hmm_2state,Ph 4,1.0,1.0,1.0,1.0,1.0
mmh1cyh0ahaw8s,hmm_3state,Full,0.9970703125,1.0,0.9945454545454545,0.9972652689152234,0.9941279855665859
mmh1cyh0ahaw8s,hmm_3state,Ph 1,0.9917355371900827,1.0,0.9849624060150376,0.9924242424242424,0.9834710649716077
mmh1cyh0ahaw8s,hmm_3state,Ph 2,1.0,1.0,1.0,1.0,1.0
mmh1cyh0ahaw8s,hmm_3state,Ph 3,0.99609375,1.0,0.98989898989899,0.9949238578680203,0.9917831448550719
mmh1cyh0ahaw8s,hmm_3state,Ph 4,1.0,1.0,1.0,1.0,1.0
mmh1cyh0ahaw8s,hmm_4state,Full,0.9970703125,1.0,0.9945454545454545,0.9972652689152234,0.9941279855665859
mmh1cyh0ahaw8s,hmm_4state,Ph 1,0.9917355371900827,1.0,0.9849624060150376,0.9924242424242424,0.9834710649716077
mmh1cyh0ahaw8s,hmm_4state,Ph 2,1.0,1.0,1.0,1.0,1.0
mmh1cyh0ahaw8s,hmm_4state,Ph 3,0.99609375,1.0,0.98989898989899,0.9949238578680203,0.9917831448550719
mmh1cyh0ahaw8s,hmm_4state,Ph 4,1.0,1.0,1.0,1.0,1.0
mmh1eq07kkdfkw,random,Full,0.47509225092250923,0.47509225092250923,1.0,0.6441525953721076,0.0
mmh1eq07kkdfkw,random,Ph 1,0.4609375,0.4609375,1.0,0.6310160427807486,0.0
mmh1eq07kkdfkw,random,Ph 2,0.6159695817490495,0.6159695817490495,1.0,0.7623529411764706,0.0
mmh1eq07kkdfkw,random,Ph 3,0.4166666666666667,0.4166666666666667,1.0,0.5882352941176471,0.0
mmh1eq07kkdfkw,random,Ph 4,0.41509433962264153,0.41509433962264153,1.0,0.5866666666666667,0.0
mmh1eq07kkdfkw,bias,Full,0.5249077490774908,0.0,0.0,0.0,0.0
mmh1eq07kkdfkw,bias,Ph 1,0.5390625,0.0,0.0,0.0,0.0
mmh1eq07kkdfkw,bias,Ph 2,0.3840304182509506,0.0,0.0,0.0,0.0
mmh1eq07kkdfkw,bias,Ph 3,0.5833333333333334,0.0,0.0,0.0,0.0
mmh1eq07kkdfkw,bias,Ph 4,0.5849056603773585,0.0,0.0,0.0,0.0
mmh1eq07kkdfkw,wsls,Full,0.6974169741697417,0.8148148148148148,0.46990291262135925,0.5960591133004927,0.41791194638620044
mmh1eq07kkdfkw,wsls,Ph 1,0.63671875,0.7906976744186046,0.288135593220339,0.422360248447205,0.2972364383248588
mmh1eq07kkdfkw,wsls,Ph 2,0.5095057034220533,0.8235294117647058,0.25925925925925924,0.39436619718309857,0.20931387521841854
mmh1eq07kkdfkw,wsls,Ph 3,0.8133333333333334,0.8349514563106796,0.688,0.7543859649122807,0.6134861964734377
mmh1eq07kkdfkw,wsls,Ph 4,0.8113207547169812,0.8,0.7272727272727273,0.7619047619047619,0.6081294113633019
mmh1eq07kkdfkw,generalized_matching_law,Full,0.5904059040590406,0.5816091954022988,0.4912621359223301,0.5326315789473685,0.17462664668838232
mmh1eq07kkdfkw,generalized_matching_law,Ph 1,0.58984375,0.5698924731182796,0.4491525423728814,0.5023696682464455,0.1651026896892881
mmh1eq07kkdfkw,generalized_matching_law,Ph 2,0.6349809885931559,0.6375,0.9444444444444444,0.7611940298507462,0.14299857961679452
mmh1eq07kkdfkw,generalized_matching_law,Ph 3,0.6066666666666667,0.6842105263157895,0.104,0.18055555555555555,0.14111261903874278
mmh1eq07kkdfkw,generalized_matching_law,Ph 4,0.5283018867924528,0.40963855421686746,0.3090909090909091,0.35233160621761656,-0.007477291541045829
mmh1eq07kkdfkw,melioration,Full,0.6503690036900369,0.6168384879725086,0.6970873786407767,0.6545123062898814,0.30562628798784935
mmh1eq07kkdfkw,melioration,Ph 1,0.66015625,0.6054421768707483,0.7542372881355932,0.6716981132075471,0.33665629536938574
mmh1eq07kkdfkw,melioration,Ph 2,0.6425855513307985,0.6382113821138211,0.9691358024691358,0.7696078431372549,0.17396047527832323
mmh1eq07kkdfkw,melioration,Ph 3,0.7466666666666667,0.8769230769230769,0.456,0.6,0.490986800580865
mmh1eq07kkdfkw,melioration,Ph 4,0.539622641509434,0.45161290322580644,0.509090909090909,0.47863247863247865,0.06950221658772981
mmh1eq07kkdfkw,kinetic,Full,0.5756457564575646,0.5514018691588785,0.5728155339805825,0.5619047619047619,0.15084799222735282
mmh1eq07kkdfkw,kinetic,Ph 1,0.5546875,0.5128205128205128,0.6779661016949152,0.583941605839416,0.13000106346618814
mmh1eq07kkdfkw,kinetic,Ph 2,0.6197718631178707,0.628099173553719,0.9382716049382716,0.7524752475247525,0.084660684558216
mmh1eq07kkdfkw,kinetic,Ph 3,0.63,0.6944444444444444,0.2,0.3105590062111801,0.20806259464411975
mmh1eq07kkdfkw,kinetic,Ph 4,0.49056603773584906,0.37623762376237624,0.34545454545454546,0.36018957345971564,-0.06188544764286832
mmh1eq07kkdfkw,behavioral_momentum,Full,0.5802583025830258,0.5520833333333334,0.6174757281553398,0.5829514207149404,0.1641683167994352
mmh1eq07kkdfkw,behavioral_momentum,Ph 1,0.5859375,0.5405405405405406,0.6779661016949152,0.6015037593984962,0.18694250372286986
mmh1eq07kkdfkw,behavioral_momentum,Ph 2,0.623574144486692,0.622568093385214,0.9876543209876543,0.7637231503579952,0.08879213070672062
mmh1eq07kkdfkw,behavioral_momentum,Ph 3,0.5966666666666667,0.5909090909090909,0.104,0.17687074829931973,0.09942373433857306
mmh1eq07kkdfkw,behavioral_momentum,Ph 4,0.5132075471698113,0.436241610738255,0.5909090909090909,0.5019305019305019,0.048640961928419595
mmh1eq07kkdfkw,hill_climbing,Full,0.7195571955719557,0.7032755298651252,0.7087378640776699,0.7059961315280464,0.4379381768465253
mmh1eq07kkdfkw,hill_climbing,Ph 1,0.84765625,0.8211382113821138,0.8559322033898306,0.8381742738589212,0.6949134538301535
mmh1eq07kkdfkw,hill_climbing,Ph 2,0.7186311787072244,0.7115384615384616,0.9135802469135802,0.8,0.3821240504249626
mmh1eq07kkdfkw,hill_climbing,Ph 3,0.78,0.8314606741573034,0.592,0.6915887850467289,0.546428664033545
mmh1eq07kkdfkw,hill_climbing,Ph 4,0.5283018867924528,0.42424242424242425,0.38181818181818183,0.4019138755980861,0.014337631321595474
mmh1eq07kkdfkw,q_learning,Full,0.6503690036900369,0.6168384879725086,0.6970873786407767,0.6545123062898814,0.30562628798784935
mmh1eq07kkdfkw,q_learning,Ph 1,0.66015625,0.6054421768707483,0.7542372881355932,0.6716981132075471,0.33665629536938574
mmh1eq07kkdfkw,q_learning,Ph 2,0.6425855513307985,0.6382113821138211,0.9691358024691358,0.7696078431372549,0.17396047527832323
mmh1eq07kkdfkw,q_learning,Ph 3,0.7466666666666667,0.8769230769230769,0.456,0.6,0.490986800580865
mmh1eq07kkdfkw,q_learning,Ph 4,0.539622641509434,0.45161290322580644,0.509090909090909,0.47863247863247865,0.06950221658772981
mmh1eq07kkdfkw,q_dual_alpha,Full,0.6485239852398524,0.6147260273972602,0.6970873786407767,0.6533212010919017,0.302190940136428
mmh1eq07kkdfkw,q_dual_alpha,Ph 1,0.65234375,0.5973154362416108,0.7542372881355932,0.6666666666666666,0.3228529640681853
mmh1eq07kkdfkw,q_dual_alpha,Ph 2,0.6425855513307985,0.6382113821138211,0.9691358024691358,0.7696078431372549,0.17396047527832323
mmh1eq07kkdfkw,q_dual_alpha,Ph 3,0.7466666666666667,0.8769230769230769,0.456,0.6,0.490986800580865
mmh1eq07kkdfkw,q_dual_alpha,Ph 4,0.539622641509434,0.45161290322580644,0.509090909090909,0.47863247863247865,0.06950221658772981
mmh1eq07kkdfkw,q_forgetting,Full,0.6346863468634686,0.6034782608695652,0.6737864077669903,0.636697247706422,0.2732513193067397
mmh1eq07kkdfkw,q_forgetting,Ph 1,0.6640625,0.6081081081081081,0.7627118644067796,0.6766917293233082,0.3456204909677461
mmh1eq07kkdfkw,q_forgetting,Ph 2,0.6349809885931559,0.6363636363636364,0.9506172839506173,0.7623762376237624,0.1423440007209383
mmh1eq07kkdfkw,q_forgetting,Ph 3,0.73,0.8333333333333334,0.44,0.5759162303664922,0.44884875121270135
mmh1eq07kkdfkw,q_forgetting,Ph 4,0.4981132075471698,0.40336134453781514,0.43636363636363634,0.4192139737991266,-0.02149758247642899
mmh1eq07kkdfkw,hmm_2state,Full,1.0,1.0,1.0,1.0,1.0
mmh1eq07kkdfkw,hmm_2state,Ph 1,1.0,1.0,1.0,1.0,1.0
mmh1eq07kkdfkw,hmm_2state,Ph 2,1.0,1.0,1.0,1.0,1.0
mmh1eq07kkdfkw,hmm_2state,Ph 3,1.0,1.0,1.0,1.0,1.0
mmh1eq07kkdfkw,hmm_2state,Ph 4,1.0,1.0,1.0,1.0,1.0
mmh1eq07kkdfkw,hmm_3state,Full,1.0,1.0,1.0,1.0,1.0
mmh1eq07kkdfkw,hmm_3state,Ph 1,1.0,1.0,1.0,1.0,1.0
mmh1eq07kkdfkw,hmm_3state,Ph 2,1.0,1.0,1.0,1.0,1.0
mmh1eq07kkdfkw,hmm_3state,Ph 3,1.0,1.0,1.0,1.0,1.0
mmh1eq07kkdfkw,hmm_3state,Ph 4,1.0,1.0,1.0,1.0,1.0
mmh1eq07kkdfkw,hmm_4state,Full,1.0,1.0,1.0,1.0,1.0
mmh1eq07kkdfkw,hmm_4state,Ph 1,1.0,1.0,1.0,1.0,1.0
mmh1eq07kkdfkw,hmm_4state,Ph 2,1.0,1.0,1.0,1.0,1.0
mmh1eq07kkdfkw,hmm_4state,Ph 3,1.0,1.0,1.0,1.0,1.0
mmh1eq07kkdfkw,hmm_4state,Ph 4,1.0,1.0,1.0,1.0,1.0
mmh1jfrxrszco0,random,Full,0.5241779497098646,0.5241779497098646,1.0,0.6878172588832487,0.0
mmh1jfrxrszco0,random,Ph 1,0.6692913385826772,0.6692913385826772,1.0,0.8018867924528302,0.0
mmh1jfrxrszco0,random,Ph 2,0.7905405405405406,0.7905405405405406,1.0,0.8830188679245283,0.0
mmh1jfrxrszco0,random,Ph 3,0.09448818897637795,0.09448818897637795,1.0,0.17266187050359713,0.0
mmh1jfrxrszco0,random,Ph 4,0.4956521739130435,0.4956521739130435,1.0,0.6627906976744186,0.0
mmh1jfrxrszco0,bias,Full,0.4758220502901354,0.0,0.0,0.0,0.0
mmh1jfrxrszco0,bias,Ph 1,0.33070866141732286,0.0,0.0,0.0,0.0
mmh1jfrxrszco0,bias,Ph 2,0.20945945945945946,0.0,0.0,0.0,0.0
mmh1jfrxrszco0,bias,Ph 3,0.905511811023622,0.0,0.0,0.0,0.0
mmh1jfrxrszco0,bias,Ph 4,0.5043478260869565,0.0,0.0,0.0,0.0
mmh1jfrxrszco0,wsls,Full,0.4738878143133462,0.48,0.04428044280442804,0.08108108108108109,-0.01994028464589394
mmh1jfrxrszco0,wsls,Ph 1,0.33858267716535434,0.6666666666666666,0.023529411764705882,0.045454545454545456,-0.0008677495997061172
mmh1jfrxrszco0,wsls,Ph 2,0.23648648648648649,0.8333333333333334,0.042735042735042736,0.08130081300813008,0.02161673116134317
mmh1jfrxrszco0,wsls,Ph 3,0.889763779527559,0.25,0.08333333333333333,0.125,0.09587491605571782
mmh1jfrxrszco0,wsls,Ph 4,0.46956521739130436,0.3333333333333333,0.07017543859649122,0.11594202898550725,-0.11081214415985335
mmh1jfrxrszco0,generalized_matching_law,Full,0.7504835589941973,0.7246835443037974,0.8450184501845018,0.7802385008517888,0.5033966854914435
mmh1jfrxrszco0,generalized_matching_law,Ph 1,0.6062992125984252,0.6635514018691588,0.8352941176470589,0.7395833333333334,-0.028219778977656595
mmh1jfrxrszco0,generalized_matching_law,Ph 2,0.8040540540540541,0.8013698630136986,1.0,0.8897338403041825,0.22737915798233302
mmh1jfrxrszco0,generalized_matching_law,Ph 3,0.9606299212598425,0.8181818181818182,0.75,0.782608695652174,0.7618794773537425
mmh1jfrxrszco0,generalized_matching_law,Ph 4,0.6086956521739131,0.6153846153846154,0.5614035087719298,0.5871559633027523,0.2175653106415531
mmh1jfrxrszco0,melioration,Full,0.7794970986460348,0.7735191637630662,0.8191881918819188,0.7956989247311828,0.5577113002861034
mmh1jfrxrszco0,melioration,Ph 1,0.6771653543307087,0.7156862745098039,0.8588235294117647,0.7807486631016043,0.19919125768307389
mmh1jfrxrszco0,melioration,Ph 2,0.7297297297297297,0.7938931297709924,0.8888888888888888,0.8387096774193549,0.02287070069202705
mmh1jfrxrszco0,melioration,Ph 3,0.905511811023622,0.0,0.0,0.0,0.0
mmh1jfrxrszco0,melioration,Ph 4,0.8173913043478261,0.8333333333333334,0.7894736842105263,0.8108108108108109,0.6354555957952412
mmh1jfrxrszco0,kinetic,Full,0.7059961315280464,0.7245283018867924,0.7084870848708487,0.7164179104477612,0.4113875277793845
mmh1jfrxrszco0,kinetic,Ph 1,0.4881889763779528,0.6190476190476191,0.611764705882353,0.6153846153846154,-0.14926459633759745
mmh1jfrxrszco0,kinetic,Ph 2,0.7635135135135135,0.8153846153846154,0.905982905982906,0.8582995951417004,0.16407642701512584
mmh1jfrxrszco0,kinetic,Ph 3,0.937007874015748,0.75,0.5,0.6,0.5810536207559873
mmh1jfrxrszco0,kinetic,Ph 4,0.6173913043478261,0.6511627906976745,0.49122807017543857,0.56,0.24036677643923596
mmh1jfrxrszco0,behavioral_momentum,Full,0.7543520309477756,0.7950819672131147,0.7158671586715867,0.7533980582524272,0.5128228635637271
mmh1jfrxrszco0,behavioral_momentum,Ph 1,0.6771653543307087,0.7156862745098039,0.8588235294117647,0.7807486631016043,0.19919125768307389
mmh1jfrxrszco0,behavioral_momentum,Ph 2,0.7297297297297297,0.8532110091743119,0.7948717948717948,0.8230088495575221,0.257473078257516
mmh1jfrxrszco0,behavioral_momentum,Ph 3,0.9133858267716536,1.0,0.08333333333333333,0.15384615384615385,0.2757865135538739
mmh1jfrxrszco0,behavioral_momentum,Ph 4,0.6956521739130435,0.84375,0.47368421052631576,0.6067415730337079,0.43229844143881224
mmh1jfrxrszco0,hill_climbing,Full,0.7736943907156673,0.7673611111111112,0.8154981549815498,0.7906976744186046,0.5460725511212278
mmh1jfrxrszco0,hill_climbing,Ph 1,0.7716535433070866,0.8414634146341463,0.8117647058823529,0.8263473053892215,0.49400688121856384
mmh1jfrxrszco0,hill_climbing,Ph 2,0.7094594594594594,0.8189655172413793,0.811965811965812,0.8154506437768241,0.13299706605489298
mmh1jfrxrszco0,hill_climbing,Ph 3,0.8188976377952756,0.3333333333333333,0.9166666666666666,0.4888888888888889,0.48380865969960574
mmh1jfrxrszco0,hill_climbing,Ph 4,0.808695652173913,0.8070175438596491,0.8070175438596491,0.8070175438596491,0.617362371445856
mmh1jfrxrszco0,q_learning,Full,0.7794970986460348,0.7735191637630662,0.8191881918819188,0.7956989247311828,0.5577113002861034
mmh1jfrxrszco0,q_learning,Ph 1,0.6771653543307087,0.7156862745098039,0.8588235294117647,0.7807486631016043,0.19919125768307389
mmh1jfrxrszco0,q_learning,Ph 2,0.7297297297297297,0.7938931297709924,0.8888888888888888,0.8387096774193549,0.02287070069202705
mmh1jfrxrszco0,q_learning,Ph 3,0.905511811023622,0.0,0.0,0.0,0.0
mmh1jfrxrszco0,q_learning,Ph 4,0.8173913043478261,0.8333333333333334,0.7894736842105263,0.8108108108108109,0.6354555957952412
mmh1jfrxrszco0,q_dual_alpha,Full,0.7794970986460348,0.7735191637630662,0.8191881918819188,0.7956989247311828,0.5577113002861034
mmh1jfrxrszco0,q_dual_alpha,Ph 1,0.6771653543307087,0.7156862745098039,0.8588235294117647,0.7807486631016043,0.19919125768307389
mmh1jfrxrszco0,q_dual_alpha,Ph 2,0.7297297297297297,0.7938931297709924,0.8888888888888888,0.8387096774193549,0.02287070069202705
mmh1jfrxrszco0,q_dual_alpha,Ph 3,0.905511811023622,0.0,0.0,0.0,0.0
mmh1jfrxrszco0,q_dual_alpha,Ph 4,0.8173913043478261,0.8333333333333334,0.7894736842105263,0.8108108108108109,0.6354555957952412
mmh1jfrxrszco0,q_forgetting,Full,0.8143133462282398,0.8301886792452831,0.8118081180811808,0.8208955223880597,0.6283442785584427
mmh1jfrxrszco0,q_forgetting,Ph 1,0.7480314960629921,0.8045977011494253,0.8235294117647058,0.813953488372093,0.4241480382183551
mmh1jfrxrszco0,q_forgetting,Ph 2,0.6959459459459459,0.8050847457627118,0.811965811965812,0.8085106382978723,0.0708856470217904
mmh1jfrxrszco0,q_forgetting,Ph 3,0.952755905511811,1.0,0.5,0.6666666666666666,0.6893523130955955
mmh1jfrxrszco0,q_forgetting,Ph 4,0.8869565217391304,0.9074074074074074,0.8596491228070176,0.8828828828828829,0.7748497655929575
mmh1jfrxrszco0,hmm_2state,Full,1.0,1.0,1.0,1.0,1.0
mmh1jfrxrszco0,hmm_2state,Ph 1,1.0,1.0,1.0,1.0,1.0
mmh1jfrxrszco0,hmm_2state,Ph 2,1.0,1.0,1.0,1.0,1.0
mmh1jfrxrszco0,hmm_2state,Ph 3,1.0,1.0,1.0,1.0,1.0
mmh1jfrxrszco0,hmm_2state,Ph 4,1.0,1.0,1.0,1.0,1.0
mmh1jfrxrszco0,hmm_3state,Full,1.0,1.0,1.0,1.0,1.0
mmh1jfrxrszco0,hmm_3state,Ph 1,1.0,1.0,1.0,1.0,1.0
mmh1jfrxrszco0,hmm_3state,Ph 2,1.0,1.0,1.0,1.0,1.0
mmh1jfrxrszco0,hmm_3state,Ph 3,1.0,1.0,1.0,1.0,1.0
mmh1jfrxrszco0,hmm_3state,Ph 4,1.0,1.0,1.0,1.0,1.0
mmh1jfrxrszco0,hmm_4state,Full,1.0,1.0,1.0,1.0,1.0
mmh1jfrxrszco0,hmm_4state,Ph 1,1.0,1.0,1.0,1.0,1.0
mmh1jfrxrszco0,hmm_4state,Ph 2,1.0,1.0,1.0,1.0,1.0
mmh1jfrxrszco0,hmm_4state,Ph 3,1.0,1.0,1.0,1.0,1.0
mmh1jfrxrszco0,hmm_4state,Ph 4,1.0,1.0,1.0,1.0,1.0
mmh1qje9negjr0,random,Full,0.5098468271334792,0.5098468271334792,1.0,0.6753623188405797,0.0
mmh1qje9negjr0,random,Ph 1,0.4666666666666667,0.4666666666666667,1.0,0.6363636363636364,0.0
mmh1qje9negjr0,random,Ph 2,0.7209302325581395,0.7209302325581395,1.0,0.8378378378378378,0.0
mmh1qje9negjr0,random,Ph 3,0.3151750972762646,0.3151750972762646,1.0,0.47928994082840237,0.0
mmh1qje9negjr0,random,Ph 4,0.5471698113207547,0.5471698113207547,1.0,0.7073170731707317,0.0
mmh1qje9negjr0,bias,Full,0.49015317286652077,0.0,0.0,0.0,0.0
mmh1qje9negjr0,bias,Ph 1,0.5333333333333333,0.0,0.0,0.0,0.0
mmh1qje9negjr0,bias,Ph 2,0.27906976744186046,0.0,0.0,0.0,0.0
mmh1qje9negjr0,bias,Ph 3,0.6848249027237354,0.0,0.0,0.0,0.0
mmh1qje9negjr0,bias,Ph 4,0.4528301886792453,0.0,0.0,0.0,0.0
mmh1qje9negjr0,wsls,Full,0.574398249452954,0.6597510373443983,0.34120171673819744,0.4497878359264498,0.17944404487553423
mmh1qje9negjr0,wsls,Ph 1,0.5666666666666667,0.6,0.21428571428571427,0.3157894736842105,0.11952286093343936
mmh1qje9negjr0,wsls,Ph 2,0.5038759689922481,0.8372093023255814,0.3870967741935484,0.5294117647058824,0.18330889377669163
mmh1qje9negjr0,wsls,Ph 3,0.7315175097276264,0.6304347826086957,0.35802469135802467,0.4566929133858268,0.3168402927689895
mmh1qje9negjr0,wsls,Ph 4,0.44654088050314467,0.4927536231884058,0.39080459770114945,0.4358974358974359,-0.09571999263295689
mmh1qje9negjr0,generalized_matching_law,Full,0.6159737417943107,0.6055045871559633,0.7081545064377682,0.6528189910979229,0.232551692917182
mmh1qje9negjr0,generalized_matching_law,Ph 1,0.5208333333333334,0.4911242603550296,0.7410714285714286,0.5907473309608541,0.07563540719446957
mmh1qje9negjr0,generalized_matching_law,Ph 2,0.6472868217054264,0.768361581920904,0.7311827956989247,0.7493112947658402,0.15631713597197128
mmh1qje9negjr0,generalized_matching_law,Ph 3,0.708171206225681,0.5340909090909091,0.5802469135802469,0.5562130177514792,0.3400238610775638
mmh1qje9negjr0,generalized_matching_law,Ph 4,0.559748427672956,0.5765765765765766,0.735632183908046,0.6464646464646465,0.08983785525483405
mmh1qje9negjr0,melioration,Full,0.6411378555798687,0.6306818181818182,0.7145922746781116,0.670020120724346,0.2827028934940467
mmh1qje9negjr0,melioration,Ph 1,0.6083333333333333,0.5592105263157895,0.7589285714285714,0.6439393939393939,0.2437952904100297
mmh1qje9negjr0,melioration,Ph 2,0.6356589147286822,0.7613636363636364,0.7204301075268817,0.7403314917127072,0.1320646839713394
mmh1qje9negjr0,melioration,Ph 3,0.7276264591439688,0.5617977528089888,0.6172839506172839,0.5882352941176471,0.38637374924697154
mmh1qje9negjr0,melioration,Ph 4,0.559748427672956,0.5765765765765766,0.735632183908046,0.6464646464646465,0.08983785525483405
mmh1qje9negjr0,kinetic,Full,0.612691466083151,0.6060606060606061,0.6866952789699571,0.6438631790744467,0.2250996458949065
mmh1qje9negjr0,kinetic,Ph 1,0.5416666666666666,0.5059523809523809,0.7589285714285714,0.6071428571428571,0.12028744272595963
mmh1qje9negjr0,kinetic,Ph 2,0.6356589147286822,0.7771084337349398,0.6935483870967742,0.7329545454545454,0.16823832855313872
mmh1qje9negjr0,kinetic,Ph 3,0.708171206225681,0.5365853658536586,0.5432098765432098,0.5398773006134969,0.32622702872325393
mmh1qje9negjr0,kinetic,Ph 4,0.5283018867924528,0.5535714285714286,0.7126436781609196,0.6231155778894473,0.01985276658615294
mmh1qje9negjr0,behavioral_momentum,Full,0.6334792122538293,0.6271844660194175,0.6931330472103004,0.6585117227319062,0.26666667263421445
mmh1qje9negjr0,behavioral_momentum,Ph 1,0.5625,0.52046783625731,0.7946428571428571,0.6289752650176679,0.1697705956219881
mmh1qje9negjr0,behavioral_momentum,Ph 2,0.6434108527131783,0.7582417582417582,0.7419354838709677,0.75,0.12872677570926994
mmh1qje9negjr0,behavioral_momentum,Ph 3,0.7276264591439688,0.5964912280701754,0.41975308641975306,0.4927536231884058,0.32325953621685194
mmh1qje9negjr0,behavioral_momentum,Ph 4,0.5723270440251572,0.5904761904761905,0.7126436781609196,0.6458333333333334,0.12131678519899494
mmh1qje9negjr0,hill_climbing,Full,0.6761487964989059,0.6847826086956522,0.6759656652360515,0.6803455723542117,0.35224421511633286
mmh1qje9negjr0,hill_climbing,Ph 1,0.65,0.6076923076923076,0.7053571428571429,0.6528925619834711,0.307305732434026
mmh1qje9negjr0,hill_climbing,Ph 2,0.6627906976744186,0.7861271676300579,0.7311827956989247,0.7576601671309192,0.20736609732902142
mmh1qje9negjr0,hill_climbing,Ph 3,0.7782101167315175,0.65,0.6419753086419753,0.6459627329192547,0.4845185307853586
mmh1qje9negjr0,hill_climbing,Ph 4,0.5723270440251572,0.6233766233766234,0.5517241379310345,0.5853658536585366,0.1483554415330483
mmh1qje9negjr0,q_learning,Full,0.6411378555798687,0.6306818181818182,0.7145922746781116,0.670020120724346,0.2827028934940467
mmh1qje9negjr0,q_learning,Ph 1,0.6083333333333333,0.5592105263157895,0.7589285714285714,0.6439393939393939,0.2437952904100297
mmh1qje9negjr0,q_learning,Ph 2,0.6356589147286822,0.7613636363636364,0.7204301075268817,0.7403314917127072,0.1320646839713394
mmh1qje9negjr0,q_learning,Ph 3,0.7276264591439688,0.5617977528089888,0.6172839506172839,0.5882352941176471,0.38637374924697154
mmh1qje9negjr0,q_learning,Ph 4,0.559748427672956,0.5765765765765766,0.735632183908046,0.6464646464646465,0.08983785525483405
mmh1qje9negjr0,q_dual_alpha,Full,0.6422319474835886,0.6318785578747628,0.7145922746781116,0.6706948640483383,0.284863513311915
mmh1qje9negjr0,q_dual_alpha,Ph 1,0.6125,0.5629139072847682,0.7589285714285714,0.6463878326996197,0.25129219689944726
mmh1qje9negjr0,q_dual_alpha,Ph 2,0.6356589147286822,0.7613636363636364,0.7204301075268817,0.7403314917127072,0.1320646839713394
mmh1qje9negjr0,q_dual_alpha,Ph 3,0.7276264591439688,0.5617977528089888,0.6172839506172839,0.5882352941176471,0.38637374924697154
mmh1qje9negjr0,q_dual_alpha,Ph 4,0.559748427672956,0.5765765765765766,0.735632183908046,0.6464646464646465,0.08983785525483405
mmh1qje9negjr0,q_forgetting,Full,0.649890590809628,0.6689814814814815,0.6201716738197425,0.643652561247216,0.30136814840421045
mmh1qje9negjr0,q_forgetting,Ph 1,0.6166666666666667,0.5757575757575758,0.6785714285714286,0.6229508196721312,0.24174688920761409
mmh1qje9negjr0,q_forgetting,Ph 2,0.6511627906976745,0.7608695652173914,0.7526881720430108,0.7567567567567568,0.14040767284981262
mmh1qje9negjr0,q_forgetting,Ph 3,0.754863813229572,0.6875,0.4074074074074074,0.5116279069767442,0.38406421186867085
mmh1qje9negjr0,q_forgetting,Ph 4,0.5283018867924528,0.5882352941176471,0.45977011494252873,0.5161290322580645,0.0713151734922892
mmh1qje9negjr0,hmm_2state,Full,0.9978118161925602,1.0,0.9957081545064378,0.9978494623655914,0.995631852107421
mmh1qje9negjr0,hmm_2state,Ph 1,1.0,1.0,1.0,1.0,1.0
mmh1qje9negjr0,hmm_2state,Ph 2,1.0,1.0,1.0,1.0,1.0
mmh1qje9negjr0,hmm_2state,Ph 3,1.0,1.0,1.0,1.0,1.0
mmh1qje9negjr0,hmm_2state,Ph 4,0.9874213836477987,1.0,0.9770114942528736,0.9883720930232558,0.9749901426127267
mmh1qje9negjr0,hmm_3state,Full,0.9978118161925602,1.0,0.9957081545064378,0.9978494623655914,0.995631852107421
mmh1qje9negjr0,hmm_3state,Ph 1,1.0,1.0,1.0,1.0,1.0
mmh1qje9negjr0,hmm_3state,Ph 2,1.0,1.0,1.0,1.0,1.0
mmh1qje9negjr0,hmm_3state,Ph 3,1.0,1.0,1.0,1.0,1.0
mmh1qje9negjr0,hmm_3state,Ph 4,0.9874213836477987,1.0,0.9770114942528736,0.9883720930232558,0.9749901426127267
mmh1qje9negjr0,hmm_4state,Full,0.9978118161925602,1.0,0.9957081545064378,0.9978494623655914,0.995631852107421
mmh1qje9negjr0,hmm_4state,Ph 1,1.0,1.0,1.0,1.0,1.0
mmh1qje9negjr0,hmm_4state,Ph 2,1.0,1.0,1.0,1.0,1.0
mmh1qje9negjr0,hmm_4state,Ph 3,1.0,1.0,1.0,1.0,1.0
mmh1qje9negjr0,hmm_4state,Ph 4,0.9874213836477987,1.0,0.9770114942528736,0.9883720930232558,0.9749901426127267
mmh1sestgp7zew,random,Full,0.4960282436010591,0.4960282436010591,1.0,0.6631268436578172,0.0
mmh1sestgp7zew,random,Ph 1,0.48314606741573035,0.48314606741573035,1.0,0.6515151515151515,0.0
mmh1sestgp7zew,random,Ph 2,0.6302816901408451,0.6302816901408451,1.0,0.7732181425485961,0.0
mmh1sestgp7zew,random,Ph 3,0.4,0.4,1.0,0.5714285714285714,0.0
mmh1sestgp7zew,random,Ph 4,0.4726027397260274,0.4726027397260274,1.0,0.641860465116279,0.0
mmh1sestgp7zew,bias,Full,0.5039717563989409,0.0,0.0,0.0,0.0
mmh1sestgp7zew,bias,Ph 1,0.5168539325842697,0.0,0.0,0.0,0.0
mmh1sestgp7zew,bias,Ph 2,0.36971830985915494,0.0,0.0,0.0,0.0
mmh1sestgp7zew,bias,Ph 3,0.6,0.0,0.0,0.0,0.0
mmh1sestgp7zew,bias,Ph 4,0.5273972602739726,0.0,0.0,0.0,0.0
mmh1sestgp7zew,wsls,Full,0.736098852603707,0.8767908309455588,0.5444839857651246,0.6717892425905598,0.5081040415198862
mmh1sestgp7zew,wsls,Ph 1,0.6779026217228464,0.8208955223880597,0.4263565891472868,0.5612244897959183,0.3911955657884473
mmh1sestgp7zew,wsls,Ph 2,0.5492957746478874,0.8695652173913043,0.33519553072625696,0.4838709677419355,0.2808117605878917
mmh1sestgp7zew,wsls,Ph 3,0.8517241379310345,0.8924731182795699,0.7155172413793104,0.7942583732057417,0.6906933422931463
mmh1sestgp7zew,wsls,Ph 4,0.8561643835616438,0.9,0.782608695652174,0.8372093023255814,0.7150576895441764
mmh1sestgp7zew,generalized_matching_law,Full,0.7387466902030009,0.7309027777777778,0.7491103202846975,0.7398945518453427,0.4777088354735573
mmh1sestgp7zew,generalized_matching_law,Ph 1,0.7602996254681648,0.7927927927927928,0.6821705426356589,0.7333333333333333,0.5226880183071296
mmh1sestgp7zew,generalized_matching_law,Ph 2,0.7922535211267606,0.7564102564102564,0.9888268156424581,0.8571428571428571,0.5652408757612332
mmh1sestgp7zew,generalized_matching_law,Ph 3,0.7310344827586207,0.9130434782608695,0.3620689655172414,0.5185185185185185,0.4547079560062756
mmh1sestgp7zew,generalized_matching_law,Ph 4,0.6746575342465754,0.6162162162162163,0.8260869565217391,0.7058823529411765,0.37824406180834574
mmh1sestgp7zew,melioration,Full,0.732568402471315,0.7324955116696589,0.7259786476868327,0.7292225201072386,0.46508366671485024
mmh1sestgp7zew,melioration,Ph 1,0.7265917602996255,0.7978723404255319,0.5813953488372093,0.672645739910314,0.4642487436346133
mmh1sestgp7zew,melioration,Ph 2,0.8169014084507042,0.7953488372093023,0.9553072625698324,0.868020304568528,0.6036045500032758
mmh1sestgp7zew,melioration,Ph 3,0.7517241379310344,0.9230769230769231,0.41379310344827586,0.5714285714285714,0.4990834089450871
mmh1sestgp7zew,melioration,Ph 4,0.636986301369863,0.5816326530612245,0.8260869565217391,0.6826347305389222,0.31204773447247663
mmh1sestgp7zew,kinetic,Full,0.6902030008826125,0.6809605488850772,0.7064056939501779,0.6934497816593886,0.38081093792440635
mmh1sestgp7zew,kinetic,Ph 1,0.704119850187266,0.7604166666666666,0.5658914728682171,0.6488888888888888,0.41573658603903857
mmh1sestgp7zew,kinetic,Ph 2,0.7640845070422535,0.7352941176470589,0.9776536312849162,0.8393285371702638,0.49482021724375996
mmh1sestgp7zew,kinetic,Ph 3,0.6758620689655173,0.84375,0.23275862068965517,0.36486486486486486,0.3190052873935053
mmh1sestgp7zew,kinetic,Ph 4,0.6198630136986302,0.5622119815668203,0.8840579710144928,0.6873239436619718,0.3053057515857398
mmh1sestgp7zew,behavioral_momentum,Full,0.6548984995586937,0.6513274336283186,0.6548042704626335,0.6530612244897959,0.30978682575261085
mmh1sestgp7zew,behavioral_momentum,Ph 1,0.6891385767790262,0.7948717948717948,0.4806201550387597,0.5990338164251208,0.4007429670967423
mmh1sestgp7zew,behavioral_momentum,Ph 2,0.6619718309859155,0.6509090909090909,1.0,0.788546255506608,0.23620374212151632
mmh1sestgp7zew,behavioral_momentum,Ph 3,0.6172413793103448,0.6923076923076923,0.07758620689655173,0.13953488372093023,0.129260673688765
mmh1sestgp7zew,behavioral_momentum,Ph 4,0.6541095890410958,0.592964824120603,0.855072463768116,0.7002967359050445,0.35266122510819203
mmh1sestgp7zew,hill_climbing,Full,0.7519858781994704,0.7345575959933222,0.7829181494661922,0.7579672695951766,0.5052755805102007
mmh1sestgp7zew,hill_climbing,Ph 1,0.8277153558052435,0.8120300751879699,0.8372093023255814,0.8244274809160306,0.6556816663239249
mmh1sestgp7zew,hill_climbing,Ph 2,0.8345070422535211,0.8235294117647058,0.9385474860335196,0.8772845953002611,0.639266060199668
mmh1sestgp7zew,hill_climbing,Ph 3,0.8758620689655172,0.9444444444444444,0.7327586206896551,0.8252427184466019,0.7455112588264761
mmh1sestgp7zew,hill_climbing,Ph 4,0.4794520547945205,0.45930232558139533,0.572463768115942,0.5096774193548387,-0.03189493433597154
mmh1sestgp7zew,q_learning,Full,0.732568402471315,0.7324955116696589,0.7259786476868327,0.7292225201072386,0.46508366671485024
mmh1sestgp7zew,q_learning,Ph 1,0.7265917602996255,0.7978723404255319,0.5813953488372093,0.672645739910314,0.4642487436346133
mmh1sestgp7zew,q_learning,Ph 2,0.8169014084507042,0.7953488372093023,0.9553072625698324,0.868020304568528,0.6036045500032758
mmh1sestgp7zew,q_learning,Ph 3,0.7517241379310344,0.9230769230769231,0.41379310344827586,0.5714285714285714,0.4990834089450871
mmh1sestgp7zew,q_learning,Ph 4,0.636986301369863,0.5816326530612245,0.8260869565217391,0.6826347305389222,0.31204773447247663
mmh1sestgp7zew,q_dual_alpha,Full,0.732568402471315,0.7324955116696589,0.7259786476868327,0.7292225201072386,0.46508366671485024
mmh1sestgp7zew,q_dual_alpha,Ph 1,0.7265917602996255,0.7978723404255319,0.5813953488372093,0.672645739910314,0.4642487436346133
mmh1sestgp7zew,q_dual_alpha,Ph 2,0.8169014084507042,0.7953488372093023,0.9553072625698324,0.868020304568528,0.6036045500032758
mmh1sestgp7zew,q_dual_alpha,Ph 3,0.7517241379310344,0.9230769230769231,0.41379310344827586,0.5714285714285714,0.4990834089450871
mmh1sestgp7zew,q_dual_alpha,Ph 4,0.636986301369863,0.5816326530612245,0.8260869565217391,0.6826347305389222,0.31204773447247663
mmh1sestgp7zew,q_forgetting,Full,0.676081200353045,0.6802218114602587,0.6548042704626335,0.6672710788757933,0.3521729031451537
mmh1sestgp7zew,q_forgetting,Ph 1,0.6816479400749064,0.72,0.5581395348837209,0.62882096069869,0.36677457906135114
mmh1sestgp7zew,q_forgetting,Ph 2,0.795774647887324,0.776255707762557,0.9497206703910615,0.8542713567839196,0.555057679014471
mmh1sestgp7zew,q_forgetting,Ph 3,0.7310344827586207,0.9318181818181818,0.35344827586206895,0.5125,0.45910956911431083
mmh1sestgp7zew,q_forgetting,Ph 4,0.5,0.47752808988764045,0.6159420289855072,0.5379746835443038,0.01232757447332565
mmh1sestgp7zew,hmm_2state,Full,1.0,1.0,1.0,1.0,1.0
mmh1sestgp7zew,hmm_2state,Ph 1,1.0,1.0,1.0,1.0,1.0
mmh1sestgp7zew,hmm_2state,Ph 2,1.0,1.0,1.0,1.0,1.0
mmh1sestgp7zew,hmm_2state,Ph 3,1.0,1.0,1.0,1.0,1.0
mmh1sestgp7zew,hmm_2state,Ph 4,1.0,1.0,1.0,1.0,1.0
mmh1sestgp7zew,hmm_3state,Full,1.0,1.0,1.0,1.0,1.0
mmh1sestgp7zew,hmm_3state,Ph 1,1.0,1.0,1.0,1.0,1.0
mmh1sestgp7zew,hmm_3state,Ph 2,1.0,1.0,1.0,1.0,1.0
mmh1sestgp7zew,hmm_3state,Ph 3,1.0,1.0,1.0,1.0,1.0
mmh1sestgp7zew,hmm_3state,Ph 4,1.0,1.0,1.0,1.0,1.0
mmh1sestgp7zew,hmm_4state,Full,1.0,1.0,1.0,1.0,1.0
mmh1sestgp7zew,hmm_4state,Ph 1,1.0,1.0,1.0,1.0,1.0
mmh1sestgp7zew,hmm_4state,Ph 2,1.0,1.0,1.0,1.0,1.0
mmh1sestgp7zew,hmm_4state,Ph 3,1.0,1.0,1.0,1.0,1.0
mmh1sestgp7zew,hmm_4state,Ph 4,1.0,1.0,1.0,1.0,1.0
mmh1tezp242ppu,random,Full,0.5130344108446299,0.5130344108446299,1.0,0.6781529979324604,0.0
mmh1tezp242ppu,random,Ph 1,0.5186721991701245,0.5186721991701245,1.0,0.6830601092896175,0.0
mmh1tezp242ppu,random,Ph 2,0.6652542372881356,0.6652542372881356,1.0,0.7989821882951654,0.0
mmh1tezp242ppu,random,Ph 3,0.36929460580912865,0.36929460580912865,1.0,0.5393939393939394,0.0
mmh1tezp242ppu,random,Ph 4,0.5020746887966805,0.5020746887966805,1.0,0.6685082872928176,0.0
mmh1tezp242ppu,bias,Full,0.4869655891553702,0.0,0.0,0.0,0.0
mmh1tezp242ppu,bias,Ph 1,0.48132780082987553,0.0,0.0,0.0,0.0
mmh1tezp242ppu,bias,Ph 2,0.3347457627118644,0.0,0.0,0.0,0.0
mmh1tezp242ppu,bias,Ph 3,0.6307053941908713,0.0,0.0,0.0,0.0
mmh1tezp242ppu,bias,Ph 4,0.4979253112033195,0.0,0.0,0.0,0.0
mmh1tezp242ppu,wsls,Full,0.5109489051094891,0.5515695067264574,0.25,0.34405594405594403,0.04243728425897165
mmh1tezp242ppu,wsls,Ph 1,0.5352697095435685,0.6585365853658537,0.216,0.3253012048192771,0.12674099600083405
mmh1tezp242ppu,wsls,Ph 2,0.3432203389830508,0.55,0.07006369426751592,0.12429378531073447,-0.07431793852599454
mmh1tezp242ppu,wsls,Ph 3,0.7219917012448133,0.7037037037037037,0.42696629213483145,0.5314685314685315,0.372352613296493
mmh1tezp242ppu,wsls,Ph 4,0.43983402489626555,0.4351851851851852,0.3884297520661157,0.4104803493449782,-0.12055292846760472
mmh1tezp242ppu,generalized_matching_law,Full,0.6016684045881127,0.6045627376425855,0.6463414634146342,0.6247544204322201,0.20182830021920636
mmh1tezp242ppu,generalized_matching_law,Ph 1,0.6182572614107884,0.6299212598425197,0.64,0.6349206349206349,0.23500593424574276
mmh1tezp242ppu,generalized_matching_law,Ph 2,0.6694915254237288,0.670995670995671,0.9872611464968153,0.7989690721649485,0.08269704163466658
mmh1tezp242ppu,generalized_matching_law,Ph 3,0.6763485477178424,0.72,0.20224719101123595,0.3157894736842105,0.24722126245023152
mmh1tezp242ppu,generalized_matching_law,Ph 4,0.44398340248962653,0.45454545454545453,0.5371900826446281,0.49242424242424243,-0.11482845795282061
mmh1tezp242ppu,melioration,Full,0.6402502606882169,0.6644295302013423,0.6036585365853658,0.6325878594249201,0.283014229225491
mmh1tezp242ppu,melioration,Ph 1,0.5767634854771784,0.6138613861386139,0.496,0.5486725663716814,0.16181445988052304
mmh1tezp242ppu,melioration,Ph 2,0.7627118644067796,0.7512437810945274,0.9617834394904459,0.8435754189944135,0.43667495340823387
mmh1tezp242ppu,melioration,Ph 3,0.7219917012448133,0.84375,0.30337078651685395,0.4462809917355372,0.3846781156440905
mmh1tezp242ppu,melioration,Ph 4,0.5020746887966805,0.504424778761062,0.47107438016528924,0.48717948717948717,0.004416237886884184
mmh1tezp242ppu,kinetic,Full,0.5974973931178311,0.6152173913043478,0.5752032520325203,0.5945378151260504,0.1962839660037347
mmh1tezp242ppu,kinetic,Ph 1,0.5684647302904564,0.6039603960396039,0.488,0.5398230088495575,0.14498352123951913
mmh1tezp242ppu,kinetic,Ph 2,0.673728813559322,0.6769911504424779,0.9745222929936306,0.7989556135770235,0.11823790928006482
mmh1tezp242ppu,kinetic,Ph 3,0.6597510373443983,0.6842105263157895,0.14606741573033707,0.24074074074074073,0.19089527342925727
mmh1tezp242ppu,kinetic,Ph 4,0.4896265560165975,0.49122807017543857,0.4628099173553719,0.4765957446808511,-0.02055316315411728
mmh1tezp242ppu,behavioral_momentum,Full,0.5870698644421272,0.6100917431192661,0.540650406504065,0.5732758620689655,0.17729576659496152
mmh1tezp242ppu,behavioral_momentum,Ph 1,0.5643153526970954,0.6020408163265306,0.472,0.5291479820627802,0.1381276612357663
mmh1tezp242ppu,behavioral_momentum,Ph 2,0.6652542372881356,0.6805555555555556,0.9363057324840764,0.7882037533512064,0.10655880891594804
mmh1tezp242ppu,behavioral_momentum,Ph 3,0.6182572614107884,0.4,0.06741573033707865,0.11538461538461539,0.0163910332919708
mmh1tezp242ppu,behavioral_momentum,Ph 4,0.5020746887966805,0.5046728971962616,0.4462809917355372,0.47368421052631576,0.004643518781803845
mmh1tezp242ppu,hill_climbing,Full,0.6871741397288843,0.6967213114754098,0.6910569105691057,0.6938775510204082,0.37407204962314294
mmh1tezp242ppu,hill_climbing,Ph 1,0.6929460580912863,0.7142857142857143,0.68,0.6967213114754098,0.38665663238694364
mmh1tezp242ppu,hill_climbing,Ph 2,0.7796610169491526,0.7966101694915254,0.8980891719745223,0.844311377245509,0.48212422009849215
mmh1tezp242ppu,hill_climbing,Ph 3,0.7883817427385892,0.8064516129032258,0.5617977528089888,0.6622516556291391,0.5330979574374716
mmh1tezp242ppu,hill_climbing,Ph 4,0.4896265560165975,0.49230769230769234,0.5289256198347108,0.5099601593625498,-0.021139998529059286
mmh1tezp242ppu,q_learning,Full,0.6402502606882169,0.6644295302013423,0.6036585365853658,0.6325878594249201,0.283014229225491
mmh1tezp242ppu,q_learning,Ph 1,0.5767634854771784,0.6138613861386139,0.496,0.5486725663716814,0.16181445988052304
mmh1tezp242ppu,q_learning,Ph 2,0.7627118644067796,0.7512437810945274,0.9617834394904459,0.8435754189944135,0.43667495340823387
mmh1tezp242ppu,q_learning,Ph 3,0.7219917012448133,0.84375,0.30337078651685395,0.4462809917355372,0.3846781156440905
mmh1tezp242ppu,q_learning,Ph 4,0.5020746887966805,0.504424778761062,0.47107438016528924,0.48717948717948717,0.004416237886884184
mmh1tezp242ppu,q_dual_alpha,Full,0.6392075078206465,0.6540084388185654,0.6300813008130082,0.6418219461697723,0.2788271282643214
mmh1tezp242ppu,q_dual_alpha,Ph 1,0.5767634854771784,0.6138613861386139,0.496,0.5486725663716814,0.16181445988052304
mmh1tezp242ppu,q_dual_alpha,Ph 2,0.7627118644067796,0.7512437810945274,0.9617834394904459,0.8435754189944135,0.43667495340823387
mmh1tezp242ppu,q_dual_alpha,Ph 3,0.7219917012448133,0.84375,0.30337078651685395,0.4462809917355372,0.3846781156440905
mmh1tezp242ppu,q_dual_alpha,Ph 4,0.4979253112033195,0.5,0.5785123966942148,0.5363984674329502,-0.004885286375017637
mmh1tezp242ppu,q_forgetting,Full,0.6934306569343066,0.7053941908713693,0.6910569105691057,0.6981519507186859,0.3868621284201764
mmh1tezp242ppu,q_forgetting,Ph 1,0.6680497925311203,0.6829268292682927,0.672,0.6774193548387096,0.3356311137262866
mmh1tezp242ppu,q_forgetting,Ph 2,0.7627118644067796,0.7616580310880829,0.9363057324840764,0.84,0.4327999311002771
mmh1tezp242ppu,q_forgetting,Ph 3,0.7800829875518672,0.875,0.47191011235955055,0.6131386861313869,0.5225643708304871
mmh1tezp242ppu,q_forgetting,Ph 4,0.5643153526970954,0.5677966101694916,0.5537190082644629,0.5606694560669456,0.1287456113459217
mmh1tezp242ppu,hmm_2state,Full,0.7841501564129302,0.703862660944206,1.0,0.8261964735516373,0.6259969211421327
mmh1tezp242ppu,hmm_2state,Ph 1,0.8506224066390041,0.7763975155279503,1.0,0.8741258741258742,0.7317421420371176
mmh1tezp242ppu,hmm_2state,Ph 2,0.809322033898305,0.7772277227722773,1.0,0.8746518105849582,0.5783624041725227
mmh1tezp242ppu,hmm_2state,Ph 3,0.91701244813278,0.8165137614678899,1.0,0.898989898989899,0.8420675389908548
mmh1tezp242ppu,hmm_2state,Ph 4,0.5601659751037344,0.5330396475770925,1.0,0.6954022988505747,0.24937513686010104
mmh1tezp242ppu,hmm_3state,Full,0.7841501564129302,0.703862660944206,1.0,0.8261964735516373,0.6259969211421327
mmh1tezp242ppu,hmm_3state,Ph 1,0.8506224066390041,0.7763975155279503,1.0,0.8741258741258742,0.7317421420371176
mmh1tezp242ppu,hmm_3state,Ph 2,0.809322033898305,0.7772277227722773,1.0,0.8746518105849582,0.5783624041725227
mmh1tezp242ppu,hmm_3state,Ph 3,0.91701244813278,0.8165137614678899,1.0,0.898989898989899,0.8420675389908548
mmh1tezp242ppu,hmm_3state,Ph 4,0.5601659751037344,0.5330396475770925,1.0,0.6954022988505747,0.24937513686010104
mmh1tezp242ppu,hmm_4state,Full,0.7841501564129302,0.703862660944206,1.0,0.8261964735516373,0.6259969211421327
mmh1tezp242ppu,hmm_4state,Ph 1,0.8506224066390041,0.7763975155279503,1.0,0.8741258741258742,0.7317421420371176
mmh1tezp242ppu,hmm_4state,Ph 2,0.809322033898305,0.7772277227722773,1.0,0.8746518105849582,0.5783624041725227
mmh1tezp242ppu,hmm_4state,Ph 3,0.91701244813278,0.8165137614678899,1.0,0.898989898989899,0.8420675389908548
mmh1tezp242ppu,hmm_4state,Ph 4,0.5601659751037344,0.5330396475770925,1.0,0.6954022988505747,0.24937513686010104
mmh1wzqpu4iob1,random,Full,0.4887839433293979,0.4887839433293979,1.0,0.6566217287866772,0.0
mmh1wzqpu4iob1,random,Ph 1,0.5162790697674419,0.5162790697674419,1.0,0.6809815950920245,0.0
mmh1wzqpu4iob1,random,Ph 2,0.6447368421052632,0.6447368421052632,1.0,0.784,0.0
mmh1wzqpu4iob1,random,Ph 3,0.3488372093023256,0.3488372093023256,1.0,0.5172413793103449,0.0
mmh1wzqpu4iob1,random,Ph 4,0.42857142857142855,0.42857142857142855,1.0,0.6,0.0
mmh1wzqpu4iob1,bias,Full,0.5112160566706021,0.0,0.0,0.0,0.0
mmh1wzqpu4iob1,bias,Ph 1,0.48372093023255813,0.0,0.0,0.0,0.0
mmh1wzqpu4iob1,bias,Ph 2,0.35526315789473684,0.0,0.0,0.0,0.0
mmh1wzqpu4iob1,bias,Ph 3,0.6511627906976745,0.0,0.0,0.0,0.0
mmh1wzqpu4iob1,bias,Ph 4,0.5714285714285714,0.0,0.0,0.0,0.0
mmh1wzqpu4iob1,wsls,Full,0.6162927981109799,0.7572254335260116,0.3164251207729469,0.4463373083475298,0.2720708640954062
mmh1wzqpu4iob1,wsls,Ph 1,0.5906976744186047,0.7948717948717948,0.27927927927927926,0.41333333333333333,0.26242550522047725
mmh1wzqpu4iob1,wsls,Ph 2,0.4605263157894737,0.8333333333333334,0.20408163265306123,0.32786885245901637,0.17063492063492064
mmh1wzqpu4iob1,wsls,Ph 3,0.6976744186046512,0.65625,0.28,0.3925233644859813,0.26972126517931383
mmh1wzqpu4iob1,wsls,Ph 4,0.7407407407407407,0.7424242424242424,0.6049382716049383,0.6666666666666666,0.4645718123990621
mmh1wzqpu4iob1,generalized_matching_law,Full,0.680047225501771,0.7407407407407407,0.5314009661835749,0.6188466947960619,0.3703925569699184
mmh1wzqpu4iob1,generalized_matching_law,Ph 1,0.5813953488372093,0.723404255319149,0.3063063063063063,0.43037974683544306,0.2192236980220325
mmh1wzqpu4iob1,generalized_matching_law,Ph 2,0.7850877192982456,0.7987804878048781,0.891156462585034,0.842443729903537,0.5152397912385327
mmh1wzqpu4iob1,generalized_matching_law,Ph 3,0.7348837209302326,0.75,0.36,0.4864864864864865,0.37747586509741987
mmh1wzqpu4iob1,generalized_matching_law,Ph 4,0.6031746031746031,0.56,0.345679012345679,0.42748091603053434,0.15928497304482206
mmh1wzqpu4iob1,melioration,Full,0.7532467532467533,0.7777777777777778,0.6932367149758454,0.7330779054916986,0.5079571803158018
mmh1wzqpu4iob1,melioration,Ph 1,0.7581395348837209,0.8831168831168831,0.6126126126126126,0.723404255319149,0.5483277385063451
mmh1wzqpu4iob1,melioration,Ph 2,0.8114035087719298,0.7921348314606742,0.9591836734693877,0.8676923076923077,0.5810991344552554
mmh1wzqpu4iob1,melioration,Ph 3,0.7813953488372093,0.7916666666666666,0.5066666666666667,0.6178861788617886,0.49812999800748
mmh1wzqpu4iob1,melioration,Ph 4,0.6455026455026455,0.6060606060606061,0.49382716049382713,0.54421768707483,0.2627233697705041
mmh1wzqpu4iob1,kinetic,Full,0.680047225501771,0.716012084592145,0.572463768115942,0.636241610738255,0.36407474466910733
mmh1wzqpu4iob1,kinetic,Ph 1,0.6186046511627907,0.7543859649122807,0.38738738738738737,0.5119047619047619,0.28618123742458124
mmh1wzqpu4iob1,kinetic,Ph 2,0.7719298245614035,0.7745664739884393,0.9115646258503401,0.8375,0.481115338265075
mmh1wzqpu4iob1,kinetic,Ph 3,0.7209302325581395,0.6666666666666666,0.4,0.5,0.3430992375898464
mmh1wzqpu4iob1,kinetic,Ph 4,0.5925925925925926,0.5357142857142857,0.37037037037037035,0.43795620437956206,0.1404878717372541
mmh1wzqpu4iob1,behavioral_momentum,Full,0.6859504132231405,0.7228915662650602,0.5797101449275363,0.6434316353887399,0.37602807740961364
mmh1wzqpu4iob1,behavioral_momentum,Ph 1,0.6465116279069767,0.8888888888888888,0.36036036036036034,0.5128205128205128,0.38361571720218646
mmh1wzqpu4iob1,behavioral_momentum,Ph 2,0.7543859649122807,0.7263681592039801,0.9931972789115646,0.8390804597701149,0.46537882697125504
mmh1wzqpu4iob1,behavioral_momentum,Ph 3,0.7116279069767442,0.76,0.25333333333333335,0.38,0.3129326078289166
mmh1wzqpu4iob1,behavioral_momentum,Ph 4,0.6190476190476191,0.5737704918032787,0.43209876543209874,0.49295774647887325,0.2025494947271102
mmh1wzqpu4iob1,hill_climbing,Full,0.8264462809917356,0.8345864661654135,0.8043478260869565,0.8191881918819188,0.6528522268717735
mmh1wzqpu4iob1,hill_climbing,Ph 1,0.9116279069767442,0.9107142857142857,0.918918918918919,0.9147982062780269,0.8230503094083323
mmh1wzqpu4iob1,hill_climbing,Ph 2,0.9298245614035088,0.9455782312925171,0.9455782312925171,0.9455782312925171,0.8468127991937515
mmh1wzqpu4iob1,hill_climbing,Ph 3,0.8744186046511628,0.8428571428571429,0.7866666666666666,0.8137931034482758,0.7202003070601036
mmh1wzqpu4iob1,hill_climbing,Ph 4,0.5502645502645502,0.4714285714285714,0.4074074074074074,0.4370860927152318,0.06642111641550714
mmh1wzqpu4iob1,q_learning,Full,0.7532467532467533,0.7777777777777778,0.6932367149758454,0.7330779054916986,0.5079571803158018
mmh1wzqpu4iob1,q_learning,Ph 1,0.7581395348837209,0.8831168831168831,0.6126126126126126,0.723404255319149,0.5483277385063451
mmh1wzqpu4iob1,q_learning,Ph 2,0.8114035087719298,0.7921348314606742,0.9591836734693877,0.8676923076923077,0.5810991344552554
mmh1wzqpu4iob1,q_learning,Ph 3,0.7813953488372093,0.7916666666666666,0.5066666666666667,0.6178861788617886,0.49812999800748
mmh1wzqpu4iob1,q_learning,Ph 4,0.6455026455026455,0.6060606060606061,0.49382716049382713,0.54421768707483,0.2627233697705041
mmh1wzqpu4iob1,q_dual_alpha,Full,0.7520661157024794,0.7727272727272727,0.6980676328502415,0.733502538071066,0.5050986324947897
mmh1wzqpu4iob1,q_dual_alpha,Ph 1,0.7395348837209302,0.8571428571428571,0.5945945945945946,0.7021276595744681,0.5095032814739511
mmh1wzqpu4iob1,q_dual_alpha,Ph 2,0.8157894736842105,0.8,0.9523809523809523,0.8695652173913043,0.5894991385080111
mmh1wzqpu4iob1,q_dual_alpha,Ph 3,0.7813953488372093,0.7692307692307693,0.5333333333333333,0.6299212598425197,0.4982046014389484
mmh1wzqpu4iob1,q_dual_alpha,Ph 4,0.656084656084656,0.6142857142857143,0.5308641975308642,0.5695364238410596,0.287824837800531
mmh1wzqpu4iob1,q_forgetting,Full,0.7414403778040142,0.7506426735218509,0.7053140096618358,0.7272727272727273,0.4827790444579791
mmh1wzqpu4iob1,q_forgetting,Ph 1,0.7627906976744186,0.875,0.6306306306306306,0.7329842931937173,0.5525799556878088
mmh1wzqpu4iob1,q_forgetting,Ph 2,0.8157894736842105,0.7966101694915254,0.9591836734693877,0.8703703703703703,0.5911759028593956
mmh1wzqpu4iob1,q_forgetting,Ph 3,0.7813953488372093,0.7916666666666666,0.5066666666666667,0.6178861788617886,0.49812999800748
mmh1wzqpu4iob1,q_forgetting,Ph 4,0.582010582010582,0.5119047619047619,0.5308641975308642,0.5212121212121212,0.15061601901917732
mmh1wzqpu4iob1,hmm_2state,Full,0.9409681227863046,0.8922413793103449,1.0,0.9430523917995444,0.8883755945217905
mmh1wzqpu4iob1,hmm_2state,Ph 1,0.9441860465116279,0.9024390243902439,1.0,0.9487179487179487,0.89348276125111
mmh1wzqpu4iob1,hmm_2state,Ph 2,0.9605263157894737,0.9423076923076923,1.0,0.9702970297029703,0.9152086306448589
mmh1wzqpu4iob1,hmm_2state,Ph 3,0.9348837209302325,0.8426966292134831,1.0,0.9146341463414634,0.8708771246807065
mmh1wzqpu4iob1,hmm_2state,Ph 4,0.9206349206349206,0.84375,1.0,0.9152542372881356,0.852386356061616
mmh1wzqpu4iob1,hmm_3state,Full,0.9409681227863046,0.8922413793103449,1.0,0.9430523917995444,0.8883755945217905
mmh1wzqpu4iob1,hmm_3state,Ph 1,0.9441860465116279,0.9024390243902439,1.0,0.9487179487179487,0.89348276125111
mmh1wzqpu4iob1,hmm_3state,Ph 2,0.9605263157894737,0.9423076923076923,1.0,0.9702970297029703,0.9152086306448589
mmh1wzqpu4iob1,hmm_3state,Ph 3,0.9348837209302325,0.8426966292134831,1.0,0.9146341463414634,0.8708771246807065
mmh1wzqpu4iob1,hmm_3state,Ph 4,0.9206349206349206,0.84375,1.0,0.9152542372881356,0.852386356061616
mmh1wzqpu4iob1,hmm_4state,Full,0.9409681227863046,0.8922413793103449,1.0,0.9430523917995444,0.8883755945217905
mmh1wzqpu4iob1,hmm_4state,Ph 1,0.9441860465116279,0.9024390243902439,1.0,0.9487179487179487,0.89348276125111
mmh1wzqpu4iob1,hmm_4state,Ph 2,0.9605263157894737,0.9423076923076923,1.0,0.9702970297029703,0.9152086306448589
mmh1wzqpu4iob1,hmm_4state,Ph 3,0.9348837209302325,0.8426966292134831,1.0,0.9146341463414634,0.8708771246807065
mmh1wzqpu4iob1,hmm_4state,Ph 4,0.9206349206349206,0.84375,1.0,0.9152542372881356,0.852386356061616
mmh250jg0prrne,random,Full,0.48905109489051096,0.48905109489051096,1.0,0.6568627450980392,0.0
mmh250jg0prrne,random,Ph 1,0.5165289256198347,0.5165289256198347,1.0,0.6811989100817438,0.0
mmh250jg0prrne,random,Ph 2,0.6009852216748769,0.6009852216748769,1.0,0.7507692307692307,0.0
mmh250jg0prrne,random,Ph 3,0.3333333333333333,0.3333333333333333,1.0,0.5,0.0
mmh250jg0prrne,random,Ph 4,0.5089820359281437,0.5089820359281437,1.0,0.6746031746031746,0.0
mmh250jg0prrne,bias,Full,0.5109489051094891,0.0,0.0,0.0,0.0
mmh250jg0prrne,bias,Ph 1,0.4834710743801653,0.0,0.0,0.0,0.0
mmh250jg0prrne,bias,Ph 2,0.39901477832512317,0.0,0.0,0.0,0.0
mmh250jg0prrne,bias,Ph 3,0.6666666666666666,0.0,0.0,0.0,0.0
mmh250jg0prrne,bias,Ph 4,0.49101796407185627,0.0,0.0,0.0,0.0
mmh250jg0prrne,wsls,Full,0.4416058394160584,0.272,0.0845771144278607,0.12903225806451613,-0.18388010547172026
mmh250jg0prrne,wsls,Ph 1,0.4793388429752066,0.4666666666666667,0.056,0.1,-0.02564909696376837
mmh250jg0prrne,wsls,Ph 2,0.4088669950738916,0.5833333333333334,0.05737704918032787,0.1044776119402985,-0.009035219842397094
mmh250jg0prrne,wsls,Ph 3,0.5666666666666667,0.16129032258064516,0.07142857142857142,0.09900990099009901,-0.15187896272623203
mmh250jg0prrne,wsls,Ph 4,0.2694610778443114,0.22388059701492538,0.17647058823529413,0.19736842105263158,-0.4668064977993741
mmh250jg0prrne,generalized_matching_law,Full,0.6155717761557178,0.6493055555555556,0.4651741293532338,0.5420289855072464,0.23543438313896975
mmh250jg0prrne,generalized_matching_law,Ph 1,0.5041322314049587,0.5641025641025641,0.176,0.2682926829268293,0.04172708832762111
mmh250jg0prrne,generalized_matching_law,Ph 2,0.7142857142857143,0.6927710843373494,0.9426229508196722,0.7986111111111112,0.3970110450020231
mmh250jg0prrne,generalized_matching_law,Ph 3,0.680952380952381,0.6666666666666666,0.08571428571428572,0.1518987341772152,0.14962640041614494
mmh250jg0prrne,generalized_matching_law,Ph 4,0.5748502994011976,0.5945945945945946,0.5176470588235295,0.5534591194968553,0.15276080718399718
mmh250jg0prrne,melioration,Full,0.6399026763990268,0.6778523489932886,0.5024875621890548,0.5771428571428572,0.2848272318401455
mmh250jg0prrne,melioration,Ph 1,0.5371900826446281,0.6226415094339622,0.264,0.3707865168539326,0.11244531125575201
mmh250jg0prrne,melioration,Ph 2,0.7339901477832512,0.7048192771084337,0.9590163934426229,0.8125,0.44912436031751657
mmh250jg0prrne,melioration,Ph 3,0.7047619047619048,0.7,0.2,0.3111111111111111,0.25235730725761796
mmh250jg0prrne,melioration,Ph 4,0.592814371257485,0.6440677966101694,0.4470588235294118,0.5277777777777778,0.19972102343832068
mmh250jg0prrne,kinetic,Full,0.5644768856447688,0.5601092896174863,0.5099502487562189,0.5338541666666666,0.12735219565829967
mmh250jg0prrne,kinetic,Ph 1,0.4380165289256198,0.44086021505376344,0.328,0.3761467889908257,-0.11962779618000559
mmh250jg0prrne,kinetic,Ph 2,0.6600985221674877,0.6464088397790055,0.9590163934426229,0.7722772277227723,0.26606226507774033
mmh250jg0prrne,kinetic,Ph 3,0.6761904761904762,0.5714285714285714,0.11428571428571428,0.19047619047619047,0.13498731178900972
mmh250jg0prrne,kinetic,Ph 4,0.49101796407185627,0.5,0.4588235294117647,0.4785276073619632,-0.016820045567913264
mmh250jg0prrne,behavioral_momentum,Full,0.5912408759124088,0.59375,0.5199004975124378,0.5543766578249337,0.18125862811045176
mmh250jg0prrne,behavioral_momentum,Ph 1,0.5330578512396694,0.603448275862069,0.28,0.3825136612021858,0.09765376343116279
mmh250jg0prrne,behavioral_momentum,Ph 2,0.6600985221674877,0.6387434554973822,1.0,0.7795527156549521,0.3076177174248685
mmh250jg0prrne,behavioral_momentum,Ph 3,0.6285714285714286,0.2777777777777778,0.07142857142857142,0.11363636363636363,-0.03608439182435161
mmh250jg0prrne,behavioral_momentum,Ph 4,0.5449101796407185,0.5529411764705883,0.5529411764705883,0.5529411764705883,0.08952654232424677
mmh250jg0prrne,hill_climbing,Full,0.5401459854014599,0.5303030303030303,0.5223880597014925,0.5263157894736842,0.07956485365700762
mmh250jg0prrne,hill_climbing,Ph 1,0.41735537190082644,0.4375,0.448,0.4426877470355731,-0.16757377975064902
mmh250jg0prrne,hill_climbing,Ph 2,0.6305418719211823,0.6821705426356589,0.7213114754098361,0.701195219123506,0.21889211642988615
mmh250jg0prrne,hill_climbing,Ph 3,0.49047619047619045,0.19672131147540983,0.17142857142857143,0.183206106870229,-0.18542443276509143
mmh250jg0prrne,hill_climbing,Ph 4,0.6706586826347305,0.6923076923076923,0.6352941176470588,0.6625766871165644,0.34330144287330666
mmh250jg0prrne,q_learning,Full,0.6399026763990268,0.6778523489932886,0.5024875621890548,0.5771428571428572,0.2848272318401455
mmh250jg0prrne,q_learning,Ph 1,0.5371900826446281,0.6226415094339622,0.264,0.3707865168539326,0.11244531125575201
mmh250jg0prrne,q_learning,Ph 2,0.7339901477832512,0.7048192771084337,0.9590163934426229,0.8125,0.44912436031751657
mmh250jg0prrne,q_learning,Ph 3,0.7047619047619048,0.7,0.2,0.3111111111111111,0.25235730725761796
mmh250jg0prrne,q_learning,Ph 4,0.592814371257485,0.6440677966101694,0.4470588235294118,0.5277777777777778,0.19972102343832068
mmh250jg0prrne,q_dual_alpha,Full,0.6399026763990268,0.6778523489932886,0.5024875621890548,0.5771428571428572,0.2848272318401455
mmh250jg0prrne,q_dual_alpha,Ph 1,0.5371900826446281,0.6226415094339622,0.264,0.3707865168539326,0.11244531125575201
mmh250jg0prrne,q_dual_alpha,Ph 2,0.7339901477832512,0.7048192771084337,0.9590163934426229,0.8125,0.44912436031751657
mmh250jg0prrne,q_dual_alpha,Ph 3,0.7047619047619048,0.7,0.2,0.3111111111111111,0.25235730725761796
mmh250jg0prrne,q_dual_alpha,Ph 4,0.592814371257485,0.6440677966101694,0.4470588235294118,0.5277777777777778,0.19972102343832068
mmh250jg0prrne,q_forgetting,Full,0.6180048661800487,0.6235955056179775,0.5522388059701493,0.5857519788918206,0.23525119997301075
mmh250jg0prrne,q_forgetting,Ph 1,0.47520661157024796,0.4897959183673469,0.384,0.4304932735426009,-0.04413133208259178
mmh250jg0prrne,q_forgetting,Ph 2,0.729064039408867,0.703030303030303,0.9508196721311475,0.8083623693379791,0.4342260391890633
mmh250jg0prrne,q_forgetting,Ph 3,0.6761904761904762,0.5384615384615384,0.2,0.2916666666666667,0.16357216402190614
mmh250jg0prrne,q_forgetting,Ph 4,0.6167664670658682,0.6567164179104478,0.5176470588235295,0.5789473684210527,0.2418906397687666
mmh250jg0prrne,hmm_2state,Full,1.0,1.0,1.0,1.0,1.0
mmh250jg0prrne,hmm_2state,Ph 1,1.0,1.0,1.0,1.0,1.0
mmh250jg0prrne,hmm_2state,Ph 2,1.0,1.0,1.0,1.0,1.0
mmh250jg0prrne,hmm_2state,Ph 3,1.0,1.0,1.0,1.0,1.0
mmh250jg0prrne,hmm_2state,Ph 4,1.0,1.0,1.0,1.0,1.0
mmh250jg0prrne,hmm_3state,Full,1.0,1.0,1.0,1.0,1.0
mmh250jg0prrne,hmm_3state,Ph 1,1.0,1.0,1.0,1.0,1.0
mmh250jg0prrne,hmm_3state,Ph 2,1.0,1.0,1.0,1.0,1.0
mmh250jg0prrne,hmm_3state,Ph 3,1.0,1.0,1.0,1.0,1.0
mmh250jg0prrne,hmm_3state,Ph 4,1.0,1.0,1.0,1.0,1.0
mmh250jg0prrne,hmm_4state,Full,1.0,1.0,1.0,1.0,1.0
mmh250jg0prrne,hmm_4state,Ph 1,1.0,1.0,1.0,1.0,1.0
mmh250jg0prrne,hmm_4state,Ph 2,1.0,1.0,1.0,1.0,1.0
mmh250jg0prrne,hmm_4state,Ph 3,1.0,1.0,1.0,1.0,1.0
mmh250jg0prrne,hmm_4state,Ph 4,1.0,1.0,1.0,1.0,1.0
mmh28cu87aoonk,random,Full,0.4641555285540705,0.4641555285540705,1.0,0.6340248962655601,0.0
mmh28cu87aoonk,random,Ph 1,0.45701357466063347,0.45701357466063347,1.0,0.6273291925465838,0.0
mmh28cu87aoonk,random,Ph 2,0.6302083333333334,0.6302083333333334,1.0,0.7731629392971247,0.0
mmh28cu87aoonk,random,Ph 3,0.3288888888888889,0.3288888888888889,1.0,0.49498327759197325,0.0
mmh28cu87aoonk,random,Ph 4,0.4648648648648649,0.4648648648648649,1.0,0.6346863468634686,0.0
mmh28cu87aoonk,bias,Full,0.5358444714459295,0.0,0.0,0.0,0.0
mmh28cu87aoonk,bias,Ph 1,0.5429864253393665,0.0,0.0,0.0,0.0
mmh28cu87aoonk,bias,Ph 2,0.3697916666666667,0.0,0.0,0.0,0.0
mmh28cu87aoonk,bias,Ph 3,0.6711111111111111,0.0,0.0,0.0,0.0
mmh28cu87aoonk,bias,Ph 4,0.5351351351351351,0.0,0.0,0.0,0.0
mmh28cu87aoonk,wsls,Full,0.4738760631834751,0.24242424242424243,0.06282722513089005,0.0997920997920998,-0.16440845543815538
mmh28cu87aoonk,wsls,Ph 1,0.5294117647058824,0.2857142857142857,0.019801980198019802,0.037037037037037035,-0.06219259200897917
mmh28cu87aoonk,wsls,Ph 2,0.375,1.0,0.008264462809917356,0.01639344262295082,0.05542679996600829
mmh28cu87aoonk,wsls,Ph 3,0.5866666666666667,0.12,0.04054054054054054,0.06060606060606061,-0.1571985482407502
mmh28cu87aoonk,wsls,Ph 4,0.372972972972973,0.2727272727272727,0.20930232558139536,0.23684210526315788,-0.286890215283189
mmh28cu87aoonk,generalized_matching_law,Full,0.5577156743620899,0.5328467153284672,0.38219895287958117,0.4451219512195122,0.09730585833940443
mmh28cu87aoonk,generalized_matching_law,Ph 1,0.5429864253393665,0.5,0.36633663366336633,0.4228571428571429,0.06122509784690162
mmh28cu87aoonk,generalized_matching_law,Ph 2,0.5052083333333334,0.6203703703703703,0.5537190082644629,0.5851528384279476,-0.023107703540231398
mmh28cu87aoonk,generalized_matching_law,Ph 3,0.6711111111111111,0.0,0.0,0.0,0.0
mmh28cu87aoonk,generalized_matching_law,Ph 4,0.4918918918918919,0.45652173913043476,0.4883720930232558,0.47191011235955055,-0.016637425872898112
mmh28cu87aoonk,melioration,Full,0.5759416767922235,0.5322896281800391,0.7120418848167539,0.6091825307950728,0.17484230902345324
mmh28cu87aoonk,melioration,Ph 1,0.4796380090497738,0.46534653465346537,0.9306930693069307,0.6204620462046204,0.054543015476827314
mmh28cu87aoonk,melioration,Ph 2,0.6302083333333334,0.6302083333333334,1.0,0.7731629392971247,0.0
mmh28cu87aoonk,melioration,Ph 3,0.6888888888888889,0.625,0.13513513513513514,0.2222222222222222,0.17438926079980077
mmh28cu87aoonk,melioration,Ph 4,0.4972972972972973,0.46534653465346537,0.5465116279069767,0.5026737967914439,0.0010589497608155705
mmh28cu87aoonk,kinetic,Full,0.5698663426488457,0.529045643153527,0.6675392670157068,0.5902777777777778,0.15469409276081328
mmh28cu87aoonk,kinetic,Ph 1,0.45248868778280543,0.45098039215686275,0.9108910891089109,0.6032786885245902,-0.041954451701836835
mmh28cu87aoonk,kinetic,Ph 2,0.6302083333333334,0.6302083333333334,1.0,0.7731629392971247,0.0
mmh28cu87aoonk,kinetic,Ph 3,0.6577777777777778,0.45161290322580644,0.1891891891891892,0.26666666666666666,0.10442096905944645
mmh28cu87aoonk,kinetic,Ph 4,0.5405405405405406,0.509090909090909,0.32558139534883723,0.3971631205673759,0.057675672877883666
mmh28cu87aoonk,behavioral_momentum,Full,0.5674362089914945,0.5262096774193549,0.6832460732984293,0.5945330296127562,0.15324511667817078
mmh28cu87aoonk,behavioral_momentum,Ph 1,0.47058823529411764,0.46,0.9108910891089109,0.6112956810631229,0.018501118128219772
mmh28cu87aoonk,behavioral_momentum,Ph 2,0.625,0.6282722513089005,0.9917355371900827,0.7692307692307693,-0.05542679996600829
mmh28cu87aoonk,behavioral_momentum,Ph 3,0.6711111111111111,0.5,0.02702702702702703,0.05128205128205128,0.04899934276528954
mmh28cu87aoonk,behavioral_momentum,Ph 4,0.4972972972972973,0.46534653465346537,0.5465116279069767,0.5026737967914439,0.0010589497608155705
mmh28cu87aoonk,hill_climbing,Full,0.6852976913730255,0.6394557823129252,0.7382198952879581,0.6852976913730255,0.3776756776008833
mmh28cu87aoonk,hill_climbing,Ph 1,0.7375565610859729,0.6776859504132231,0.8118811881188119,0.7387387387387387,0.4872834031300902
mmh28cu87aoonk,hill_climbing,Ph 2,0.71875,0.971830985915493,0.5702479338842975,0.71875,0.5420789197997905
mmh28cu87aoonk,hill_climbing,Ph 3,0.5777777777777777,0.4304635761589404,0.8783783783783784,0.5777777777777777,0.3088419545373188
mmh28cu87aoonk,hill_climbing,Ph 4,0.7189189189189189,0.673469387755102,0.7674418604651163,0.717391304347826,0.4438968236866558
mmh28cu87aoonk,q_learning,Full,0.5759416767922235,0.5322896281800391,0.7120418848167539,0.6091825307950728,0.17484230902345324
mmh28cu87aoonk,q_learning,Ph 1,0.4796380090497738,0.46534653465346537,0.9306930693069307,0.6204620462046204,0.054543015476827314
mmh28cu87aoonk,q_learning,Ph 2,0.6302083333333334,0.6302083333333334,1.0,0.7731629392971247,0.0
mmh28cu87aoonk,q_learning,Ph 3,0.6888888888888889,0.625,0.13513513513513514,0.2222222222222222,0.17438926079980077
mmh28cu87aoonk,q_learning,Ph 4,0.4972972972972973,0.46534653465346537,0.5465116279069767,0.5026737967914439,0.0010589497608155705
mmh28cu87aoonk,q_dual_alpha,Full,0.5698663426488457,0.5278884462151394,0.693717277486911,0.5995475113122172,0.1598129624586305
mmh28cu87aoonk,q_dual_alpha,Ph 1,0.4751131221719457,0.4630541871921182,0.9306930693069307,0.618421052631579,0.04072243225131937
mmh28cu87aoonk,q_dual_alpha,Ph 2,0.6302083333333334,0.6302083333333334,1.0,0.7731629392971247,0.0
mmh28cu87aoonk,q_dual_alpha,Ph 3,0.6888888888888889,0.625,0.13513513513513514,0.2222222222222222,0.17438926079980077
mmh28cu87aoonk,q_dual_alpha,Ph 4,0.4756756756756757,0.43956043956043955,0.46511627906976744,0.4519774011299435,-0.04991811224114909
mmh28cu87aoonk,q_forgetting,Full,0.56865127582017,0.5264187866927593,0.7041884816753927,0.6024636058230683,0.1597768500655798
mmh28cu87aoonk,q_forgetting,Ph 1,0.4751131221719457,0.4619289340101523,0.900990099009901,0.610738255033557,0.028269864670247117
mmh28cu87aoonk,q_forgetting,Ph 2,0.6302083333333334,0.6302083333333334,1.0,0.7731629392971247,0.0
mmh28cu87aoonk,q_forgetting,Ph 3,0.68,0.5454545454545454,0.16216216216216217,0.25,0.15175083606341627
mmh28cu87aoonk,q_forgetting,Ph 4,0.4810810810810811,0.45,0.5232558139534884,0.4838709677419355,-0.03232633044542605
mmh28cu87aoonk,hmm_2state,Full,0.8809234507897934,1.0,0.743455497382199,0.8528528528528528,0.7799242082314379
mmh28cu87aoonk,hmm_2state,Ph 1,0.9728506787330317,1.0,0.9405940594059405,0.9693877551020408,0.9464691575011284
mmh28cu87aoonk,hmm_2state,Ph 2,0.9947916666666666,1.0,0.9917355371900827,0.995850622406639,0.9889193255806497
mmh28cu87aoonk,hmm_2state,Ph 3,0.8888888888888888,1.0,0.6621621621621622,0.7967479674796748,0.753727428753284
mmh28cu87aoonk,hmm_2state,Ph 4,0.6432432432432432,1.0,0.23255813953488372,0.37735849056603776,0.3735436838188142
mmh28cu87aoonk,hmm_3state,Full,0.8809234507897934,1.0,0.743455497382199,0.8528528528528528,0.7799242082314379
mmh28cu87aoonk,hmm_3state,Ph 1,0.9728506787330317,1.0,0.9405940594059405,0.9693877551020408,0.9464691575011284
mmh28cu87aoonk,hmm_3state,Ph 2,0.9947916666666666,1.0,0.9917355371900827,0.995850622406639,0.9889193255806497
mmh28cu87aoonk,hmm_3state,Ph 3,0.8888888888888888,1.0,0.6621621621621622,0.7967479674796748,0.753727428753284
mmh28cu87aoonk,hmm_3state,Ph 4,0.6432432432432432,1.0,0.23255813953488372,0.37735849056603776,0.3735436838188142
mmh28cu87aoonk,hmm_4state,Full,0.8809234507897934,1.0,0.743455497382199,0.8528528528528528,0.7799242082314379
mmh28cu87aoonk,hmm_4state,Ph 1,0.9728506787330317,1.0,0.9405940594059405,0.9693877551020408,0.9464691575011284
mmh28cu87aoonk,hmm_4state,Ph 2,0.9947916666666666,1.0,0.9917355371900827,0.995850622406639,0.9889193255806497
mmh28cu87aoonk,hmm_4state,Ph 3,0.8888888888888888,1.0,0.6621621621621622,0.7967479674796748,0.753727428753284
mmh28cu87aoonk,hmm_4state,Ph 4,0.6432432432432432,1.0,0.23255813953488372,0.37735849056603776,0.3735436838188142
