session_id,model,n_params,nll,aic,bic,n_obs,alpha,beta,k,c,d,A_recency,sensitivity,bias,r_squared,n_bins,alpha_pos,alpha_neg,forget,alpha_base,alpha_gain,decay,alpha_phase1,alpha_phase2,alpha_phase3,alpha_phase4,n_states,log_likelihood
mmgkzukxb91bym,melioration,2,514.344433372096,1032.688866744192,1042.6095622023945,1054.0,0.49161373348848,3.580760154874612,,,,,,,,,,,,,,,,,,,,
mmgkzukxb91bym,kinetic,2,689.0752631029545,1382.150526205909,1392.0712216641116,1054.0,,2.162976006878389,1.2037373539843232,,,,,,,,,,,,,,,,,,,
mmgkzukxb91bym,behavioral_momentum,3,700.153613624569,1406.307227249138,1421.1882704364418,1054.0,,1.6996070449707767,,0.0691322036951456,0.0024787521766663,,,,,,,,,,,,,,,,,
mmgkzukxb91bym,hill_climbing,2,461.3637178896476,926.7274357792952,936.6481312374978,1054.0,,0.1353352832366127,,,,11.11356284022776,,,,,,,,,,,,,,,,
mmglwqjl2idcz3,melioration,2,173.79253441651474,351.5850688330295,360.3214432057305,583.0,0.1519495802250945,11.629819636412812,,,,,,,,,,,,,,,,,,,,
mmglwqjl2idcz3,kinetic,2,244.82468707871823,493.6493741574365,502.3857485301375,583.0,,18.76770065796284,0.6627824203654311,,,,,,,,,,,,,,,,,,,
mmglwqjl2idcz3,behavioral_momentum,3,280.3271283679043,566.6542567358086,579.7588182948601,583.0,,7.609565448802381,,7.38905609893065,0.0466941657446782,,,,,,,,,,,,,,,,,
mmglwqjl2idcz3,hill_climbing,2,173.66829340840212,351.33658681680424,360.07296118950524,583.0,,0.1353352832366127,,,,26.47465732568002,,,,,,,,,,,,,,,,
mmgnnwif7rgnag,melioration,2,438.9692763290121,881.9385526580242,891.3375533383476,812.0,0.5938873122364035,2.501888937615899,,,,,,,,,,,,,,,,,,,,
mmgnnwif7rgnag,kinetic,2,531.4574457989145,1066.914891597829,1076.3138922781525,812.0,,3.5672915342003053,0.9522643110648794,,,,,,,,,,,,,,,,,,,
mmgnnwif7rgnag,behavioral_momentum,3,520.4920379310934,1046.9840758621867,1061.0825768826717,812.0,,2.149802550130296,,0.0183156388887341,0.0024787521766663,,,,,,,,,,,,,,,,,
mmgnnwif7rgnag,hill_climbing,2,492.5907972360144,989.1815944720288,998.580595152352,812.0,,0.1353352832366127,,,,4.947274253231586,,,,,,,,,,,,,,,,
mmgp4bc84vs4qt,melioration,2,654.5164538283534,1313.0329076567068,1323.051725522124,1107.0,0.5011293450809504,2.2807039376490343,,,,,,,,,,,,,,,,,,,,
mmgp4bc84vs4qt,kinetic,2,730.0065528447335,1464.013105689467,1474.0319235548843,1107.0,,1.7415586351992882,1.7024100408040528,,,,,,,,,,,,,,,,,,,
mmgp4bc84vs4qt,behavioral_momentum,3,739.2765146524786,1484.5530293049571,1499.581256103083,1107.0,,1.6220614998132843,,0.1005718119726888,0.0024787521766663,,,,,,,,,,,,,,,,,
mmgp4bc84vs4qt,hill_climbing,2,700.3996912949724,1404.7993825899448,1414.818200455362,1107.0,,0.1353352832366127,,,,4.616306684677781,,,,,,,,,,,,,,,,
mmgp4tj5hwk1cr,melioration,2,582.1557458968042,1168.3114917936084,1178.068144730191,971.0,0.2854536187167678,2.604611455971785,,,,,,,,,,,,,,,,,,,,
mmgp4tj5hwk1cr,kinetic,2,608.062765221745,1220.12553044349,1229.8821833800728,971.0,,3.0733753606394965,1.0432174828231828,,,,,,,,,,,,,,,,,,,
mmgp4tj5hwk1cr,behavioral_momentum,3,636.9314627950309,1279.862925590062,1294.497904994936,971.0,,2.052398572944823,,0.0183156388887341,0.0024787521766663,,,,,,,,,,,,,,,,,
mmgp4tj5hwk1cr,hill_climbing,2,649.6048855752653,1303.2097711505303,1312.9664240871132,971.0,,0.1353352832366127,,,,4.103072078009539,,,,,,,,,,,,,,,,
mmgp5kmoz5itw5,melioration,2,142.07355819910734,288.1471163982147,295.50062400275124,292.0,0.6536598671406209,3.558430625052257,,,,,,,,,,,,,,,,,,,,
mmgp5kmoz5itw5,kinetic,2,184.98749369691612,373.9749873938324,381.3284949983689,292.0,,10.225446520992268,0.730472855453021,,,,,,,,,,,,,,,,,,,
mmgp5kmoz5itw5,behavioral_momentum,3,176.42077745181308,358.84155490362616,369.87181631043103,292.0,,6.554335585514876,,0.3602364901764364,0.0024787521766663,,,,,,,,,,,,,,,,,
mmgp5kmoz5itw5,hill_climbing,2,191.9945230654185,387.9890461308371,395.34255373537366,292.0,,0.1353352832366127,,,,21.45897419056248,,,,,,,,,,,,,,,,
mmgp92mez7ni28,melioration,2,639.7714904276502,1283.5429808553004,1293.6827291122174,1176.0,0.3069788569045575,4.635508669643163,,,,,,,,,,,,,,,,,,,,
mmgp92mez7ni28,kinetic,2,758.0661499604313,1520.1322999208626,1530.2720481777797,1176.0,,1.9388337522079544,1.3876962685993222,,,,,,,,,,,,,,,,,,,
mmgp92mez7ni28,behavioral_momentum,3,793.714964407485,1593.42992881497,1608.6395512003455,1176.0,,1.9926804036886163,,0.0183156388887341,0.0024787521766663,,,,,,,,,,,,,,,,,
mmgp92mez7ni28,hill_climbing,2,599.396884249384,1202.793768498768,1212.933516755685,1176.0,,0.1353352832366127,,,,10.904675175206254,,,,,,,,,,,,,,,,
mmgp978syi159c,melioration,2,604.0862193094652,1212.1724386189303,1221.9393637917565,976.0,0.423684813113945,1.806249993564554,,,,,,,,,,,,,,,,,,,,
mmgp978syi159c,kinetic,2,641.657591984245,1287.31518396849,1297.082109141316,976.0,,2.3311549735591224,0.6383071383640079,,,,,,,,,,,,,,,,,,,
mmgp978syi159c,behavioral_momentum,3,650.8328786504783,1307.6657573009566,1322.3161450601958,976.0,,1.6523155261305869,,0.2099430378054564,0.0024787521766663,,,,,,,,,,,,,,,,,
mmgp978syi159c,hill_climbing,2,614.9417203521216,1233.8834407042432,1243.6503658770694,976.0,,0.1353352832366127,,,,5.127571047637511,,,,,,,,,,,,,,,,
mmgp9zmmm2qlbz,melioration,2,629.5232217740198,1263.0464435480396,1272.9288236581765,1034.0,0.469078688844822,2.004903271007104,,,,,,,,,,,,,,,,,,,,
mmgp9zmmm2qlbz,kinetic,2,689.9306372066945,1383.861274413389,1393.7436545235255,1034.0,,1.9001134152883328,0.6275967074650329,,,,,,,,,,,,,,,,,,,
mmgp9zmmm2qlbz,behavioral_momentum,3,680.352541604646,1366.705083209292,1381.5286533744973,1034.0,,2.041330843660219,,2.6305815989546466,0.1096685575964804,,,,,,,,,,,,,,,,,
mmgp9zmmm2qlbz,hill_climbing,2,593.5279181085167,1191.0558362170334,1200.93821632717,1034.0,,0.1353352832366127,,,,5.258964143791588,,,,,,,,,,,,,,,,
mmgpaypnopkm1q,melioration,2,393.928681454185,791.8573629083701,801.4012340200493,873.0,0.542234165441606,3.7496975053899817,,,,,,,,,,,,,,,,,,,,
mmgpaypnopkm1q,kinetic,2,559.9985470059145,1123.997094011829,1133.5409651235082,873.0,,3.3543848252698307,0.6279129453633775,,,,,,,,,,,,,,,,,,,
mmgpaypnopkm1q,behavioral_momentum,3,564.7612779585431,1135.5225559170865,1149.838362584605,873.0,,2.7331064083909915,,0.0183156388887341,0.2246867610568457,,,,,,,,,,,,,,,,,
mmgpaypnopkm1q,hill_climbing,2,350.1357547583086,704.2715095166172,713.8153806282965,873.0,,0.1353352832366127,,,,12.753499242189369,,,,,,,,,,,,,,,,
mmgpciu4e2yunz,melioration,2,430.27492892806646,864.5498578561329,874.3951456390847,1015.0,0.4539274940987591,4.942289309852168,,,,,,,,,,,,,,,,,,,,
mmgpciu4e2yunz,kinetic,2,646.6742081745562,1297.3484163491123,1307.193704132064,1015.0,,2.4049111411459174,1.1075711779755355,,,,,,,,,,,,,,,,,,,
mmgpciu4e2yunz,behavioral_momentum,3,660.6752016273658,1327.3504032547316,1342.1183349291591,1015.0,,2.1857927132261863,,0.0183156388887341,0.0024787521766663,,,,,,,,,,,,,,,,,
mmgpciu4e2yunz,hill_climbing,2,383.4399164444226,770.8798328888452,780.725120671797,1015.0,,0.1353352832366127,,,,15.31954896577209,,,,,,,,,,,,,,,,
mmgpgi4g1jzpv2,melioration,2,653.9898618654696,1311.9797237309392,1321.8289485230364,1017.0,0.6153067378183547,1.270772900001636,,,,,,,,,,,,,,,,,,,,
mmgpgi4g1jzpv2,kinetic,2,699.3554695895773,1402.7109391791546,1412.5601639712518,1017.0,,0.810173760915014,0.9359387751962096,,,,,,,,,,,,,,,,,,,
mmgpgi4g1jzpv2,behavioral_momentum,3,698.7375691943564,1403.4751383887128,1418.2489755768586,1017.0,,0.9199315149886548,,7.38905609893065,1.0,,,,,,,,,,,,,,,,,
mmgpgi4g1jzpv2,hill_climbing,2,582.3673732697298,1168.7347465394596,1178.5839713315568,1017.0,,0.1353352832366127,,,,7.628573500293076,,,,,,,,,,,,,,,,
mmgpiq4ct3r8s1,melioration,2,506.5432046726162,1017.0864093452324,1026.5768820442013,850.0,0.3713217392008267,2.444298521423016,,,,,,,,,,,,,,,,,,,,
mmgpiq4ct3r8s1,kinetic,2,563.8779754559004,1131.7559509118007,1141.2464236107694,850.0,,1.11428147028801,3.099970578051007,,,,,,,,,,,,,,,,,,,
mmgpiq4ct3r8s1,behavioral_momentum,3,563.2563397321661,1132.5126794643322,1146.7483885127854,850.0,,2.2884142904039724,,0.0183156388887341,0.0640437559772557,,,,,,,,,,,,,,,,,
mmgpiq4ct3r8s1,hill_climbing,2,877.6975608293244,1759.3951216586488,1768.8855943576175,850.0,,0.1353352832366127,,,,5.854927525662285,,,,,,,,,,,,,,,,
mmgpqa16u4u07b,melioration,2,530.7505777483642,1065.5011554967284,1075.2884682059337,986.0,0.486103736642784,2.7660110612695235,,,,,,,,,,,,,,,,,,,,
mmgpqa16u4u07b,kinetic,2,631.5966024036773,1267.1932048073545,1276.9805175165598,986.0,,2.751841729226025,1.015005708674566,,,,,,,,,,,,,,,,,,,
mmgpqa16u4u07b,behavioral_momentum,3,654.7355751694499,1315.4711503389,1330.1521194027075,986.0,,1.7025675422223712,,0.1473552365463208,0.0024787521766663,,,,,,,,,,,,,,,,,
mmgpqa16u4u07b,hill_climbing,2,453.16131054062674,910.3226210812536,920.1099337904589,986.0,,0.1353352832366127,,,,11.6244304005692,,,,,,,,,,,,,,,,
mmgpy8l4xh9nto,melioration,2,740.0792694256041,1484.1585388512085,1494.161030095347,1098.0,0.4105981641443549,0.7666793004979255,,,,,,,,,,,,,,,,,,,,
mmgpy8l4xh9nto,kinetic,2,751.8954115603993,1507.790823120799,1517.7933143649375,1098.0,,0.9303227416250128,0.1738932774913735,,,,,,,,,,,,,,,,,,,
mmgpy8l4xh9nto,behavioral_momentum,3,749.2255910000463,1504.4511820000926,1519.4549188663009,1098.0,,0.7435193744665667,,0.6619198042090572,0.0024787521766663,,,,,,,,,,,,,,,,,
mmgpy8l4xh9nto,hill_climbing,2,769.6320668497898,1543.2641336995796,1553.2666249437186,1098.0,,0.1353352832366127,,,,1.1951763015344343,,,,,,,,,,,,,,,,
mmgq3qouddjc6z,melioration,2,629.7537872279171,1263.5075744558342,1273.6078194963725,1153.0,0.3831186021344785,4.644191943652495,,,,,,,,,,,,,,,,,,,,
mmgq3qouddjc6z,kinetic,2,756.1115239676774,1516.2230479353548,1526.3232929758929,1153.0,,1.7967924619080993,1.3467345347062865,,,,,,,,,,,,,,,,,,,
mmgq3qouddjc6z,behavioral_momentum,3,760.3228785413421,1526.6457570826842,1541.796124643491,1153.0,,2.5297482392754294,,0.0183156388887341,0.0024787521766663,,,,,,,,,,,,,,,,,
mmgq3qouddjc6z,hill_climbing,2,663.3647858857606,1330.7295717715213,1340.829816812059,1153.0,,0.1353352832366127,,,,6.280339136537048,,,,,,,,,,,,,,,,
mmgqyc7ozjls4u,melioration,2,658.9386828198222,1321.8773656396445,1331.7422614227896,1025.0,0.5798673142009124,1.3102899552223906,,,,,,,,,,,,,,,,,,,,
mmgqyc7ozjls4u,kinetic,2,698.5655581469442,1401.1311162938885,1410.9960120770336,1025.0,,1.1990817805285012,0.6247768361183434,,,,,,,,,,,,,,,,,,,
mmgqyc7ozjls4u,behavioral_momentum,3,691.7472602416524,1389.4945204833048,1404.2918641580222,1025.0,,1.3275979245290694,,0.0941188959201649,0.0024787521766663,,,,,,,,,,,,,,,,,
mmgqyc7ozjls4u,hill_climbing,2,677.519011040332,1359.038022080664,1368.902917863809,1025.0,,0.1353352832366127,,,,3.733754719153629,,,,,,,,,,,,,,,,
mmgr4s188ypj5i,melioration,2,547.3147494856623,1098.629498971325,1108.4767562276015,1016.0,0.3657125409849037,3.362640607642472,,,,,,,,,,,,,,,,,,,,
mmgr4s188ypj5i,kinetic,2,642.187108942436,1288.374217884872,1298.2214751411489,1016.0,,3.006344032622829,0.8104564750280723,,,,,,,,,,,,,,,,,,,
mmgr4s188ypj5i,behavioral_momentum,3,663.074121153902,1332.148242307804,1346.9191281922192,1016.0,,1.8538695816258608,,0.78169828361295,0.0024787521766663,,,,,,,,,,,,,,,,,
mmgr4s188ypj5i,hill_climbing,2,503.25166353063634,1010.5033270612728,1020.3505843175496,1016.0,,0.1353352832366127,,,,9.58709111707274,,,,,,,,,,,,,,,,
mmgr4wtlfg07a6,melioration,2,609.9607615225841,1223.9215230451682,1233.647038871271,956.0,0.4834615340693409,1.499281476886441,,,,,,,,,,,,,,,,,,,,
mmgr4wtlfg07a6,kinetic,2,635.5010984902912,1275.0021969805823,1284.727712806685,956.0,,2.050836858276806,0.8620061743748734,,,,,,,,,,,,,,,,,,,
mmgr4wtlfg07a6,behavioral_momentum,3,639.3911431332605,1284.782286266521,1299.370560005675,956.0,,1.299560776178625,,7.38905609893065,0.2262636052634251,,,,,,,,,,,,,,,,,
mmgr4wtlfg07a6,hill_climbing,2,675.0380081430499,1354.0760162860995,1363.8015321122025,956.0,,0.1353352832366127,,,,2.133042417808192,,,,,,,,,,,,,,,,
mmgr8c41csnx7y,melioration,2,433.37566026134,870.7513205226801,879.8043102418217,683.0,0.0107597176812343,7.556111048277234,,,,,,,,,,,,,,,,,,,,
mmgr8c41csnx7y,kinetic,2,441.2652957840507,886.5305915681014,895.583581287243,683.0,,3.462226580261432,0.889780755627163,,,,,,,,,,,,,,,,,,,
mmgr8c41csnx7y,behavioral_momentum,3,441.32289174426086,888.6457834885217,902.225268067234,683.0,,2.0600591134212904,,0.0183156388887341,0.0024787521766663,,,,,,,,,,,,,,,,,
mmgr8c41csnx7y,hill_climbing,2,453.0325239869434,910.0650479738867,919.1180376930284,683.0,,0.1353352832366127,,,,6.707796801167604,,,,,,,,,,,,,,,,
mmh0l2c7syhpy7,melioration,2,659.7555492722702,1323.5110985445403,1333.3798929643974,1027.0,0.5101649282764161,1.4016734563792006,,,,,,,,,,,,,,,,,,,,
mmh0l2c7syhpy7,kinetic,2,692.2500002646941,1388.5000005293882,1398.3687949492453,1027.0,,1.5357416421605643,1.078881813794394,,,,,,,,,,,,,,,,,,,
mmh0l2c7syhpy7,behavioral_momentum,3,701.0370788243628,1408.0741576487255,1422.8773492785112,1027.0,,0.9313480395583038,,0.0183156388887341,0.6148934263326041,,,,,,,,,,,,,,,,,
mmh0l2c7syhpy7,hill_climbing,2,651.5695370092453,1307.1390740184906,1317.0078684383475,1027.0,,0.1353352832366127,,,,4.517463099951548,,,,,,,,,,,,,,,,
mmh0l48d4j1y4y,melioration,2,586.0038958453406,1176.0077916906812,1185.558523872554,876.0,0.2425650183074714,1.0274078533227582,,,,,,,,,,,,,,,,,,,,
mmh0l48d4j1y4y,kinetic,2,592.8896462310807,1189.7792924621615,1199.3300246440342,876.0,,1.313381095762551,0.7847729372547294,,,,,,,,,,,,,,,,,,,
mmh0l48d4j1y4y,behavioral_momentum,3,600.7831008683395,1207.566201736679,1221.892300009488,876.0,,0.8559103248946784,,0.3004265401720555,0.0024787521766663,,,,,,,,,,,,,,,,,
mmh0l48d4j1y4y,hill_climbing,2,642.8332127735574,1289.6664255471148,1299.2171577289876,876.0,,0.1353352832366127,,,,0.0549550730918319,,,,,,,,,,,,,,,,
mmh0le5hn8utpd,melioration,2,539.9980269926513,1083.9960539853023,1093.7995283986156,994.0,0.4640645420981685,2.850384753468453,,,,,,,,,,,,,,,,,,,,
mmh0le5hn8utpd,kinetic,2,666.2066020290688,1336.4132040581376,1346.216678471451,994.0,,1.9654863152419408,0.9118843522147632,,,,,,,,,,,,,,,,,,,
mmh0le5hn8utpd,behavioral_momentum,3,645.6615504069683,1297.323100813937,1312.0283124339064,994.0,,2.2420904137554447,,0.0183156388887341,0.8284298393580055,,,,,,,,,,,,,,,,,
mmh0le5hn8utpd,hill_climbing,2,477.6145166215285,959.2290332430572,969.0325076563702,994.0,,0.1353352832366127,,,,8.19603261900812,,,,,,,,,,,,,,,,
mmh0lgop76n6ez,melioration,2,579.3949027154179,1162.7898054308357,1172.4056753182356,905.0,0.4544337757443484,1.5265258212688404,,,,,,,,,,,,,,,,,,,,
mmh0lgop76n6ez,kinetic,2,607.0674114209534,1218.1348228419067,1227.7506927293066,905.0,,1.991147978797848,0.9573091967999808,,,,,,,,,,,,,,,,,,,
mmh0lgop76n6ez,behavioral_momentum,3,602.8813504477607,1211.7627008955214,1226.1865057266211,905.0,,1.3824428680651788,,0.0183156388887341,0.0207988187004678,,,,,,,,,,,,,,,,,
mmh0lgop76n6ez,hill_climbing,2,566.6647861512084,1137.3295723024169,1146.9454421898167,905.0,,0.1353352832366127,,,,5.224900605908362,,,,,,,,,,,,,,,,
mmh0lku3ip54e4,melioration,2,642.7137787425517,1289.4275574851033,1299.2450670437338,1001.0,0.4794070775978827,1.5780101655954808,,,,,,,,,,,,,,,,,,,,
mmh0lku3ip54e4,kinetic,2,666.7163633661071,1337.4327267322142,1347.250236290845,1001.0,,4.127352049583591,0.0173480688070577,,,,,,,,,,,,,,,,,,,
mmh0lku3ip54e4,behavioral_momentum,3,660.8217401305834,1327.6434802611668,1342.3697445991124,1001.0,,1.577880649912563,,0.0183156388887341,0.0024787521766663,,,,,,,,,,,,,,,,,
mmh0lku3ip54e4,hill_climbing,2,659.4957580102845,1322.991516020569,1332.8090255791994,1001.0,,0.1843588315810715,,,,1.894564581451024,,,,,,,,,,,,,,,,
mmh0lpcdm9wdcu,melioration,2,60.01381348604178,124.02762697208355,131.7434932810505,350.0,0.7869356850220544,5.576960325289514,,,,,,,,,,,,,,,,,,,,
mmh0lpcdm9wdcu,kinetic,2,159.82599429678658,323.65198859357315,331.36785490254005,350.0,,13.879741104024085,0.6638672464056189,,,,,,,,,,,,,,,,,,,
mmh0lpcdm9wdcu,behavioral_momentum,3,173.37341502894336,352.7468300578867,364.3206295213371,350.0,,8.81447611084038,,0.0183156388887341,0.0841522955665915,,,,,,,,,,,,,,,,,
mmh0lpcdm9wdcu,hill_climbing,2,287.2917620684981,578.5835241369962,586.2993904459631,350.0,,0.1353352832366127,,,,54.59815003314424,,,,,,,,,,,,,,,,
mmh0m3latwun95,melioration,2,564.0364793820655,1132.072958764131,1141.9765030929289,1045.0,0.4139579154458229,3.079515886227135,,,,,,,,,,,,,,,,,,,,
mmh0m3latwun95,kinetic,2,692.4837187513017,1388.9674375026034,1398.8709818314012,1045.0,,1.8062036980491107,1.0300358213913448,,,,,,,,,,,,,,,,,,,
mmh0m3latwun95,behavioral_momentum,3,676.0575228844497,1358.115045768899,1372.9703622620962,1045.0,,2.307467823374811,,7.38905609893065,0.0752687952533238,,,,,,,,,,,,,,,,,
mmh0m3latwun95,hill_climbing,2,516.7049731129484,1037.4099462258969,1047.313490554695,1045.0,,0.1353352832366127,,,,8.97734879527019,,,,,,,,,,,,,,,,
mmh0mm0schxk59,melioration,2,651.0680426073826,1306.1360852147652,1315.957586790689,1003.0,0.3363078595578459,1.830644187656139,,,,,,,,,,,,,,,,,,,,
mmh0mm0schxk59,kinetic,2,667.3961615393288,1338.7923230786575,1348.613824654581,1003.0,,3.0061762197938577,0.0446353110499075,,,,,,,,,,,,,,,,,,,
mmh0mm0schxk59,behavioral_momentum,3,668.2167108396936,1342.4334216793873,1357.1656740432732,1003.0,,1.5789722830642248,,0.0183156388887341,0.0024787521766663,,,,,,,,,,,,,,,,,
mmh0mm0schxk59,hill_climbing,2,711.835498467794,1427.670996935588,1437.4924985115117,1003.0,,0.1353352832366127,,,,0.5955377238639054,,,,,,,,,,,,,,,,
mmh0mmptqfyu87,melioration,2,336.112152183303,676.224304366606,684.6293754009819,494.0,0.4946436124097343,1.521443288389443,,,,,,,,,,,,,,,,,,,,
mmh0mmptqfyu87,kinetic,2,340.24610313115414,684.4922062623083,692.8972772966841,494.0,,6.339696047914673,0.7007065479102839,,,,,,,,,,,,,,,,,,,
mmh0mmptqfyu87,behavioral_momentum,3,341.2268884204743,688.4537768409486,701.0613833925124,494.0,,1.042856683618654,,0.1025610594525519,0.0024787521766663,,,,,,,,,,,,,,,,,
mmh0mmptqfyu87,hill_climbing,2,334.684191101731,673.368382203462,681.7734532378379,494.0,,0.457146737204938,,,,1.407859756044187,,,,,,,,,,,,,,,,
mmh0nnjg95y0zn,melioration,2,751.8548804570688,1507.7097609141376,1517.9409251665063,1231.0,0.5143751159254929,2.3382291982629835,,,,,,,,,,,,,,,,,,,,
mmh0nnjg95y0zn,kinetic,2,835.9327321245466,1675.8654642490933,1686.0966285014622,1231.0,,1.023083585397058,1.5934291834791017,,,,,,,,,,,,,,,,,,,
mmh0nnjg95y0zn,behavioral_momentum,3,829.4629397569468,1664.9258795138935,1680.272625892447,1231.0,,1.6769123157672623,,0.5664742959657951,0.0024787521766663,,,,,,,,,,,,,,,,,
mmh0nnjg95y0zn,hill_climbing,2,715.053762333395,1434.10752466679,1444.3386889191588,1231.0,,0.1353352832366127,,,,6.888223264086982,,,,,,,,,,,,,,,,
mmh0ocgvf4p325,melioration,2,494.5895981351718,993.1791962703436,1002.9746061566008,990.0,0.3267822221558172,3.9692405247468368,,,,,,,,,,,,,,,,,,,,
mmh0ocgvf4p325,kinetic,2,607.9917565470719,1219.9835130941435,1229.778922980401,990.0,,4.11082461544541,0.6187451813268927,,,,,,,,,,,,,,,,,,,
mmh0ocgvf4p325,behavioral_momentum,3,633.2186656911172,1272.4373313822343,1287.1304462116202,990.0,,4.118569701485379,,0.0232230850321695,0.0024787521766663,,,,,,,,,,,,,,,,,
mmh0ocgvf4p325,hill_climbing,2,434.41374319421385,872.8274863884277,882.622896274685,990.0,,0.1353352832366127,,,,12.245020540874656,,,,,,,,,,,,,,,,
mmh0opq734nw1a,melioration,2,464.1474910879994,932.2949821759988,941.93937695724,918.0,0.2648186169566685,3.898810690648177,,,,,,,,,,,,,,,,,,,,
mmh0opq734nw1a,kinetic,2,535.5840133551153,1075.1680267102306,1084.8124214914717,918.0,,4.384542352366841,0.8897373114392899,,,,,,,,,,,,,,,,,,,
mmh0opq734nw1a,behavioral_momentum,3,586.6464046326236,1179.2928092652471,1193.7594014371086,918.0,,2.8218361665243585,,0.0183156388887341,0.0024787521766663,,,,,,,,,,,,,,,,,
mmh0opq734nw1a,hill_climbing,2,395.9574928038584,795.9149856077167,805.5593803889577,918.0,,0.1353352832366127,,,,12.886037151908337,,,,,,,,,,,,,,,,
mmh0ozswma6i3j,melioration,2,522.1918857547905,1048.383771509581,1058.2251145180785,1013.0,0.3790526881695227,3.659172939012865,,,,,,,,,,,,,,,,,,,,
mmh0ozswma6i3j,kinetic,2,657.3108749415613,1318.621749883123,1328.46309289162,1013.0,,2.054869892215841,1.2771342396872174,,,,,,,,,,,,,,,,,,,
mmh0ozswma6i3j,behavioral_momentum,3,663.1835866039632,1332.3671732079265,1347.1291877206725,1013.0,,2.6121300536279666,,0.0183156388887341,0.6030278050631721,,,,,,,,,,,,,,,,,
mmh0ozswma6i3j,hill_climbing,2,468.8697771609061,941.739554321812,951.5808973303094,1013.0,,0.1353352832366127,,,,12.014844327989833,,,,,,,,,,,,,,,,
mmh0pa4lgnz2nd,melioration,2,540.4897409166707,1084.9794818333414,1094.573129269891,895.0,0.4795041759282834,1.834964033859263,,,,,,,,,,,,,,,,,,,,
mmh0pa4lgnz2nd,kinetic,2,592.8128317967457,1189.6256635934917,1199.2193110300411,895.0,,2.33100985290455,1.017888703314904,,,,,,,,,,,,,,,,,,,
mmh0pa4lgnz2nd,behavioral_momentum,3,587.5289368218663,1181.0578736437326,1195.4483447985572,895.0,,1.6096772249942766,,0.1955226936244222,0.0024787521766663,,,,,,,,,,,,,,,,,
mmh0pa4lgnz2nd,hill_climbing,2,513.9220051374086,1031.8440102748173,1041.437657711367,895.0,,0.1353352832366127,,,,5.383897440476091,,,,,,,,,,,,,,,,
mmh0pj6zqdvwmg,melioration,2,718.3673341618285,1440.734668323657,1450.982013894066,1241.0,0.3496795464095631,3.052249199929205,,,,,,,,,,,,,,,,,,,,
mmh0pj6zqdvwmg,kinetic,2,829.1673196570647,1662.3346393141294,1672.5819848845383,1241.0,,1.390325198047026,1.3719133769473844,,,,,,,,,,,,,,,,,,,
mmh0pj6zqdvwmg,behavioral_momentum,3,852.9787155550405,1711.957431110081,1727.3284494656948,1241.0,,0.7404146093343009,,0.1071467813029773,0.0024787521766663,,,,,,,,,,,,,,,,,
mmh0pj6zqdvwmg,hill_climbing,2,589.966666954225,1183.93333390845,1194.1806794788592,1241.0,,0.1353352832366127,,,,11.228325908700617,,,,,,,,,,,,,,,,
mmh0pjhqfbciu8,melioration,2,312.45227216200203,628.9045443240041,638.0961053519267,732.0,0.7501576061001202,3.53158929871104,,,,,,,,,,,,,,,,,,,,
mmh0pjhqfbciu8,kinetic,2,476.6334808444088,957.2669616888176,966.4585227167404,732.0,,5.300986335639432,0.8277029812780847,,,,,,,,,,,,,,,,,,,
mmh0pjhqfbciu8,behavioral_momentum,3,464.8535923540015,935.707184708003,949.4945262498868,732.0,,3.374901116763516,,0.3059359331326491,0.0024787521766663,,,,,,,,,,,,,,,,,
mmh0pjhqfbciu8,hill_climbing,2,437.29686312866505,878.5937262573301,887.7852872852527,732.0,,0.1353352832366127,,,,5.357778542874546,,,,,,,,,,,,,,,,
mmh0puch6r88f0,melioration,2,465.4212982740204,934.8425965480408,944.4295288132008,892.0,0.5836341537030912,3.123227065937213,,,,,,,,,,,,,,,,,,,,
mmh0puch6r88f0,kinetic,2,600.3940667391374,1204.7881334782749,1214.3750657434348,892.0,,7.0602011820960495,0.0153799771965466,,,,,,,,,,,,,,,,,,,
mmh0puch6r88f0,behavioral_momentum,3,571.7373402294849,1149.4746804589695,1163.8550788567095,892.0,,3.885700101327641,,0.042213642343865,0.0330507789681426,,,,,,,,,,,,,,,,,
mmh0puch6r88f0,hill_climbing,2,598.846688296564,1201.693376593128,1211.280308858288,892.0,,0.1353352832366127,,,,2.802130736656399,,,,,,,,,,,,,,,,
mmh0r154h7irg3,melioration,2,629.0028833325485,1262.005766665097,1272.1472148796176,1177.0,0.3874443218444688,3.4872891733470706,,,,,,,,,,,,,,,,,,,,
mmh0r154h7irg3,kinetic,2,736.1394865286578,1476.2789730573156,1486.4204212718362,1177.0,,2.584263789482641,1.1315792700676557,,,,,,,,,,,,,,,,,,,
mmh0r154h7irg3,behavioral_momentum,3,787.7806137866238,1581.5612275732476,1596.7733998950284,1177.0,,1.7702511865261967,,0.0183156388887341,0.0422439264936959,,,,,,,,,,,,,,,,,
mmh0r154h7irg3,hill_climbing,2,493.4542076227692,990.9084152455384,1001.049863460059,1177.0,,0.1353352832366127,,,,14.07418366256734,,,,,,,,,,,,,,,,
mmh0r34rqnesgg,melioration,2,375.84768774749006,755.6953754949801,765.3397702762211,918.0,0.6166097917716452,4.713648386934799,,,,,,,,,,,,,,,,,,,,
mmh0r34rqnesgg,kinetic,2,610.5543165254902,1225.1086330509804,1234.7530278322215,918.0,,3.0198065251643684,0.6265753576515434,,,,,,,,,,,,,,,,,,,
mmh0r34rqnesgg,behavioral_momentum,3,575.7719667119022,1157.5439334238044,1172.010525595666,918.0,,4.464393284587392,,0.087671019539705,0.0024787521766663,,,,,,,,,,,,,,,,,
mmh0r34rqnesgg,hill_climbing,2,442.836459186444,889.6729183728879,899.3173131541289,918.0,,0.1353352832366127,,,,8.056819937986734,,,,,,,,,,,,,,,,
mmh0rqn6g1cadb,melioration,2,365.428337561608,734.856675123216,743.8198293817688,653.0,0.76985380025731,2.3331634381338247,,,,,,,,,,,,,,,,,,,,
mmh0rqn6g1cadb,kinetic,2,443.1743114779294,890.3486229558588,899.3117772144117,653.0,,3.281168743107952,0.9352762250141488,,,,,,,,,,,,,,,,,,,
mmh0rqn6g1cadb,behavioral_momentum,3,434.6331912299429,875.2663824598857,888.711113847715,653.0,,3.275480598687577,,0.0199221738154481,0.0024787521766663,,,,,,,,,,,,,,,,,
mmh0rqn6g1cadb,hill_climbing,2,344.5769343424355,693.153868684871,702.1170229434239,653.0,,0.3734473440430301,,,,3.702635219195868,,,,,,,,,,,,,,,,
mmh0tro0khha5x,melioration,2,570.1995501303569,1144.3991002607138,1154.112024229903,950.0,0.3608374445934277,2.486978915539324,,,,,,,,,,,,,,,,,,,,
mmh0tro0khha5x,kinetic,2,631.6132837966109,1267.2265675932215,1276.939491562411,950.0,,1.9331420235987595,0.9704600517067328,,,,,,,,,,,,,,,,,,,
mmh0tro0khha5x,behavioral_momentum,3,605.213242095483,1216.426484190966,1230.9958701447497,950.0,,3.6811919210185535,,7.38905609893065,0.0044148330803991,,,,,,,,,,,,,,,,,
mmh0tro0khha5x,hill_climbing,2,551.5731203440116,1107.1462406880232,1116.8591646572124,950.0,,0.1353352832366127,,,,6.747138647423225,,,,,,,,,,,,,,,,
mmh0uacrkmrg83,melioration,2,323.1747155546874,650.3494311093748,659.5023702474713,718.0,0.3806228946487896,4.800232116279927,,,,,,,,,,,,,,,,,,,,
mmh0uacrkmrg83,kinetic,2,448.9376122452312,901.8752244904624,911.0281636285588,718.0,,5.480405475342847,0.498481440843515,,,,,,,,,,,,,,,,,,,
mmh0uacrkmrg83,behavioral_momentum,3,422.26520082012087,850.5304016402417,864.2598103473864,718.0,,4.754603219415247,,1.3084058416133195,0.0341372225727272,,,,,,,,,,,,,,,,,
mmh0uacrkmrg83,hill_climbing,2,348.3100978399784,700.6201956799569,709.7731348180533,718.0,,0.1353352832366127,,,,10.452478602690856,,,,,,,,,,,,,,,,
mmh0ueb9o9dis7,melioration,2,522.0266555378795,1048.053311075759,1057.3718989151262,780.0,0.6883180050133567,0.7953766661099289,,,,,,,,,,,,,,,,,,,,
mmh0ueb9o9dis7,kinetic,2,532.8289441041809,1069.6578882083618,1078.976476047729,780.0,,1.3310869272829051,0.1866967612317708,,,,,,,,,,,,,,,,,,,
mmh0ueb9o9dis7,behavioral_momentum,3,533.9389775498773,1073.877955099755,1087.8558368588056,780.0,,0.6646117217279621,,7.38905609893065,1.0,,,,,,,,,,,,,,,,,
mmh0ueb9o9dis7,hill_climbing,2,486.2881091696112,976.5762183392224,985.8948061785896,780.0,,0.1353352832366127,,,,5.545741739371664,,,,,,,,,,,,,,,,
mmh0vbvu4yn6l1,melioration,2,602.071499233331,1208.142998466662,1218.3080956053725,1191.0,0.3536499810293403,4.831649599723036,,,,,,,,,,,,,,,,,,,,
mmh0vbvu4yn6l1,kinetic,2,764.0977874400497,1532.1955748800997,1542.36067201881,1191.0,,2.2701919979299343,1.3864659910915638,,,,,,,,,,,,,,,,,,,
mmh0vbvu4yn6l1,behavioral_momentum,3,784.4186907302447,1574.8373814604895,1590.0850271685554,1191.0,,2.4152717094832075,,0.058879562734507,0.0024787521766663,,,,,,,,,,,,,,,,,
mmh0vbvu4yn6l1,hill_climbing,2,557.5291357141997,1119.0582714283994,1129.22336856711,1191.0,,0.1353352832366127,,,,11.298880465904638,,,,,,,,,,,,,,,,
mmh0vh7gck5q8n,melioration,2,286.46369630816065,576.9273926163213,586.2865909880101,796.0,0.6332240120621042,5.313542585546464,,,,,,,,,,,,,,,,,,,,
mmh0vh7gck5q8n,kinetic,2,510.7548912642335,1025.509782528467,1034.8689809001555,796.0,,3.389085727759743,0.9504670834291912,,,,,,,,,,,,,,,,,,,
mmh0vh7gck5q8n,behavioral_momentum,3,490.794544724695,987.58908944939,1001.6278870069232,796.0,,3.401144894468864,,0.0183156388887341,0.0024787521766663,,,,,,,,,,,,,,,,,
mmh0vh7gck5q8n,hill_climbing,2,316.7659731382193,637.5319462764386,646.8911446481274,796.0,,0.1353352832366127,,,,12.672566358269023,,,,,,,,,,,,,,,,
mmh0wavycmn4y3,melioration,2,652.3155186402106,1308.6310372804212,1318.655267869034,1110.0,0.3161849305021357,3.1308955360947595,,,,,,,,,,,,,,,,,,,,
mmh0wavycmn4y3,kinetic,2,734.4825055390875,1472.965011078175,1482.9892416667876,1110.0,,2.0798732481592874,1.0039105532713573,,,,,,,,,,,,,,,,,,,
mmh0wavycmn4y3,behavioral_momentum,3,729.7512271007917,1465.5024542015833,1480.5388000845026,1110.0,,2.738732642189856,,0.1459929750324688,0.0024787521766663,,,,,,,,,,,,,,,,,
mmh0wavycmn4y3,hill_climbing,2,729.4781502463724,1462.9563004927447,1472.9805310813574,1110.0,,0.1353352832366127,,,,4.137072192943044,,,,,,,,,,,,,,,,
mmh0x9u4kgtvxn,melioration,2,787.1143403562728,1578.2286807125456,1588.387049501765,1187.0,0.3285285318016169,1.2838546788681937,,,,,,,,,,,,,,,,,,,,
mmh0x9u4kgtvxn,kinetic,2,795.8535657599277,1595.7071315198557,1605.8655003090748,1187.0,,1.320478230809865,0.8662803790730921,,,,,,,,,,,,,,,,,,,
mmh0x9u4kgtvxn,behavioral_momentum,3,804.6188528767035,1615.237705753407,1630.475258937236,1187.0,,1.0652246593873198,,7.38905609893065,0.0044345310520171,,,,,,,,,,,,,,,,,
mmh0x9u4kgtvxn,hill_climbing,2,853.9329996086628,1711.8659992173257,1722.024368006545,1187.0,,0.1353352832366127,,,,1.0156766034594595,,,,,,,,,,,,,,,,
mmh0yegg0emahk,melioration,2,329.234340921831,662.468681843662,671.7379485593854,761.0,0.5783998654756648,3.7271473342393953,,,,,,,,,,,,,,,,,,,,
mmh0yegg0emahk,kinetic,2,461.56945564225504,927.13891128451,936.4081780002334,761.0,,5.608170387485992,0.8026555640869701,,,,,,,,,,,,,,,,,,,
mmh0yegg0emahk,behavioral_momentum,3,447.40790174343823,900.8158034868763,914.7197035604617,761.0,,4.33302327650443,,0.0324010147489572,0.0024787521766663,,,,,,,,,,,,,,,,,
mmh0yegg0emahk,hill_climbing,2,359.9581863878343,723.9163727756686,733.185639491392,761.0,,0.1353352832366127,,,,12.302742328965492,,,,,,,,,,,,,,,,
mmh115pr1lsvkw,melioration,2,538.0360218939505,1080.072043787901,1089.5859085663965,860.0,0.7648772536095226,1.171993538632132,,,,,,,,,,,,,,,,,,,,
mmh115pr1lsvkw,kinetic,2,584.6351697474373,1173.2703394948746,1182.7842042733698,860.0,,1.2111363948540137,1.0420533159633345,,,,,,,,,,,,,,,,,,,
mmh115pr1lsvkw,behavioral_momentum,3,580.1668182099862,1166.3336364199724,1180.604433587715,860.0,,1.1447083353388006,,0.0183156388887341,0.0884486515576696,,,,,,,,,,,,,,,,,
mmh115pr1lsvkw,hill_climbing,2,556.1398236420324,1116.2796472840648,1125.79351206256,860.0,,0.1353352832366127,,,,3.664164435850305,,,,,,,,,,,,,,,,
mmh16ou0ocswzc,melioration,2,608.9595921490089,1221.919184298018,1231.7286858379416,997.0,0.4966575477714562,1.7587964458123704,,,,,,,,,,,,,,,,,,,,
mmh16ou0ocswzc,kinetic,2,662.5655207690191,1329.1310415380383,1338.940543077962,997.0,,2.290676086950876,0.5190563810994042,,,,,,,,,,,,,,,,,,,
mmh16ou0ocswzc,behavioral_momentum,3,657.243808129076,1320.487616258152,1335.2018685680375,997.0,,2.210122971952331,,0.0183156388887341,0.2123345494936972,,,,,,,,,,,,,,,,,
mmh16ou0ocswzc,hill_climbing,2,572.07575454787,1148.15150909574,1157.9610106356638,997.0,,0.1353352832366127,,,,5.718702487626365,,,,,,,,,,,,,,,,
mmh19xdl74m2p5,melioration,2,534.8642482705819,1073.7284965411638,1083.4393141383837,949.0,0.4091153621638461,2.5177111120625475,,,,,,,,,,,,,,,,,,,,
mmh19xdl74m2p5,kinetic,2,635.8546813683329,1275.7093627366658,1285.4201803338856,949.0,,1.5833806336220215,1.1909156869080195,,,,,,,,,,,,,,,,,,,
mmh19xdl74m2p5,behavioral_momentum,3,617.0528742043514,1240.1057484087028,1254.6719748045325,949.0,,2.483327589114529,,0.0689224766767763,0.0644326912646749,,,,,,,,,,,,,,,,,
mmh19xdl74m2p5,hill_climbing,2,413.9819924429533,831.9639848859066,841.6748024831264,949.0,,0.1353352832366127,,,,10.77912728876797,,,,,,,,,,,,,,,,
mmh1cyh0ahaw8s,melioration,2,646.2952954293099,1296.59059085862,1306.4535344698188,1024.0,0.3962228211948029,1.6093078589184704,,,,,,,,,,,,,,,,,,,,
mmh1cyh0ahaw8s,kinetic,2,685.0012761626425,1374.002552325285,1383.865495936484,1024.0,,1.771929378514327,0.6868059084802536,,,,,,,,,,,,,,,,,,,
mmh1cyh0ahaw8s,behavioral_momentum,3,683.9986108877323,1373.9972217754646,1388.791637192263,1024.0,,1.5598993581073888,,0.0191287223301056,0.0024787521766663,,,,,,,,,,,,,,,,,
mmh1cyh0ahaw8s,hill_climbing,2,606.9746587182331,1217.949317436466,1227.812261047665,1024.0,,0.1353352832366127,,,,6.23817354494572,,,,,,,,,,,,,,,,
mmh1eq07kkdfkw,melioration,2,671.8761120061487,1347.7522240122971,1357.7290503762963,1084.0,0.532121129892144,1.5844646043225137,,,,,,,,,,,,,,,,,,,,
mmh1eq07kkdfkw,kinetic,2,731.330352708576,1466.660705417152,1476.6375317811512,1084.0,,1.2723862085361723,1.3139975962800186,,,,,,,,,,,,,,,,,,,
mmh1eq07kkdfkw,behavioral_momentum,3,729.5504027524748,1465.1008055049497,1480.0660450509486,1084.0,,1.1854500967260084,,7.38905609893065,1.0,,,,,,,,,,,,,,,,,
mmh1eq07kkdfkw,hill_climbing,2,571.5620460512712,1147.1240921025424,1157.1009184665415,1084.0,,0.1353352832366127,,,,7.451074414493489,,,,,,,,,,,,,,,,
mmh1jfrxrszco0,melioration,2,236.0756964616986,476.1513929233972,484.6474786724141,517.0,0.5835926423660389,4.667649768163748,,,,,,,,,,,,,,,,,,,,
mmh1jfrxrszco0,kinetic,2,261.8476582313233,527.6953164626467,536.1914022116636,517.0,,18.90511754002294,0.5598172582084087,,,,,,,,,,,,,,,,,,,
mmh1jfrxrszco0,behavioral_momentum,3,268.4865652825973,542.9731305651947,555.7172591887199,517.0,,8.407983403488439,,0.0183156388887341,0.0959047228781479,,,,,,,,,,,,,,,,,
mmh1jfrxrszco0,hill_climbing,2,293.85109794647025,591.7021958929405,600.1982816419574,517.0,,0.1353352832366127,,,,21.28296852380734,,,,,,,,,,,,,,,,
mmh1qje9negjr0,melioration,2,577.4337837847154,1158.8675675694308,1168.503228712339,914.0,0.3778784739779226,1.681519308196564,,,,,,,,,,,,,,,,,,,,
mmh1qje9negjr0,kinetic,2,598.9514491932416,1201.9028983864832,1211.5385595293917,914.0,,2.3941764584966,1.115088997052831,,,,,,,,,,,,,,,,,,,
mmh1qje9negjr0,behavioral_momentum,3,609.976812880406,1225.953625760812,1240.4071174751743,914.0,,1.796100571820263,,0.0183156388887341,0.0024787521766663,,,,,,,,,,,,,,,,,
mmh1qje9negjr0,hill_climbing,2,541.4016551585955,1086.803310317191,1096.4389714600993,914.0,,0.1353352832366127,,,,5.214802448769375,,,,,,,,,,,,,,,,
mmh1sestgp7zew,melioration,2,575.0907153787566,1154.1814307575132,1164.2466792795692,1133.0,0.3706429615112779,3.7908324168116025,,,,,,,,,,,,,,,,,,,,
mmh1sestgp7zew,kinetic,2,677.3460116369706,1358.6920232739412,1368.7572717959972,1133.0,,2.969618196314087,0.8451987205836443,,,,,,,,,,,,,,,,,,,
mmh1sestgp7zew,behavioral_momentum,3,751.7278239085473,1509.4556478170946,1524.553520600179,1133.0,,1.6028487880974849,,0.0183156388887341,0.0024787521766663,,,,,,,,,,,,,,,,,
mmh1sestgp7zew,hill_climbing,2,529.5536028899385,1063.107205779877,1073.172454301933,1133.0,,0.1353352832366127,,,,12.991531851815294,,,,,,,,,,,,,,,,
mmh1tezp242ppu,melioration,2,602.4664735873808,1208.9329471747617,1218.6647293245285,959.0,0.5100241484576673,1.5049467400342955,,,,,,,,,,,,,,,,,,,,
mmh1tezp242ppu,kinetic,2,647.4794754696727,1298.9589509393454,1308.6907330891122,959.0,,1.5847224415585657,0.6348032328442123,,,,,,,,,,,,,,,,,,,
mmh1tezp242ppu,behavioral_momentum,3,638.5954164491741,1283.1908328983482,1297.7885061229986,959.0,,1.5597466204884936,,0.0183156388887341,1.0,,,,,,,,,,,,,,,,,
mmh1tezp242ppu,hill_climbing,2,604.7526772901074,1213.5053545802148,1223.2371367299816,959.0,,0.1353352832366127,,,,4.58727675564024,,,,,,,,,,,,,,,,
mmh1wzqpu4iob1,melioration,2,418.0858732549607,840.1717465099214,849.6551478992255,847.0,0.3853279035137277,3.708480738713545,,,,,,,,,,,,,,,,,,,,
mmh1wzqpu4iob1,kinetic,2,526.0263242161667,1056.0526484323334,1065.5360498216376,847.0,,4.769095983256742,0.6854268469563526,,,,,,,,,,,,,,,,,,,
mmh1wzqpu4iob1,behavioral_momentum,3,540.6616209898197,1087.3232419796393,1101.5483440635956,847.0,,2.9646793093226496,,0.0879054757364117,0.0024787521766663,,,,,,,,,,,,,,,,,
mmh1wzqpu4iob1,hill_climbing,2,359.34690153610734,722.6938030722147,732.1772044615188,847.0,,0.1353352832366127,,,,10.33444143934056,,,,,,,,,,,,,,,,
mmh250jg0prrne,melioration,2,503.013883834419,1010.027767668838,1019.4512484589504,822.0,0.4973770965583258,1.8944834018651044,,,,,,,,,,,,,,,,,,,,
mmh250jg0prrne,kinetic,2,539.7573833151986,1083.5147666303972,1092.9382474205097,822.0,,2.9922734254070407,1.0367797399575025,,,,,,,,,,,,,,,,,,,
mmh250jg0prrne,behavioral_momentum,3,540.970121065897,1087.940242131794,1102.075463316963,822.0,,1.9316600347165684,,0.0183156388887341,0.0024787521766663,,,,,,,,,,,,,,,,,
mmh250jg0prrne,hill_climbing,2,579.2289175804697,1162.457835160939,1171.8813159510516,822.0,,0.1353352832366127,,,,1.8370890930715853,,,,,,,,,,,,,,,,
mmh28cu87aoonk,melioration,2,554.2544056504776,1112.5088113009551,1121.9347237023094,823.0,0.0541056512978193,1.989490773736614,,,,,,,,,,,,,,,,,,,,
mmh28cu87aoonk,kinetic,2,553.5249933492702,1111.0499866985404,1120.4758990998944,823.0,,7.596810409236754,0.0089974933644785,,,,,,,,,,,,,,,,,,,
mmh28cu87aoonk,behavioral_momentum,3,551.6071605646256,1109.2143211292512,1123.3531897312823,823.0,,1.9208858428011173,,0.0529014721491706,0.0024787521766663,,,,,,,,,,,,,,,,,
mmh28cu87aoonk,hill_climbing,2,565.1422021513598,1134.2844043027196,1143.7103167040736,823.0,,0.2264283976102394,,,,0.0183156388887341,,,,,,,,,,,,,,,,
mmgkzukxb91bym,random,0,730.5771283101823,1461.1542566203643,1461.1542566203643,1054.0,,,,,,,,,,,,,,,,,,,,,,
mmgkzukxb91bym,bias,1,728.6328585075762,1459.2657170151524,1464.2260647442538,1054.0,,,,,,,,,,,,,,,,,,,,,,
mmgkzukxb91bym,wsls,2,722.1346273623233,1448.2692547246463,1458.189950182849,1054.0,,,,,,,,,,,,,,,,,,,,,,
mmglwqjl2idcz3,random,0,404.1048062664481,808.2096125328962,808.2096125328962,583.0,,,,,,,,,,,,,,,,,,,,,,
mmglwqjl2idcz3,bias,1,402.3663709542508,806.7327419085016,811.1009290948521,583.0,,,,,,,,,,,,,,,,,,,,,,
mmglwqjl2idcz3,wsls,2,401.5917276095599,807.1834552191198,815.9198295918208,583.0,,,,,,,,,,,,,,,,,,,,,,
mmgnnwif7rgnag,random,0,562.8355106146755,1125.671021229351,1125.671021229351,812.0,,,,,,,,,,,,,,,,,,,,,,
mmgnnwif7rgnag,bias,1,562.8355106146755,1127.671021229351,1132.370521569513,812.0,,,,,,,,,,,,,,,,,,,,,,
mmgnnwif7rgnag,wsls,2,562.0862897521732,1128.1725795043465,1137.5715801846698,812.0,,,,,,,,,,,,,,,,,,,,,,
mmgp4bc84vs4qt,random,0,767.3139288798595,1534.627857759719,1534.627857759719,1107.0,,,,,,,,,,,,,,,,,,,,,,
mmgp4bc84vs4qt,bias,1,766.6954758498532,1535.3909516997064,1540.400360632415,1107.0,,,,,,,,,,,,,,,,,,,,,,
mmgp4bc84vs4qt,wsls,2,763.8733297282398,1531.7466594564796,1541.765477321897,1107.0,,,,,,,,,,,,,,,,,,,,,,
mmgp4tj5hwk1cr,random,0,673.045912323707,1346.091824647414,1346.091824647414,971.0,,,,,,,,,,,,,,,,,,,,,,
mmgp4tj5hwk1cr,bias,1,673.0412779188056,1348.0825558376112,1352.9608823059025,971.0,,,,,,,,,,,,,,,,,,,,,,
mmgp4tj5hwk1cr,wsls,2,672.2512802885341,1348.5025605770682,1358.2592135136508,971.0,,,,,,,,,,,,,,,,,,,,,,
mmgp5kmoz5itw5,random,0,202.39897672350403,404.79795344700807,404.79795344700807,292.0,,,,,,,,,,,,,,,,,,,,,,
mmgp5kmoz5itw5,bias,1,197.3769687339505,396.753937467901,400.4306912701693,292.0,,,,,,,,,,,,,,,,,,,,,,
mmgp5kmoz5itw5,wsls,2,196.46653947969256,396.9330789593852,404.2865865639217,292.0,,,,,,,,,,,,,,,,,,,,,,
mmgp92mez7ni28,random,0,815.1410843384956,1630.2821686769912,1630.2821686769912,1176.0,,,,,,,,,,,,,,,,,,,,,,
mmgp92mez7ni28,bias,1,811.3802709144752,1624.7605418289504,1629.830415957409,1176.0,,,,,,,,,,,,,,,,,,,,,,
mmgp92mez7ni28,wsls,2,809.4498546257281,1622.8997092514562,1633.0394575083733,1176.0,,,,,,,,,,,,,,,,,,,,,,
mmgp978syi159c,random,0,676.5116482265066,1353.0232964530132,1353.0232964530132,976.0,,,,,,,,,,,,,,,,,,,,,,
mmgp978syi159c,bias,1,676.4378758759551,1354.8757517519102,1359.759214338323,976.0,,,,,,,,,,,,,,,,,,,,,,
mmgp978syi159c,wsls,2,674.7298152576241,1353.459630515248,1363.2265556880743,976.0,,,,,,,,,,,,,,,,,,,,,,
mmgp9zmmm2qlbz,random,0,716.7141846989834,1433.428369397967,1433.428369397967,1034.0,,,,,,,,,,,,,,,,,,,,,,
mmgp9zmmm2qlbz,bias,1,715.7777317492481,1433.5554634984962,1438.4966535535646,1034.0,,,,,,,,,,,,,,,,,,,,,,
mmgp9zmmm2qlbz,wsls,2,713.267751517408,1430.535503034816,1440.4178831449526,1034.0,,,,,,,,,,,,,,,,,,,,,,
mmgpaypnopkm1q,random,0,605.1174886288322,1210.2349772576645,1210.2349772576645,873.0,,,,,,,,,,,,,,,,,,,,,,
mmgpaypnopkm1q,bias,1,604.9519569749866,1211.9039139499732,1216.6758495058127,873.0,,,,,,,,,,,,,,,,,,,,,,
mmgpaypnopkm1q,wsls,2,603.8050290650227,1211.6100581300454,1221.1539292417249,873.0,,,,,,,,,,,,,,,,,,,,,,
mmgpciu4e2yunz,random,0,703.5443882683445,1407.088776536689,1407.088776536689,1015.0,,,,,,,,,,,,,,,,,,,,,,
mmgpciu4e2yunz,bias,1,703.4020170795318,1408.8040341590636,1413.7266780505397,1015.0,,,,,,,,,,,,,,,,,,,,,,
mmgpciu4e2yunz,wsls,2,702.5404206759249,1409.0808413518498,1418.9261291348016,1015.0,,,,,,,,,,,,,,,,,,,,,,
mmgpgi4g1jzpv2,random,0,704.9306826294644,1409.8613652589288,1409.8613652589288,1017.0,,,,,,,,,,,,,,,,,,,,,,
mmgpgi4g1jzpv2,bias,1,702.8520783112831,1407.7041566225662,1412.6287690186148,1017.0,,,,,,,,,,,,,,,,,,,,,,
mmgpgi4g1jzpv2,wsls,2,701.7610785232304,1407.5221570464607,1417.371381838558,1017.0,,,,,,,,,,,,,,,,,,,,,,
mmgpiq4ct3r8s1,random,0,589.1751034759535,1178.350206951907,1178.350206951907,850.0,,,,,,,,,,,,,,,,,,,,,,
mmgpiq4ct3r8s1,bias,1,586.9119176597619,1175.8238353195238,1180.5690716690085,850.0,,,,,,,,,,,,,,,,,,,,,,
mmgpiq4ct3r8s1,wsls,2,585.4338095990744,1174.8676191981488,1184.3580918971174,850.0,,,,,,,,,,,,,,,,,,,,,,
mmgpqa16u4u07b,random,0,683.4431200321061,1366.8862400642122,1366.8862400642122,986.0,,,,,,,,,,,,,,,,,,,,,,
mmgpqa16u4u07b,bias,1,683.4106653149618,1368.8213306299235,1373.714986984526,986.0,,,,,,,,,,,,,,,,,,,,,,
mmgpqa16u4u07b,wsls,2,682.6753838008195,1369.350767601639,1379.1380803108443,986.0,,,,,,,,,,,,,,,,,,,,,,
mmgpy8l4xh9nto,random,0,761.07560425482,1522.15120850964,1522.15120850964,1098.0,,,,,,,,,,,,,,,,,,,,,,
mmgpy8l4xh9nto,bias,1,760.9590245368411,1523.918049073682,1528.9192946957517,1098.0,,,,,,,,,,,,,,,,,,,,,,
mmgpy8l4xh9nto,wsls,2,758.205642425074,1520.411284850148,1530.413776094287,1098.0,,,,,,,,,,,,,,,,,,,,,,
mmgq3qouddjc6z,random,0,799.198699185617,1598.397398371234,1598.397398371234,1153.0,,,,,,,,,,,,,,,,,,,,,,
mmgq3qouddjc6z,bias,1,799.1774501392094,1600.3549002784189,1605.405022798688,1153.0,,,,,,,,,,,,,,,,,,,,,,
mmgq3qouddjc6z,wsls,2,798.4313625113765,1600.862725022753,1610.962970063291,1153.0,,,,,,,,,,,,,,,,,,,,,,
mmgqyc7ozjls4u,random,0,710.475860073944,1420.951720147888,1420.951720147888,1025.0,,,,,,,,,,,,,,,,,,,,,,
mmgqyc7ozjls4u,bias,1,710.1709517901229,1422.3419035802458,1427.2743514718184,1025.0,,,,,,,,,,,,,,,,,,,,,,
mmgqyc7ozjls4u,wsls,2,709.4094890268644,1422.8189780537289,1432.683873836874,1025.0,,,,,,,,,,,,,,,,,,,,,,
mmgr4s188ypj5i,random,0,704.2375354489045,1408.475070897809,1408.475070897809,1016.0,,,,,,,,,,,,,,,,,,,,,,
mmgr4s188ypj5i,bias,1,704.0406723399528,1410.0813446799057,1415.004973308044,1016.0,,,,,,,,,,,,,,,,,,,,,,
mmgr4s188ypj5i,wsls,2,702.9676236895842,1409.9352473791685,1419.782504635445,1016.0,,,,,,,,,,,,,,,,,,,,,,
mmgr4wtlfg07a6,random,0,662.6487046153077,1325.2974092306154,1325.2974092306154,956.0,,,,,,,,,,,,,,,,,,,,,,
mmgr4wtlfg07a6,bias,1,662.5461904907276,1327.092380981455,1331.9551388945065,956.0,,,,,,,,,,,,,,,,,,,,,,
mmgr4wtlfg07a6,wsls,2,661.0131667936727,1326.026333587345,1335.751849413448,956.0,,,,,,,,,,,,,,,,,,,,,,
mmgr8c41csnx7y,random,0,473.4195243224426,946.8390486448852,946.8390486448852,683.0,,,,,,,,,,,,,,,,,,,,,,
mmgr8c41csnx7y,bias,1,469.51089127738487,941.0217825547696,945.5482774143404,683.0,,,,,,,,,,,,,,,,,,,,,,
mmgr8c41csnx7y,wsls,2,468.86668607205263,941.7333721441051,950.7863618632468,683.0,,,,,,,,,,,,,,,,,,,,,,
mmh0l2c7syhpy7,random,0,711.8621544350638,1423.7243088701275,1423.7243088701275,1027.0,,,,,,,,,,,,,,,,,,,,,,
mmh0l2c7syhpy7,bias,1,711.0435337888391,1424.0870675776782,1429.0214647876069,1027.0,,,,,,,,,,,,,,,,,,,,,,
mmh0l2c7syhpy7,wsls,2,708.5935279675303,1421.1870559350607,1431.0558503549178,1027.0,,,,,,,,,,,,,,,,,,,,,,
mmh0l48d4j1y4y,random,0,607.1969301705121,1214.3938603410245,1214.3938603410245,876.0,,,,,,,,,,,,,,,,,,,,,,
mmh0l48d4j1y4y,bias,1,607.0119856478943,1216.023971295789,1220.799337386725,876.0,,,,,,,,,,,,,,,,,,,,,,
mmh0l48d4j1y4y,wsls,2,605.8507801378817,1215.7015602757633,1225.252292457636,876.0,,,,,,,,,,,,,,,,,,,,,,
mmh0le5hn8utpd,random,0,688.9882974765857,1377.9765949531711,1377.9765949531711,994.0,,,,,,,,,,,,,,,,,,,,,,
mmh0le5hn8utpd,bias,1,688.970188714705,1379.94037742941,1384.8421146360668,994.0,,,,,,,,,,,,,,,,,,,,,,
mmh0le5hn8utpd,wsls,2,686.9510956368027,1377.9021912736057,1387.7056656869186,994.0,,,,,,,,,,,,,,,,,,,,,,
mmh0lgop76n6ez,random,0,627.2981984067505,1254.596396813501,1254.596396813501,905.0,,,,,,,,,,,,,,,,,,,,,,
mmh0lgop76n6ez,bias,1,626.895376205882,1255.790752411764,1260.598687355464,905.0,,,,,,,,,,,,,,,,,,,,,,
mmh0lgop76n6ez,wsls,2,625.4876152520133,1254.9752305040265,1264.5911003914264,905.0,,,,,,,,,,,,,,,,,,,,,,
mmh0lku3ip54e4,random,0,693.8403277405052,1387.6806554810105,1387.6806554810105,1001.0,,,,,,,,,,,,,,,,,,,,,,
mmh0lku3ip54e4,bias,1,691.5963927584169,1385.1927855168335,1390.1015402961489,1001.0,,,,,,,,,,,,,,,,,,,,,,
mmh0lku3ip54e4,wsls,2,684.5064680220827,1373.0129360441654,1382.830445602796,1001.0,,,,,,,,,,,,,,,,,,,,,,
mmh0lpcdm9wdcu,random,0,242.60151319598089,485.2030263919617,485.2030263919617,350.0,,,,,,,,,,,,,,,,,,,,,,
mmh0lpcdm9wdcu,bias,1,242.0297732361249,486.0595464722498,489.91747962673327,350.0,,,,,,,,,,,,,,,,,,,,,,
mmh0lpcdm9wdcu,wsls,2,241.11354381622817,486.2270876324564,493.9429539414232,350.0,,,,,,,,,,,,,,,,,,,,,,
mmh0m3latwun95,random,0,724.3388036851428,1448.6776073702856,1448.6776073702856,1045.0,,,,,,,,,,,,,,,,,,,,,,
mmh0m3latwun95,bias,1,724.2311444855694,1450.4622889711388,1455.4140611355378,1045.0,,,,,,,,,,,,,,,,,,,,,,
mmh0m3latwun95,wsls,2,723.1064275683257,1450.2128551366511,1460.1163994654491,1045.0,,,,,,,,,,,,,,,,,,,,,,
mmh0mm0schxk59,random,0,695.2266221016251,1390.4532442032505,1390.4532442032505,1003.0,,,,,,,,,,,,,,,,,,,,,,
mmh0mm0schxk59,bias,1,695.2141594378436,1392.4283188756872,1397.339069663649,1003.0,,,,,,,,,,,,,,,,,,,,,,
mmh0mm0schxk59,wsls,2,694.4596328703199,1392.9192657406395,1402.7407673165635,1003.0,,,,,,,,,,,,,,,,,,,,,,
mmh0mmptqfyu87,random,0,342.414707196613,684.829414393226,684.829414393226,494.0,,,,,,,,,,,,,,,,,,,,,,
mmh0mmptqfyu87,bias,1,342.0866993702548,686.1733987405096,690.3759342576975,494.0,,,,,,,,,,,,,,,,,,,,,,
mmh0mmptqfyu87,wsls,2,341.0455818904576,686.0911637809152,694.496234815291,494.0,,,,,,,,,,,,,,,,,,,,,,
mmh0nnjg95y0zn,random,0,853.2641792692928,1706.5283585385855,1706.5283585385855,1231.0,,,,,,,,,,,,,,,,,,,,,,
mmh0nnjg95y0zn,bias,1,852.7665492533209,1707.533098506642,1712.6486806328264,1231.0,,,,,,,,,,,,,,,,,,,,,,
mmh0nnjg95y0zn,wsls,2,851.8750310034135,1707.750062006827,1717.981226259196,1231.0,,,,,,,,,,,,,,,,,,,,,,
mmh0ocgvf4p325,random,0,686.2157087543459,1372.4314175086918,1372.4314175086918,990.0,,,,,,,,,,,,,,,,,,,,,,
mmh0ocgvf4p325,bias,1,685.3245322253965,1372.649064450793,1377.5467693939215,990.0,,,,,,,,,,,,,,,,,,,,,,
mmh0ocgvf4p325,wsls,2,684.5385807884519,1373.0771615769038,1382.872571463161,990.0,,,,,,,,,,,,,,,,,,,,,,
mmh0opq734nw1a,random,0,636.3091117540297,1272.6182235080594,1272.6182235080594,918.0,,,,,,,,,,,,,,,,,,,,,,
mmh0opq734nw1a,bias,1,636.2546444458558,1274.5092888917115,1279.331486282332,918.0,,,,,,,,,,,,,,,,,,,,,,
mmh0opq734nw1a,wsls,2,635.2402341204726,1274.4804682409451,1284.1248630221862,918.0,,,,,,,,,,,,,,,,,,,,,,
mmh0ozswma6i3j,random,0,702.1580939072246,1404.3161878144492,1404.3161878144492,1013.0,,,,,,,,,,,,,,,,,,,,,,
mmh0ozswma6i3j,bias,1,702.157600323729,1406.315200647458,1411.2358721517066,1013.0,,,,,,,,,,,,,,,,,,,,,,
mmh0ozswma6i3j,wsls,2,701.108447145271,1406.216894290542,1416.0582372990395,1013.0,,,,,,,,,,,,,,,,,,,,,,
mmh0pa4lgnz2nd,random,0,620.3667266011511,1240.733453202302,1240.733453202302,895.0,,,,,,,,,,,,,,,,,,,,,,
mmh0pa4lgnz2nd,bias,1,620.3661679418169,1242.7323358836338,1247.5291596019088,895.0,,,,,,,,,,,,,,,,,,,,,,
mmh0pa4lgnz2nd,wsls,2,619.6735794206369,1243.3471588412738,1252.9408062778234,895.0,,,,,,,,,,,,,,,,,,,,,,
mmh0pj6zqdvwmg,random,0,860.1956510748921,1720.3913021497842,1720.3913021497842,1241.0,,,,,,,,,,,,,,,,,,,,,,
mmh0pj6zqdvwmg,bias,1,860.0501981721582,1722.1003963443163,1727.224069129521,1241.0,,,,,,,,,,,,,,,,,,,,,,
mmh0pj6zqdvwmg,wsls,2,857.4958614375939,1718.991722875188,1729.239068445597,1241.0,,,,,,,,,,,,,,,,,,,,,,
mmh0pjhqfbciu8,random,0,507.38373616988,1014.76747233976,1014.76747233976,732.0,,,,,,,,,,,,,,,,,,,,,,
mmh0pjhqfbciu8,bias,1,507.2498482252448,1016.4996964504896,1021.095476964451,732.0,,,,,,,,,,,,,,,,,,,,,,
mmh0pjhqfbciu8,wsls,2,505.687871771922,1015.375743543844,1024.5673045717665,732.0,,,,,,,,,,,,,,,,,,,,,,
mmh0puch6r88f0,random,0,618.2872850594713,1236.5745701189426,1236.5745701189426,892.0,,,,,,,,,,,,,,,,,,,,,,
mmh0puch6r88f0,bias,1,618.2065651357848,1238.4131302715696,1243.2065964041496,892.0,,,,,,,,,,,,,,,,,,,,,,
mmh0puch6r88f0,wsls,2,617.5194595964851,1239.0389191929703,1248.6258514581302,892.0,,,,,,,,,,,,,,,,,,,,,,
mmh0r154h7irg3,random,0,815.8342315190555,1631.668463038111,1631.668463038111,1177.0,,,,,,,,,,,,,,,,,,,,,,
mmh0r154h7irg3,bias,1,815.2525723999306,1632.5051447998612,1637.5758689071215,1177.0,,,,,,,,,,,,,,,,,,,,,,
mmh0r154h7irg3,wsls,2,814.2082642991,1632.4165285982,1642.5579768127209,1177.0,,,,,,,,,,,,,,,,,,,,,,
mmh0r34rqnesgg,random,0,636.3091117540297,1272.6182235080594,1272.6182235080594,918.0,,,,,,,,,,,,,,,,,,,,,,
mmh0r34rqnesgg,bias,1,635.9953505156122,1273.9907010312245,1278.812898421845,918.0,,,,,,,,,,,,,,,,,,,,,,
mmh0r34rqnesgg,wsls,2,635.2149052560243,1274.4298105120486,1284.0742052932897,918.0,,,,,,,,,,,,,,,,,,,,,,
mmh0rqn6g1cadb,random,0,452.6251089056443,905.2502178112886,905.2502178112886,653.0,,,,,,,,,,,,,,,,,,,,,,
mmh0rqn6g1cadb,bias,1,452.6182176103457,907.2364352206914,911.7180123499678,653.0,,,,,,,,,,,,,,,,,,,,,,
mmh0rqn6g1cadb,wsls,2,450.6796875057145,905.359375011429,914.322529269982,653.0,,,,,,,,,,,,,,,,,,,,,,
mmh0tro0khha5x,random,0,658.489821531948,1316.979643063896,1316.979643063896,950.0,,,,,,,,,,,,,,,,,,,,,,
mmh0tro0khha5x,bias,1,658.016058561323,1318.032117122646,1322.8885791072405,950.0,,,,,,,,,,,,,,,,,,,,,,
mmh0tro0khha5x,wsls,2,657.0080018559038,1318.0160037118076,1327.7289276809968,950.0,,,,,,,,,,,,,,,,,,,,,,
mmh0uacrkmrg83,random,0,497.6796756420407,995.3593512840814,995.3593512840814,718.0,,,,,,,,,,,,,,,,,,,,,,
mmh0uacrkmrg83,bias,1,497.13357617366256,996.2671523473252,1000.8436219163732,718.0,,,,,,,,,,,,,,,,,,,,,,
mmh0uacrkmrg83,wsls,2,496.4294386005731,996.8588772011462,1006.0118163392428,718.0,,,,,,,,,,,,,,,,,,,,,,
mmh0ueb9o9dis7,random,0,540.6548008367572,1081.3096016735144,1081.3096016735144,780.0,,,,,,,,,,,,,,,,,,,,,,
mmh0ueb9o9dis7,bias,1,540.1521287423323,1082.3042574846645,1086.9635514043482,780.0,,,,,,,,,,,,,,,,,,,,,,
mmh0ueb9o9dis7,wsls,2,539.0654618785704,1082.1309237571409,1091.449511596508,780.0,,,,,,,,,,,,,,,,,,,,,,
mmh0vbvu4yn6l1,random,0,825.5382920468949,1651.0765840937895,1651.0765840937895,1191.0,,,,,,,,,,,,,,,,,,,,,,
mmh0vbvu4yn6l1,bias,1,825.4874936756413,1652.9749873512826,1658.057535920638,1191.0,,,,,,,,,,,,,,,,,,,,,,
mmh0vbvu4yn6l1,wsls,2,823.2485335387584,1650.4970670775167,1660.6621642162272,1191.0,,,,,,,,,,,,,,,,,,,,,,
mmh0vh7gck5q8n,random,0,551.7451557257164,1103.4903114514327,1103.4903114514327,796.0,,,,,,,,,,,,,,,,,,,,,,
mmh0vh7gck5q8n,bias,1,551.2525918064368,1104.5051836128737,1109.184782798718,796.0,,,,,,,,,,,,,,,,,,,,,,
mmh0vh7gck5q8n,wsls,2,550.0614344960368,1104.1228689920736,1113.4820673637623,796.0,,,,,,,,,,,,,,,,,,,,,,
mmh0wavycmn4y3,random,0,769.3933704215393,1538.7867408430786,1538.7867408430786,1110.0,,,,,,,,,,,,,,,,,,,,,,
mmh0wavycmn4y3,bias,1,769.3483247671485,1540.696649534297,1545.7087648286033,1110.0,,,,,,,,,,,,,,,,,,,,,,
mmh0wavycmn4y3,wsls,2,768.6156045199904,1541.2312090399807,1551.2554396285934,1110.0,,,,,,,,,,,,,,,,,,,,,,
mmh0x9u4kgtvxn,random,0,822.7657033246551,1645.5314066493102,1645.5314066493102,1187.0,,,,,,,,,,,,,,,,,,,,,,
mmh0x9u4kgtvxn,bias,1,822.7619122506949,1647.5238245013898,1652.6030088959994,1187.0,,,,,,,,,,,,,,,,,,,,,,
mmh0x9u4kgtvxn,wsls,2,820.6587606192545,1645.317521238509,1655.4758900277284,1187.0,,,,,,,,,,,,,,,,,,,,,,
mmh0yegg0emahk,random,0,527.4850044061184,1054.9700088122368,1054.9700088122368,761.0,,,,,,,,,,,,,,,,,,,,,,
mmh0yegg0emahk,bias,1,527.4528094711558,1056.9056189423115,1061.5402523001733,761.0,,,,,,,,,,,,,,,,,,,,,,
mmh0yegg0emahk,wsls,2,525.0857662098344,1054.171532419669,1063.4407991353924,761.0,,,,,,,,,,,,,,,,,,,,,,
mmh115pr1lsvkw,random,0,596.106575281553,1192.213150563106,1192.213150563106,860.0,,,,,,,,,,,,,,,,,,,,,,
mmh115pr1lsvkw,bias,1,595.6506807643027,1193.3013615286054,1198.058293917853,860.0,,,,,,,,,,,,,,,,,,,,,,
mmh115pr1lsvkw,wsls,2,594.8113630957772,1193.6227261915544,1203.1365909700496,860.0,,,,,,,,,,,,,,,,,,,,,,
mmh16ou0ocswzc,random,0,691.0677390182655,1382.135478036531,1382.135478036531,997.0,,,,,,,,,,,,,,,,,,,,,,
mmh16ou0ocswzc,bias,1,691.0431650952031,1384.0863301904062,1388.991080960368,997.0,,,,,,,,,,,,,,,,,,,,,,
mmh16ou0ocswzc,wsls,2,690.1720214677548,1384.3440429355096,1394.1535444754334,997.0,,,,,,,,,,,,,,,,,,,,,,
mmh19xdl74m2p5,random,0,657.796674351388,1315.593348702776,1315.593348702776,949.0,,,,,,,,,,,,,,,,,,,,,,
mmh19xdl74m2p5,bias,1,657.6444006640779,1317.2888013281558,1322.1442101267658,949.0,,,,,,,,,,,,,,,,,,,,,,
mmh19xdl74m2p5,wsls,2,656.9117193742134,1317.8234387484267,1327.5342563456466,949.0,,,,,,,,,,,,,,,,,,,,,,
mmh1cyh0ahaw8s,random,0,709.782712893384,1419.565425786768,1419.565425786768,1024.0,,,,,,,,,,,,,,,,,,,,,,
mmh1cyh0ahaw8s,bias,1,706.9598054257898,1415.9196108515796,1420.851082657179,1024.0,,,,,,,,,,,,,,,,,,,,,,
mmh1cyh0ahaw8s,wsls,2,704.2175725310009,1412.4351450620018,1422.2980886732007,1024.0,,,,,,,,,,,,,,,,,,,,,,
mmh1eq07kkdfkw,random,0,751.3715437269807,1502.7430874539614,1502.7430874539614,1084.0,,,,,,,,,,,,,,,,,,,,,,
mmh1eq07kkdfkw,bias,1,750.025968427851,1502.051936855702,1507.0403500377015,1084.0,,,,,,,,,,,,,,,,,,,,,,
mmh1eq07kkdfkw,wsls,2,747.6407281813562,1499.2814563627123,1509.2582827267115,1084.0,,,,,,,,,,,,,,,,,,,,,,
mmh1jfrxrszco0,random,0,358.3570923494917,716.7141846989834,716.7141846989834,517.0,,,,,,,,,,,,,,,,,,,,,,
mmh1jfrxrszco0,bias,1,357.7524078230977,717.5048156461954,721.7528585207039,517.0,,,,,,,,,,,,,,,,,,,,,,
mmh1jfrxrszco0,wsls,2,356.99087939573207,717.9817587914641,726.477844540481,517.0,,,,,,,,,,,,,,,,,,,,,,
mmh1qje9negjr0,random,0,633.5365230317899,1267.0730460635798,1267.0730460635798,914.0,,,,,,,,,,,,,,,,,,,,,,
mmh1qje9negjr0,bias,1,633.3592686846288,1268.7185373692575,1273.5363679407117,914.0,,,,,,,,,,,,,,,,,,,,,,
mmh1qje9negjr0,wsls,2,632.5969340904819,1269.1938681809638,1278.829529323872,914.0,,,,,,,,,,,,,,,,,,,,,,
mmh1sestgp7zew,random,0,785.335755574418,1570.671511148836,1570.671511148836,1133.0,,,,,,,,,,,,,,,,,,,,,,
mmh1sestgp7zew,bias,1,785.300009390895,1572.60001878179,1577.632643042818,1133.0,,,,,,,,,,,,,,,,,,,,,,
mmh1sestgp7zew,wsls,2,784.5127813815201,1573.0255627630402,1583.0908112850962,1133.0,,,,,,,,,,,,,,,,,,,,,,
mmh1tezp242ppu,random,0,664.7281461569876,1329.4562923139752,1329.4562923139752,959.0,,,,,,,,,,,,,,,,,,,,,,
mmh1tezp242ppu,bias,1,664.4022489676265,1330.804497935253,1335.6703890101364,959.0,,,,,,,,,,,,,,,,,,,,,,
mmh1tezp242ppu,wsls,2,663.696144514649,1331.392289029298,1341.124071179065,959.0,,,,,,,,,,,,,,,,,,,,,,
mmh1wzqpu4iob1,random,0,587.0956619342737,1174.1913238685474,1174.1913238685474,847.0,,,,,,,,,,,,,,,,,,,,,,
mmh1wzqpu4iob1,bias,1,586.8825389815318,1175.7650779630635,1180.5067786577156,847.0,,,,,,,,,,,,,,,,,,,,,,
mmh1wzqpu4iob1,wsls,2,585.9625598075822,1175.9251196151645,1185.4085210044686,847.0,,,,,,,,,,,,,,,,,,,,,,
mmh250jg0prrne,random,0,569.766982420275,1139.53396484055,1139.53396484055,822.0,,,,,,,,,,,,,,,,,,,,,,
mmh250jg0prrne,bias,1,569.5698863748194,1141.1397727496387,1145.851513144695,822.0,,,,,,,,,,,,,,,,,,,,,,
mmh250jg0prrne,wsls,2,568.6588134282473,1141.3176268564946,1150.741107646607,822.0,,,,,,,,,,,,,,,,,,,,,,
mmh28cu87aoonk,random,0,570.460129600835,1140.92025920167,1140.92025920167,823.0,,,,,,,,,,,,,,,,,,,,,,
mmh28cu87aoonk,bias,1,568.3434905974577,1138.6869811949157,1143.3999373955926,823.0,,,,,,,,,,,,,,,,,,,,,,
mmh28cu87aoonk,wsls,2,566.3276041231115,1136.655208246223,1146.081120647577,823.0,,,,,,,,,,,,,,,,,,,,,,
mmgkzukxb91bym,q_learning,2,514.344433372095,1032.68886674419,1042.6095622023925,1054.0,0.4916136915376561,3.5807604315214947,,,,,,,,,,,,,,,,,,,,
mmgkzukxb91bym,q_dual_alpha,3,508.7307939015234,1023.4615878030468,1038.3426309903507,1054.0,,3.198774306101892,,,,,,,,,0.7481101363495147,0.3776650547442816,,,,,,,,,,
mmgkzukxb91bym,q_forgetting,3,520.8690800951605,1047.738160190321,1062.619203377625,1054.0,0.4809572351520059,3.591610178654515,,,,,,,,,,,0.0066928509242848,,,,,,,,,
mmglwqjl2idcz3,q_learning,2,173.79253441651483,351.58506883302965,360.32144320573065,583.0,0.1519496019880397,11.629817218578824,,,,,,,,,,,,,,,,,,,,
mmglwqjl2idcz3,q_dual_alpha,3,173.7117651453032,353.4235302906064,366.5280918496578,583.0,,12.323843062548711,,,,,,,,,0.1594919378605556,0.1405359213980551,,,,,,,,,,
mmglwqjl2idcz3,q_forgetting,3,119.6957785052427,245.3915570104854,258.49611856953686,583.0,0.3320226407410442,8.649118267494245,,,,,,,,,,,0.3573272597586421,,,,,,,,,
mmgnnwif7rgnag,q_learning,2,438.96927632901617,881.9385526580323,891.3375533383557,812.0,0.5938871495764112,2.5018883392124702,,,,,,,,,,,,,,,,,,,,
mmgnnwif7rgnag,q_dual_alpha,3,433.47950659526896,872.9590131905379,887.057514211023,812.0,,2.6431113127593355,,,,,,,,,0.3945612397243665,0.7836872319880915,,,,,,,,,,
mmgnnwif7rgnag,q_forgetting,3,431.62851218515993,869.2570243703199,883.3555253908049,812.0,0.4907479816359559,3.5262920471537,,,,,,,,,,,0.1549136478641554,,,,,,,,,
mmgp4bc84vs4qt,q_learning,2,654.5164538283693,1313.0329076567386,1323.051725522156,1107.0,0.5011291692841893,2.280704597720681,,,,,,,,,,,,,,,,,,,,
mmgp4bc84vs4qt,q_dual_alpha,3,643.1904799325105,1292.380959865021,1307.4091866631468,1107.0,,2.137987840757043,,,,,,,,,0.844866822001802,0.3532339946900806,,,,,,,,,,
mmgp4bc84vs4qt,q_forgetting,3,658.1932873337305,1322.386574667461,1337.4148014655868,1107.0,0.4900179361606185,2.285426266964599,,,,,,,,,,,0.0066928509242848,,,,,,,,,
mmgp4tj5hwk1cr,q_learning,2,582.1557458967807,1168.3114917935611,1178.068144730144,971.0,0.2854536950170142,2.604613256359535,,,,,,,,,,,,,,,,,,,,
mmgp4tj5hwk1cr,q_dual_alpha,3,574.9170348090856,1155.8340696181713,1170.4690490230453,971.0,,3.333699300971739,,,,,,,,,0.4026784623976762,0.1331029238330694,,,,,,,,,,
mmgp4tj5hwk1cr,q_forgetting,3,586.2746434722737,1178.5492869445477,1193.1842663494217,971.0,0.2739373360344306,2.6287745621723,,,,,,,,,,,0.0066928509242848,,,,,,,,,
mmgp5kmoz5itw5,q_learning,2,142.0735581991074,288.1471163982148,295.5006240027513,292.0,0.6536598254830056,3.5584304691075297,,,,,,,,,,,,,,,,,,,,
mmgp5kmoz5itw5,q_dual_alpha,3,141.51221772535845,289.02443545071685,300.0546968575217,292.0,,2.7912071265062286,,,,,,,,,0.6244138833711083,0.8870518172159803,,,,,,,,,,
mmgp5kmoz5itw5,q_forgetting,3,85.83405698104374,177.6681139620875,188.6983753688924,292.0,0.5472796983794834,5.947334370004418,,,,,,,,,,,0.8781882915715722,,,,,,,,,
mmgp92mez7ni28,q_learning,2,639.7714904276436,1283.5429808552872,1293.6827291122042,1176.0,0.3069788775629048,4.635509651185594,,,,,,,,,,,,,,,,,,,,
mmgp92mez7ni28,q_dual_alpha,3,636.8950585077738,1279.7901170155476,1294.999739400923,1176.0,,3.692210594749019,,,,,,,,,0.4540890569378962,0.2572176567841396,,,,,,,,,,
mmgp92mez7ni28,q_forgetting,3,651.8202961710159,1309.6405923420318,1324.8502147274075,1176.0,0.294358418100492,4.569762136758153,,,,,,,,,,,0.0066928509242848,,,,,,,,,
mmgp978syi159c,q_learning,2,604.0862193094788,1212.1724386189576,1221.9393637917838,976.0,0.423684969510776,1.8062499149415348,,,,,,,,,,,,,,,,,,,,
mmgp978syi159c,q_dual_alpha,3,601.2011334549416,1208.402266909883,1223.0526546691224,976.0,,2.018964182091026,,,,,,,,,0.2853673459817885,0.5828278729275322,,,,,,,,,,
mmgp978syi159c,q_forgetting,3,604.5385388495566,1215.0770776991133,1229.7274654583523,976.0,0.4171841625156815,1.8405482897883187,,,,,,,,,,,0.0066928509242848,,,,,,,,,
mmgp9zmmm2qlbz,q_learning,2,629.5232217740422,1263.0464435480844,1272.928823658221,1034.0,0.4690789533906835,2.0049013787532948,,,,,,,,,,,,,,,,,,,,
mmgp9zmmm2qlbz,q_dual_alpha,3,629.4500863224565,1264.900172644913,1279.7237428101182,1034.0,,2.005014932520779,,,,,,,,,0.4941863442406406,0.4398490468880062,,,,,,,,,,
mmgp9zmmm2qlbz,q_forgetting,3,619.3124949636934,1244.6249899273869,1259.448560092592,1034.0,0.1635849573857225,5.3415051421389474,,,,,,,,,,,0.3483674183130691,,,,,,,,,
mmgpaypnopkm1q,q_learning,2,393.9286814541846,791.8573629083692,801.4012340200484,873.0,0.5422342096583421,3.749697690628482,,,,,,,,,,,,,,,,,,,,
mmgpaypnopkm1q,q_dual_alpha,3,393.9177127742309,793.8354255484617,808.1512322159805,873.0,,3.735444429500436,,,,,,,,,0.5516575772930017,0.53257711627563,,,,,,,,,,
mmgpaypnopkm1q,q_forgetting,3,399.8369472255816,805.6738944511632,819.989701118682,873.0,0.5365437030843652,3.7373084770041993,,,,,,,,,,,0.0066928509242848,,,,,,,,,
mmgpciu4e2yunz,q_learning,2,430.27492892806646,864.5498578561329,874.3951456390847,1015.0,0.4539274555977238,4.942289551321868,,,,,,,,,,,,,,,,,,,,
mmgpciu4e2yunz,q_dual_alpha,3,427.364036656576,860.728073313152,875.4960049875797,1015.0,,6.3751846742661575,,,,,,,,,0.31588092510043,0.5197513284731561,,,,,,,,,,
mmgpciu4e2yunz,q_forgetting,3,442.0025400301178,890.0050800602357,904.7730117346634,1015.0,0.4405776438165336,4.848391486627144,,,,,,,,,,,0.0066928509242848,,,,,,,,,
mmgpgi4g1jzpv2,q_learning,2,653.9898618654831,1311.9797237309665,1321.8289485230634,1017.0,0.6153068790619013,1.2707736596478842,,,,,,,,,,,,,,,,,,,,
mmgpgi4g1jzpv2,q_dual_alpha,3,646.8146884834098,1299.6293769668196,1314.403214154965,1017.0,,1.290609260982271,,,,,,,,,0.9933071490757152,0.3778618248079045,,,,,,,,,,
mmgpgi4g1jzpv2,q_forgetting,3,654.5768496605588,1315.1536993211175,1329.9275365092633,1017.0,0.6029433362969606,1.3054662411456497,,,,,,,,,,,0.0066928509242848,,,,,,,,,
mmgpiq4ct3r8s1,q_learning,2,506.5432046726497,1017.0864093452994,1026.576882044268,850.0,0.3713221583815086,2.444297227258679,,,,,,,,,,,,,,,,,,,,
mmgpiq4ct3r8s1,q_dual_alpha,3,498.79599265201045,1003.5919853040208,1017.827694352474,850.0,,3.294978005403525,,,,,,,,,0.1568132581302027,0.4503083794623796,,,,,,,,,,
mmgpiq4ct3r8s1,q_forgetting,3,510.288108123877,1026.576216247754,1040.8119252962072,850.0,0.3545604516226154,2.489911795464842,,,,,,,,,,,0.0066928509242848,,,,,,,,,
mmgpqa16u4u07b,q_learning,2,530.7505777483691,1065.5011554967382,1075.2884682059434,986.0,0.4861036080133765,2.766011876371272,,,,,,,,,,,,,,,,,,,,
mmgpqa16u4u07b,q_dual_alpha,3,529.6219651411947,1065.243930282389,1079.9248993461972,986.0,,2.559530805154656,,,,,,,,,0.8245731768503476,0.297487742819916,,,,,,,,,,
mmgpqa16u4u07b,q_forgetting,3,537.4265340890125,1080.853068178025,1095.534037241833,986.0,0.4781997686935521,2.7472792438449494,,,,,,,,,,,0.0066928509242848,,,,,,,,,
mmgpy8l4xh9nto,q_learning,2,740.079269425501,1484.158538851002,1494.161030095141,1098.0,0.4105966411816217,0.7666827271318623,,,,,,,,,,,,,,,,,,,,
mmgpy8l4xh9nto,q_dual_alpha,3,739.6788598774709,1485.357719754942,1500.3614566211502,1098.0,,0.875880223143679,,,,,,,,,0.2687953375611144,0.513229633905254,,,,,,,,,,
mmgpy8l4xh9nto,q_forgetting,3,728.5159134659084,1463.0318269318168,1478.0355637980251,1098.0,0.0682523736267722,5.78571408803637,,,,,,,,,,,0.5265873666681045,,,,,,,,,
mmgq3qouddjc6z,q_learning,2,629.7537872279269,1263.5075744558535,1273.6078194963918,1153.0,0.3831187075644497,4.644191143244071,,,,,,,,,,,,,,,,,,,,
mmgq3qouddjc6z,q_dual_alpha,3,628.9507548755066,1263.9015097510132,1279.0518773118204,1153.0,,5.635304406637848,,,,,,,,,0.2937062292018034,0.422087812378828,,,,,,,,,,
mmgq3qouddjc6z,q_forgetting,3,629.6868080660623,1265.3736161321249,1280.5239836929318,1153.0,0.3685138358554231,4.8544761214735255,,,,,,,,,,,0.0066928509242848,,,,,,,,,
mmgqyc7ozjls4u,q_learning,2,658.9386828198147,1321.8773656396295,1331.7422614227746,1025.0,0.579867654350346,1.3102901323347624,,,,,,,,,,,,,,,,,,,,
mmgqyc7ozjls4u,q_dual_alpha,3,653.4108282551458,1312.8216565102916,1327.619000185009,1025.0,,1.537872294819752,,,,,,,,,0.3643268975922622,0.8984550580683549,,,,,,,,,,
mmgqyc7ozjls4u,q_forgetting,3,659.361593513691,1324.723187027382,1339.5205307020994,1025.0,0.575060029254269,1.3247115642448573,,,,,,,,,,,0.0066928509242848,,,,,,,,,
mmgr4s188ypj5i,q_learning,2,547.3147494856595,1098.629498971319,1108.4767562275958,1016.0,0.3657125338411731,3.3626401915847466,,,,,,,,,,,,,,,,,,,,
mmgr4s188ypj5i,q_dual_alpha,3,547.1356146290631,1100.271229258126,1115.0421151425414,1016.0,,3.4353594548408144,,,,,,,,,0.3446343577143164,0.3988383352657614,,,,,,,,,,
mmgr4s188ypj5i,q_forgetting,3,553.6740217007821,1113.3480434015642,1128.1189292859794,1016.0,0.3525143515493998,3.3810798873691046,,,,,,,,,,,0.0066928509242848,,,,,,,,,
mmgr4wtlfg07a6,q_learning,2,609.9607615225941,1223.9215230451882,1233.647038871291,956.0,0.4834619101222664,1.4992813767534865,,,,,,,,,,,,,,,,,,,,
mmgr4wtlfg07a6,q_dual_alpha,3,609.9550327459503,1225.9100654919007,1240.4983392310548,956.0,,1.4948949551318536,,,,,,,,,0.475458865775514,0.4936572296679317,,,,,,,,,,
mmgr4wtlfg07a6,q_forgetting,3,610.4902150952748,1226.9804301905497,1241.5687039297038,956.0,0.4768220056212747,1.5222572560541807,,,,,,,,,,,0.0066928509242848,,,,,,,,,
mmgr8c41csnx7y,q_learning,2,433.37566026134806,870.7513205226961,879.8043102418377,683.0,0.0107597028530126,7.556118198758123,,,,,,,,,,,,,,,,,,,,
mmgr8c41csnx7y,q_dual_alpha,3,423.9773551423155,853.954710284631,867.5341948633434,683.0,,9.446064622297277,,,,,,,,,0.0397467987415769,0.0066928509242848,,,,,,,,,,
mmgr8c41csnx7y,q_forgetting,3,376.7819863126291,759.5639726252582,773.1434572039706,683.0,0.0066928509242848,82.52786768002092,,,,,,,,,,,0.9933071490757152,,,,,,,,,
mmh0l2c7syhpy7,q_learning,2,659.7555492722636,1323.5110985445272,1333.3798929643842,1027.0,0.5101646214088673,1.401673134594413,,,,,,,,,,,,,,,,,,,,
mmh0l2c7syhpy7,q_dual_alpha,3,659.0424938954305,1324.084987790861,1338.8881794206468,1027.0,,1.501944684648001,,,,,,,,,0.3917985752060289,0.6109038833921661,,,,,,,,,,
mmh0l2c7syhpy7,q_forgetting,3,661.554130436259,1329.108260872518,1343.9114525023035,1027.0,0.5013534759556779,1.403921405118062,,,,,,,,,,,0.0066928509242848,,,,,,,,,
mmh0l48d4j1y4y,q_learning,2,586.0038958453055,1176.007791690611,1185.5585238724836,876.0,0.2425653355685811,1.0274083130585712,,,,,,,,,,,,,,,,,,,,
mmh0l48d4j1y4y,q_dual_alpha,3,582.4116708314161,1170.8233416628325,1185.149439935641,876.0,,1.2099617443913842,,,,,,,,,0.5505306060529814,0.1632903314426657,,,,,,,,,,
mmh0l48d4j1y4y,q_forgetting,3,586.681704393612,1179.363408787224,1193.689507060033,876.0,0.2254463824921649,1.0553631909905246,,,,,,,,,,,0.0066928509242848,,,,,,,,,
mmh0le5hn8utpd,q_learning,2,539.998026992665,1083.99605398533,1093.7995283986431,994.0,0.4640645100021719,2.8503835921197136,,,,,,,,,,,,,,,,,,,,
mmh0le5hn8utpd,q_dual_alpha,3,539.9555312372452,1085.9110624744903,1100.61627409446,994.0,,2.845572754184472,,,,,,,,,0.4782752879726717,0.4494516816040003,,,,,,,,,,
mmh0le5hn8utpd,q_forgetting,3,540.7154478655951,1087.4308957311905,1102.13610735116,994.0,0.4563544756957994,2.9170938233753825,,,,,,,,,,,0.0066928509242848,,,,,,,,,
mmh0lgop76n6ez,q_learning,2,579.394902715386,1162.789805430772,1172.405675318172,905.0,0.4544330764189793,1.5265287072386602,,,,,,,,,,,,,,,,,,,,
mmh0lgop76n6ez,q_dual_alpha,3,579.3942178141904,1164.7884356283807,1179.2122404594804,905.0,,1.5232609872600964,,,,,,,,,0.4528608031880046,0.458406354831658,,,,,,,,,,
mmh0lgop76n6ez,q_forgetting,3,579.7778172777113,1165.5556345554226,1179.9794393865222,905.0,0.4521151001606309,1.546167430634651,,,,,,,,,,,0.0066928509242848,,,,,,,,,
mmh0lku3ip54e4,q_learning,2,642.7137787425481,1289.4275574850965,1299.2450670437267,1001.0,0.4794079151902347,1.5780084686239124,,,,,,,,,,,,,,,,,,,,
mmh0lku3ip54e4,q_dual_alpha,3,641.9377739997673,1289.8755479995343,1304.6018123374802,1001.0,,1.6070183977236108,,,,,,,,,0.4268603365770659,0.557091707505179,,,,,,,,,,
mmh0lku3ip54e4,q_forgetting,3,642.7279904813334,1291.455980962667,1306.1822453006123,1001.0,0.4809411591199544,1.5959004392650358,,,,,,,,,,,0.0066928509242848,,,,,,,,,
mmh0lpcdm9wdcu,q_learning,2,60.013813486044,124.027626972088,131.74349328105492,350.0,0.7869359226212078,5.576961166753838,,,,,,,,,,,,,,,,,,,,
mmh0lpcdm9wdcu,q_dual_alpha,3,59.8712098206534,125.7424196413068,137.31621910475718,350.0,,6.259300804925208,,,,,,,,,0.4648886516494745,0.7711360326072311,,,,,,,,,,
mmh0lpcdm9wdcu,q_forgetting,3,60.69277433272516,127.38554866545032,138.9593481289007,350.0,0.723535952542454,6.258201579443394,,,,,,,,,,,0.0066928509242848,,,,,,,,,
mmh0m3latwun95,q_learning,2,564.0364793820579,1132.0729587641158,1141.9765030929136,1045.0,0.4139578920031733,3.079514899872734,,,,,,,,,,,,,,,,,,,,
mmh0m3latwun95,q_dual_alpha,3,563.9848152400715,1133.969630480143,1148.8249469733398,1045.0,,3.0289860128636232,,,,,,,,,0.4306671469337307,0.4028264047905768,,,,,,,,,,
mmh0m3latwun95,q_forgetting,3,567.6991748117854,1141.3983496235708,1156.2536661167676,1045.0,0.4051634090970278,3.12623010504671,,,,,,,,,,,0.0066928509242848,,,,,,,,,
mmh0mm0schxk59,q_learning,2,651.0680426072489,1306.1360852144978,1315.9575867904216,1003.0,0.3363086949679056,1.83064396777324,,,,,,,,,,,,,,,,,,,,
mmh0mm0schxk59,q_dual_alpha,3,650.9205838443314,1307.8411676886628,1322.5734200525487,1003.0,,1.7919677175134696,,,,,,,,,0.3666329021335612,0.3166930382626808,,,,,,,,,,
mmh0mm0schxk59,q_forgetting,3,651.8481227623719,1309.6962455247435,1324.4284978886296,1003.0,0.3326541972245351,1.856894113864381,,,,,,,,,,,0.0066928509242848,,,,,,,,,
mmh0mmptqfyu87,q_learning,2,336.1121521832758,676.2243043665516,684.6293754009274,494.0,0.4946425642321485,1.521443762934915,,,,,,,,,,,,,,,,,,,,
mmh0mmptqfyu87,q_dual_alpha,3,335.78213751941365,677.5642750388273,690.1718815903911,494.0,,0.8981332189407795,,,,,,,,,0.4042857905854376,0.9712504282821942,,,,,,,,,,
mmh0mmptqfyu87,q_forgetting,3,336.4636850534023,678.9273701068046,691.5349766583684,494.0,0.5354249203983176,1.4018126909027515,,,,,,,,,,,0.0066928509242848,,,,,,,,,
mmh0nnjg95y0zn,q_learning,2,751.8548804570597,1507.7097609141194,1517.9409251664883,1231.0,0.514374984208401,2.3382295548766097,,,,,,,,,,,,,,,,,,,,
mmh0nnjg95y0zn,q_dual_alpha,3,749.1314305613422,1504.2628611226844,1519.609607501238,1231.0,,1.9534306372487176,,,,,,,,,0.7167906501205876,0.4413367027527029,,,,,,,,,,
mmh0nnjg95y0zn,q_forgetting,3,756.7878615156011,1519.5757230312022,1534.9224694097556,1231.0,0.5032124027919955,2.3168192931165827,,,,,,,,,,,0.0066928509242848,,,,,,,,,
mmh0ocgvf4p325,q_learning,2,494.5895981351725,993.1791962703452,1002.9746061566024,990.0,0.3267822127180491,3.969240783572695,,,,,,,,,,,,,,,,,,,,
mmh0ocgvf4p325,q_dual_alpha,3,494.4723003530596,994.9446007061192,1009.6377155355052,990.0,,3.900323779687947,,,,,,,,,0.3518415952623517,0.3021777136045053,,,,,,,,,,
mmh0ocgvf4p325,q_forgetting,3,499.1599625970754,1004.3199251941508,1019.0130400235366,990.0,0.3133098509944218,4.080302959173629,,,,,,,,,,,0.0066928509242848,,,,,,,,,
mmh0opq734nw1a,q_learning,2,464.1474910879964,932.2949821759928,941.9393769572338,918.0,0.2648186842884207,3.8988109452406094,,,,,,,,,,,,,,,,,,,,
mmh0opq734nw1a,q_dual_alpha,3,459.5966805571506,925.1933611143012,939.6599532861628,918.0,,3.967124104344695,,,,,,,,,0.3722485024072007,0.172623034447475,,,,,,,,,,
mmh0opq734nw1a,q_forgetting,3,467.5532186938963,941.1064373877928,955.5730295596542,918.0,0.2516863667043547,4.048097965675469,,,,,,,,,,,0.0066928509242848,,,,,,,,,
mmh0ozswma6i3j,q_learning,2,522.19188575479,1048.38377150958,1058.2251145180774,1013.0,0.3790526622710026,3.659173987834218,,,,,,,,,,,,,,,,,,,,
mmh0ozswma6i3j,q_dual_alpha,3,515.378340265121,1036.756680530242,1051.518695042988,1013.0,,3.1447801917905807,,,,,,,,,0.6066433340083734,0.2638473583432144,,,,,,,,,,
mmh0ozswma6i3j,q_forgetting,3,532.853461364939,1071.706922729878,1086.468937242624,1013.0,0.3679511359295726,3.6162351801435295,,,,,,,,,,,0.0066928509242848,,,,,,,,,
mmh0pa4lgnz2nd,q_learning,2,540.4897409166755,1084.979481833351,1094.5731292699006,895.0,0.4795040355676035,1.834964052397235,,,,,,,,,,,,,,,,,,,,
mmh0pa4lgnz2nd,q_dual_alpha,3,539.8071770597082,1085.6143541194165,1100.004825274241,895.0,,1.7982472534802183,,,,,,,,,0.4119497283256406,0.5624639143502068,,,,,,,,,,
mmh0pa4lgnz2nd,q_forgetting,3,535.0851490351798,1076.1702980703596,1090.5607692251842,895.0,0.392388163275515,2.6355918102068205,,,,,,,,,,,0.1453304101959084,,,,,,,,,
mmh0pj6zqdvwmg,q_learning,2,718.3673341618191,1440.7346683236383,1450.9820138940474,1241.0,0.3496797166080329,3.0522487827441287,,,,,,,,,,,,,,,,,,,,
mmh0pj6zqdvwmg,q_dual_alpha,3,708.3411374914117,1422.6822749828234,1438.0532933384372,1241.0,,6.643269388270416,,,,,,,,,0.1338075954185339,0.461872745725681,,,,,,,,,,
mmh0pj6zqdvwmg,q_forgetting,3,727.4949351780166,1460.9898703560332,1476.360888711647,1241.0,0.3379204495411481,3.002679801175338,,,,,,,,,,,0.0066928509242848,,,,,,,,,
mmh0pjhqfbciu8,q_learning,2,312.4522721619987,628.9045443239974,638.09610535192,732.0,0.7501579144282918,3.5315881374733946,,,,,,,,,,,,,,,,,,,,
mmh0pjhqfbciu8,q_dual_alpha,3,297.9489368170613,601.8978736341226,615.6852151760065,732.0,,4.650188121654169,,,,,,,,,0.3400587254564022,0.9933071490757152,,,,,,,,,,
mmh0pjhqfbciu8,q_forgetting,3,311.4605653426163,628.9211306852326,642.7084722271165,732.0,0.7355017307485467,3.762775784572428,,,,,,,,,,,0.0247527064107371,,,,,,,,,
mmh0puch6r88f0,q_learning,2,465.4212982740037,934.8425965480074,944.4295288131674,892.0,0.5836340386212088,3.1232291226681306,,,,,,,,,,,,,,,,,,,,
mmh0puch6r88f0,q_dual_alpha,3,447.6370276824547,901.2740553649094,915.6544537626494,892.0,,3.727181706575664,,,,,,,,,0.2242541153527733,0.875744016343736,,,,,,,,,,
mmh0puch6r88f0,q_forgetting,3,465.1897714368607,936.3795428737214,950.7599412714616,892.0,0.5647291640154499,3.266437977070819,,,,,,,,,,,0.0165789969450053,,,,,,,,,
mmh0r154h7irg3,q_learning,2,629.0028833325371,1262.005766665074,1272.147214879595,1177.0,0.3874443541191664,3.487287856522152,,,,,,,,,,,,,,,,,,,,
mmh0r154h7irg3,q_dual_alpha,3,611.8166106724441,1229.6332213448882,1244.845393666669,1177.0,,3.038008014780884,,,,,,,,,0.7591020298741963,0.2222347229203395,,,,,,,,,,
mmh0r154h7irg3,q_forgetting,3,643.1299216968802,1292.2598433937603,1307.4720157155411,1177.0,0.3760269782278503,3.384113269812549,,,,,,,,,,,0.0066928509242848,,,,,,,,,
mmh0r34rqnesgg,q_learning,2,375.8476877474961,755.6953754949922,765.3397702762331,918.0,0.6166098243757164,4.713648806932328,,,,,,,,,,,,,,,,,,,,
mmh0r34rqnesgg,q_dual_alpha,3,360.8653274029653,727.7306548059306,742.1972469777921,918.0,,6.620572735109026,,,,,,,,,0.295336011097158,0.8550612075910046,,,,,,,,,,
mmh0r34rqnesgg,q_forgetting,3,368.0729182253086,742.1458364506173,756.6124286224788,918.0,0.5725686822436326,5.546082027606579,,,,,,,,,,,0.0503654625980148,,,,,,,,,
mmh0rqn6g1cadb,q_learning,2,365.42833756161593,734.8566751232319,743.8198293817848,653.0,0.769853588708437,2.333163797288035,,,,,,,,,,,,,,,,,,,,
mmh0rqn6g1cadb,q_dual_alpha,3,362.191297586154,730.3825951723079,743.8273265601372,653.0,,2.036656924823015,,,,,,,,,0.6682417070012613,0.9933071490757152,,,,,,,,,,
mmh0rqn6g1cadb,q_forgetting,3,319.47874748964176,644.9574949792835,658.4022263671128,653.0,0.7261958770984908,3.461985610928898,,,,,,,,,,,0.7256660098082454,,,,,,,,,
mmh0tro0khha5x,q_learning,2,570.1995501303832,1144.3991002607663,1154.1120242299555,950.0,0.3608378452846896,2.486977676080864,,,,,,,,,,,,,,,,,,,,
mmh0tro0khha5x,q_dual_alpha,3,570.194572479195,1146.38914495839,1160.9585309121735,950.0,,2.48413125502686,,,,,,,,,0.3657064950196759,0.3566791968210263,,,,,,,,,,
mmh0tro0khha5x,q_forgetting,3,570.7215296650284,1147.4430593300567,1162.0124452838404,950.0,0.3506560009208323,2.5653837357485845,,,,,,,,,,,0.0066928509242848,,,,,,,,,
mmh0uacrkmrg83,q_learning,2,323.1747155546933,650.3494311093866,659.5023702474831,718.0,0.3806228517704985,4.8002307823245225,,,,,,,,,,,,,,,,,,,,
mmh0uacrkmrg83,q_dual_alpha,3,287.92708413543767,581.8541682708753,595.58357697802,718.0,,7.882852490265229,,,,,,,,,0.1221904733695986,0.8273250139534121,,,,,,,,,,
mmh0uacrkmrg83,q_forgetting,3,314.9648179660183,635.9296359320366,649.6590446391813,718.0,0.3715196454758546,5.252851710995809,,,,,,,,,,,0.0654875197624016,,,,,,,,,
mmh0ueb9o9dis7,q_learning,2,522.026655537843,1048.053311075686,1057.3718989150532,780.0,0.6883188176887204,0.7953766681539224,,,,,,,,,,,,,,,,,,,,
mmh0ueb9o9dis7,q_dual_alpha,3,518.8984810446807,1043.7969620893614,1057.7748438484125,780.0,,0.9895105083851404,,,,,,,,,0.9933071490757152,0.4261192284030761,,,,,,,,,,
mmh0ueb9o9dis7,q_forgetting,3,518.9314674529677,1043.8629349059354,1057.8408166649865,780.0,0.2684245327222185,1.8729292733494176,,,,,,,,,,,0.9710301360894874,,,,,,,,,
mmh0vbvu4yn6l1,q_learning,2,602.0714992333394,1208.1429984666788,1218.308095605389,1191.0,0.3536499768138992,4.831650862774822,,,,,,,,,,,,,,,,,,,,
mmh0vbvu4yn6l1,q_dual_alpha,3,591.6709990263066,1189.3419980526132,1204.589643760679,1191.0,,3.6319661845003695,,,,,,,,,0.6648606823629333,0.2659343989668953,,,,,,,,,,
mmh0vbvu4yn6l1,q_forgetting,3,611.0215906647263,1228.0431813294526,1243.2908270375185,1191.0,0.3370814850571702,4.873032671940598,,,,,,,,,,,0.0066928509242848,,,,,,,,,
mmh0vh7gck5q8n,q_learning,2,286.46369630816145,576.9273926163229,586.2865909880117,796.0,0.6332238410610964,5.313543068886223,,,,,,,,,,,,,,,,,,,,
mmh0vh7gck5q8n,q_dual_alpha,3,259.81652330572064,525.6330466114413,539.6718441689744,796.0,,148.4131591025766,,,,,,,,,0.0125544267982194,0.9831679089467296,,,,,,,,,,
mmh0vh7gck5q8n,q_forgetting,3,288.12235409535623,582.2447081907125,596.2835057482456,796.0,0.6342675826135643,5.282365031855797,,,,,,,,,,,0.0066928509242848,,,,,,,,,
mmh0wavycmn4y3,q_learning,2,652.3155186402136,1308.631037280427,1318.6552678690398,1110.0,0.3161849517290426,3.1308951277896053,,,,,,,,,,,,,,,,,,,,
mmh0wavycmn4y3,q_dual_alpha,3,651.9960465466824,1309.9920930933647,1325.028438976284,1110.0,,2.93924058885892,,,,,,,,,0.3727033936832806,0.2968246517900103,,,,,,,,,,
mmh0wavycmn4y3,q_forgetting,3,652.717375972456,1311.434751944912,1326.4710978278313,1110.0,0.3003347603340681,3.2899710854381383,,,,,,,,,,,0.0066928509242848,,,,,,,,,
mmh0x9u4kgtvxn,q_learning,2,787.1143403562619,1578.2286807125238,1588.3870495017431,1187.0,0.3285291159035836,1.283854178597596,,,,,,,,,,,,,,,,,,,,
mmh0x9u4kgtvxn,q_dual_alpha,3,783.422292002808,1572.844584005616,1588.0821371894451,1187.0,,1.1694481197655129,,,,,,,,,0.8066795838126382,0.1505643346524516,,,,,,,,,,
mmh0x9u4kgtvxn,q_forgetting,3,788.4110532426587,1582.8221064853174,1598.0596596691464,1187.0,0.3134014368203703,1.3018320367193197,,,,,,,,,,,0.0066928509242848,,,,,,,,,
mmh0yegg0emahk,q_learning,2,329.2343409218292,662.4686818436584,671.7379485593817,761.0,0.5783998713270556,3.727146448397256,,,,,,,,,,,,,,,,,,,,
mmh0yegg0emahk,q_dual_alpha,3,322.5347542317058,651.0695084634116,664.9734085369967,761.0,,3.745134556922342,,,,,,,,,0.4214788976604214,0.8179710346266043,,,,,,,,,,
mmh0yegg0emahk,q_forgetting,3,327.206445548074,660.412891096148,674.316791169733,761.0,0.520944801560994,4.295363329945545,,,,,,,,,,,0.0276274956957564,,,,,,,,,
mmh115pr1lsvkw,q_learning,2,538.0360218938465,1080.072043787693,1089.5859085661882,860.0,0.764876453758713,1.1719941964005032,,,,,,,,,,,,,,,,,,,,
mmh115pr1lsvkw,q_dual_alpha,3,527.9081914162538,1061.8163828325075,1076.08718000025,860.0,,1.4287744198666792,,,,,,,,,0.4141442488638829,0.9933071490757152,,,,,,,,,,
mmh115pr1lsvkw,q_forgetting,3,501.6526873192564,1009.3053746385128,1023.5761718062554,860.0,0.2720724687820263,4.298957989052643,,,,,,,,,,,0.9933071490757152,,,,,,,,,
mmh16ou0ocswzc,q_learning,2,608.959592149064,1221.919184298128,1231.7286858380517,997.0,0.4966576302418446,1.758798338887037,,,,,,,,,,,,,,,,,,,,
mmh16ou0ocswzc,q_dual_alpha,3,608.574377356435,1223.14875471287,1237.8630070227557,997.0,,1.7901292155785211,,,,,,,,,0.4349348774708709,0.5638455968976075,,,,,,,,,,
mmh16ou0ocswzc,q_forgetting,3,607.4380156067352,1220.8760312134705,1235.590283523356,997.0,0.4361741370848545,2.1558513848439897,,,,,,,,,,,0.0620388091212609,,,,,,,,,
mmh19xdl74m2p5,q_learning,2,534.8642482705797,1073.7284965411593,1083.4393141383791,949.0,0.4091152767888152,2.5177117739089927,,,,,,,,,,,,,,,,,,,,
mmh19xdl74m2p5,q_dual_alpha,3,533.6900829931535,1073.380165986307,1087.9463923821368,949.0,,2.525518078677989,,,,,,,,,0.5121704646124912,0.3259285920854675,,,,,,,,,,
mmh19xdl74m2p5,q_forgetting,3,534.7646171315622,1075.5292342631244,1090.0954606589542,949.0,0.3960917550603736,2.6054282612775213,,,,,,,,,,,0.0066928509242848,,,,,,,,,
mmh1cyh0ahaw8s,q_learning,2,646.2952954292214,1296.5905908584427,1306.4535344696417,1024.0,0.396222250482207,1.6093082278034616,,,,,,,,,,,,,,,,,,,,
mmh1cyh0ahaw8s,q_dual_alpha,3,641.6254881979729,1289.2509763959458,1304.045391812744,1024.0,,2.500444905361237,,,,,,,,,0.1445548672263456,0.6684888999798263,,,,,,,,,,
mmh1cyh0ahaw8s,q_forgetting,3,648.2171090186907,1302.4342180373817,1317.2286334541798,1024.0,0.3955019452805161,1.6132832647038713,,,,,,,,,,,0.0066928509242848,,,,,,,,,
mmh1eq07kkdfkw,q_learning,2,671.8761120061539,1347.7522240123078,1357.729050376307,1084.0,0.5321212489204101,1.5844649588902753,,,,,,,,,,,,,,,,,,,,
mmh1eq07kkdfkw,q_dual_alpha,3,671.343957781803,1348.687915563606,1363.653155109605,1084.0,,2.011206399438637,,,,,,,,,0.3417803668380849,0.7026070943544179,,,,,,,,,,
mmh1eq07kkdfkw,q_forgetting,3,673.8632055943207,1353.7264111886414,1368.6916507346402,1084.0,0.5229935820901214,1.596839814154951,,,,,,,,,,,0.0066928509242848,,,,,,,,,
mmh1jfrxrszco0,q_learning,2,236.0756964617069,476.1513929234139,484.64747867243074,517.0,0.5835925127898833,4.667649156920953,,,,,,,,,,,,,,,,,,,,
mmh1jfrxrszco0,q_dual_alpha,3,232.57293562545067,471.1458712509013,483.8899998744266,517.0,,3.0004345986995538,,,,,,,,,0.5086676872507649,0.9933071490757152,,,,,,,,,,
mmh1jfrxrszco0,q_forgetting,3,176.5168221079979,359.0336442159958,371.7777728395211,517.0,0.6142851744677713,5.696527261038938,,,,,,,,,,,0.1945646134479929,,,,,,,,,
mmh1qje9negjr0,q_learning,2,577.4337837847174,1158.8675675694349,1168.5032287123431,914.0,0.3778783685281223,1.6815195414985442,,,,,,,,,,,,,,,,,,,,
mmh1qje9negjr0,q_dual_alpha,3,577.4167082838824,1160.8334165677647,1175.2869082821271,914.0,,1.679062917686397,,,,,,,,,0.3879586959767542,0.3648850643771188,,,,,,,,,,
mmh1qje9negjr0,q_forgetting,3,555.8009777576075,1117.601955515215,1132.055447229577,914.0,0.0102939631526,42.56276694714181,,,,,,,,,,,0.2827758655155395,,,,,,,,,
mmh1sestgp7zew,q_learning,2,575.0907153787583,1154.1814307575166,1164.2466792795726,1133.0,0.3706429686269804,3.790832309907924,,,,,,,,,,,,,,,,,,,,
mmh1sestgp7zew,q_dual_alpha,3,575.0795359776132,1156.1590719552264,1171.2569447383105,1133.0,,3.729475614973532,,,,,,,,,0.3817047752325944,0.3655674971306624,,,,,,,,,,
mmh1sestgp7zew,q_forgetting,3,591.2620635148706,1188.5241270297413,1203.6219998128254,1133.0,0.356186580272691,3.6607562375946574,,,,,,,,,,,0.0066928509242848,,,,,,,,,
mmh1tezp242ppu,q_learning,2,602.4664735873636,1208.9329471747271,1218.664729324494,959.0,0.5100239684546437,1.5049479459538748,,,,,,,,,,,,,,,,,,,,
mmh1tezp242ppu,q_dual_alpha,3,587.184439069614,1180.368878139228,1194.9665513638784,959.0,,1.8691457823289697,,,,,,,,,0.2685401996127353,0.9505230688119982,,,,,,,,,,
mmh1tezp242ppu,q_forgetting,3,576.2072861738743,1158.4145723477486,1173.012245572399,959.0,0.2914036993916525,3.749462058024422,,,,,,,,,,,0.9933071490757152,,,,,,,,,
mmh1wzqpu4iob1,q_learning,2,418.08587325495847,840.1717465099169,849.6551478992211,847.0,0.385327863612658,3.708481497662748,,,,,,,,,,,,,,,,,,,,
mmh1wzqpu4iob1,q_dual_alpha,3,405.9362039796329,817.8724079592658,832.097510043222,847.0,,29.187669707549773,,,,,,,,,0.028253343668937,0.939775519737362,,,,,,,,,,
mmh1wzqpu4iob1,q_forgetting,3,417.346700309708,840.693400619416,854.9185027033722,847.0,0.3765505217455352,3.912794656954376,,,,,,,,,,,0.0125960745756358,,,,,,,,,
mmh250jg0prrne,q_learning,2,503.0138838344153,1010.0277676688306,1019.4512484589428,822.0,0.4973769851607823,1.8944836202330184,,,,,,,,,,,,,,,,,,,,
mmh250jg0prrne,q_dual_alpha,3,503.01176317084565,1012.0235263416912,1026.1587475268598,822.0,,1.904009814677725,,,,,,,,,0.5016086274359,0.4902022770711423,,,,,,,,,,
mmh250jg0prrne,q_forgetting,3,502.9352485334612,1011.8704970669224,1026.005718252091,822.0,0.4795477075399196,1.979892313764604,,,,,,,,,,,0.0128495975268134,,,,,,,,,
mmh28cu87aoonk,q_learning,2,554.2544056504679,1112.5088113009358,1121.9347237022898,823.0,0.054105691341409,1.989491612748884,,,,,,,,,,,,,,,,,,,,
mmh28cu87aoonk,q_dual_alpha,3,553.6111597405488,1113.2223194810977,1127.3611880831288,823.0,,1.250826909823931,,,,,,,,,0.0494245123247865,0.1324165640761411,,,,,,,,,,
mmh28cu87aoonk,q_forgetting,3,553.3897864987113,1112.7795729974223,1126.9184415994537,823.0,0.0459498830165271,2.200245919511345,,,,,,,,,,,0.0159606730908249,,,,,,,,,
mmgkzukxb91bym,hmm_2state,19,3497.848644884345,7033.697289768691,7127.943896621616,1054.0,,,,,,,,,,,,,,,,,,,,,2.0,-3497.848644884345
mmgkzukxb91bym,hmm_3state,32,3434.6182514555603,6933.236502911121,7091.967630242362,1054.0,,,,,,,,,,,,,,,,,,,,,3.0,-3434.6182514555603
mmgkzukxb91bym,hmm_4state,47,-1497.858751465571,-2901.717502931142,-2668.5811596633807,1054.0,,,,,,,,,,,,,,,,,,,,,4.0,1497.858751465571
mmglwqjl2idcz3,hmm_2state,19,-657.6440674687626,-1277.2881349375252,-1194.2925783968658,583.0,,,,,,,,,,,,,,,,,,,,,2.0,657.6440674687626
mmglwqjl2idcz3,hmm_3state,32,-2689.942195924725,-5315.88439184945,-5176.1024018862345,583.0,,,,,,,,,,,,,,,,,,,,,3.0,2689.942195924725
mmglwqjl2idcz3,hmm_4state,47,-2926.471726879789,-5758.943453759578,-5553.638656001105,583.0,,,,,,,,,,,,,,,,,,,,,4.0,2926.471726879789
mmgnnwif7rgnag,hmm_2state,19,3020.2405221610934,6078.481044322187,6167.771550785259,812.0,,,,,,,,,,,,,,,,,,,,,2.0,-3020.2405221610934
mmgnnwif7rgnag,hmm_3state,32,-418.3614104265067,-772.7228208530134,-622.3388099678398,812.0,,,,,,,,,,,,,,,,,,,,,3.0,418.3614104265067
mmgnnwif7rgnag,hmm_4state,47,-1181.1103859356149,-2268.2207718712293,-2047.3442558836305,812.0,,,,,,,,,,,,,,,,,,,,,4.0,1181.1103859356149
mmgp4bc84vs4qt,hmm_2state,19,3802.935142975348,7643.870285950697,7739.049055672161,1107.0,,,,,,,,,,,,,,,,,,,,,2.0,-3802.935142975348
mmgp4bc84vs4qt,hmm_3state,32,-1071.4757065658698,-2078.95141313174,-1918.6503272850632,1107.0,,,,,,,,,,,,,,,,,,,,,3.0,1071.4757065658698
mmgp4bc84vs4qt,hmm_4state,47,-2610.3646739877845,-5126.729347975569,-4891.287128138263,1107.0,,,,,,,,,,,,,,,,,,,,,4.0,2610.3646739877845
mmgp4tj5hwk1cr,hmm_2state,19,-329.4272903741954,-620.8545807483908,-528.1663778508557,971.0,,,,,,,,,,,,,,,,,,,,,2.0,329.4272903741954
mmgp4tj5hwk1cr,hmm_3state,32,-2166.745247406087,-4269.490494812174,-4113.384047826851,971.0,,,,,,,,,,,,,,,,,,,,,3.0,2166.745247406087
mmgp4tj5hwk1cr,hmm_4state,47,-1101.0612380324828,-2108.1224760649657,-1878.8411320552727,971.0,,,,,,,,,,,,,,,,,,,,,4.0,1101.0612380324828
mmgp5kmoz5itw5,hmm_2state,19,498.2956027655616,1034.5912055311233,1104.4495277742203,292.0,,,,,,,,,,,,,,,,,,,,,2.0,-498.2956027655616
mmgp5kmoz5itw5,hmm_3state,32,-740.9623328382594,-1417.9246656765188,-1300.2685440039338,292.0,,,,,,,,,,,,,,,,,,,,,3.0,740.9623328382594
mmgp5kmoz5itw5,hmm_4state,47,-1761.840589036955,-3429.68117807391,-3256.8737493673007,292.0,,,,,,,,,,,,,,,,,,,,,4.0,1761.840589036955
mmgp92mez7ni28,hmm_2state,19,-739.4638259071703,-1440.9276518143406,-1344.6000433736276,1176.0,,,,,,,,,,,,,,,,,,,,,2.0,739.4638259071703
mmgp92mez7ni28,hmm_3state,32,-875.6969002453366,-1687.3938004906731,-1525.1578283799988,1176.0,,,,,,,,,,,,,,,,,,,,,3.0,875.6969002453366
mmgp92mez7ni28,hmm_4state,47,-4423.167435489788,-8752.334870979575,-8514.050786942023,1176.0,,,,,,,,,,,,,,,,,,,,,4.0,4423.167435489788
mmgp978syi159c,hmm_2state,19,3644.976794191721,7327.953588383442,7420.739377525291,976.0,,,,,,,,,,,,,,,,,,,,,2.0,-3644.976794191721
mmgp978syi159c,hmm_3state,32,-708.5431848222468,-1353.0863696444935,-1196.815566879275,976.0,,,,,,,,,,,,,,,,,,,,,3.0,708.5431848222468
mmgp978syi159c,hmm_4state,47,-2548.675333115076,-5003.350666230151,-4773.827924668735,976.0,,,,,,,,,,,,,,,,,,,,,4.0,2548.675333115076
mmgp9zmmm2qlbz,hmm_2state,19,3926.184479816173,7890.368959632346,7984.251570678644,1034.0,,,,,,,,,,,,,,,,,,,,,2.0,-3926.184479816173
mmgp9zmmm2qlbz,hmm_3state,32,-560.6015148609487,-1057.203029721897,-899.0849479597093,1034.0,,,,,,,,,,,,,,,,,,,,,3.0,560.6015148609487
mmgp9zmmm2qlbz,hmm_4state,47,-707.3425576725793,-1320.6851153451587,-1088.449182756945,1034.0,,,,,,,,,,,,,,,,,,,,,4.0,707.3425576725793
mmgpaypnopkm1q,hmm_2state,19,2857.0294174206247,5752.058834841249,5842.725610402202,873.0,,,,,,,,,,,,,,,,,,,,,2.0,-2857.0294174206247
mmgpaypnopkm1q,hmm_3state,32,-927.4317325263224,-1790.8634650526449,-1638.1615272657775,873.0,,,,,,,,,,,,,,,,,,,,,3.0,927.4317325263224
mmgpaypnopkm1q,hmm_4state,47,-1450.0835072681857,-2806.167014536371,-2581.8860434119097,873.0,,,,,,,,,,,,,,,,,,,,,4.0,1450.0835072681857
mmgpciu4e2yunz,hmm_2state,19,3506.8142297476466,7051.628459495293,7145.158693433335,1015.0,,,,,,,,,,,,,,,,,,,,,2.0,-3506.8142297476466
mmgpciu4e2yunz,hmm_3state,32,-877.0779226745417,-1690.1558453490834,-1532.631240821855,1015.0,,,,,,,,,,,,,,,,,,,,,3.0,877.0779226745417
mmgpciu4e2yunz,hmm_4state,47,-3103.8162149953987,-6113.632429990797,-5882.268167091431,1015.0,,,,,,,,,,,,,,,,,,,,,4.0,3103.8162149953987
mmgpgi4g1jzpv2,hmm_2state,19,2641.8857771201,5321.771554240199,5415.339189765122,1017.0,,,,,,,,,,,,,,,,,,,,,2.0,-2641.8857771201
mmgpgi4g1jzpv2,hmm_3state,32,-1590.4157801796723,-3116.831560359345,-2959.243963685791,1017.0,,,,,,,,,,,,,,,,,,,,,3.0,1590.4157801796723
mmgpgi4g1jzpv2,hmm_4state,47,-3385.778735367286,-6677.557470734572,-6446.10068812029,1017.0,,,,,,,,,,,,,,,,,,,,,4.0,3385.778735367286
mmgpiq4ct3r8s1,hmm_2state,19,-482.7578276674026,-927.5156553348052,-837.3561646946023,850.0,,,,,,,,,,,,,,,,,,,,,2.0,482.7578276674026
mmgpiq4ct3r8s1,hmm_3state,32,-2118.0673823796124,-4172.134764759225,-4020.287201575725,850.0,,,,,,,,,,,,,,,,,,,,,3.0,2118.0673823796124
mmgpiq4ct3r8s1,hmm_4state,47,-3954.417691583092,-7814.835383166184,-7591.809274740419,850.0,,,,,,,,,,,,,,,,,,,,,4.0,3954.417691583092
mmgpqa16u4u07b,hmm_2state,19,3805.979477485416,7649.958954970832,7742.938425708282,986.0,,,,,,,,,,,,,,,,,,,,,2.0,-3805.979477485416
mmgpqa16u4u07b,hmm_3state,32,-661.9939803641104,-1259.9879607282207,-1103.3909573809365,986.0,,,,,,,,,,,,,,,,,,,,,3.0,661.9939803641104
mmgpqa16u4u07b,hmm_4state,47,-2928.288110223094,-5762.576220446188,-5532.574371779864,986.0,,,,,,,,,,,,,,,,,,,,,4.0,2928.288110223094
mmgpy8l4xh9nto,hmm_2state,19,-438.4508668047972,-838.9017336095944,-743.8780667902744,1098.0,,,,,,,,,,,,,,,,,,,,,2.0,438.4508668047972
mmgpy8l4xh9nto,hmm_3state,32,-468.66257535972335,-873.3251507194467,-713.2852908132235,1098.0,,,,,,,,,,,,,,,,,,,,,3.0,468.66257535972335
mmgpy8l4xh9nto,hmm_4state,47,-2632.2328869385924,-5170.465773877185,-4935.407229639919,1098.0,,,,,,,,,,,,,,,,,,,,,4.0,2632.2328869385924
mmgq3qouddjc6z,hmm_2state,19,4252.106225397583,8542.212450795167,8638.164778680279,1153.0,,,,,,,,,,,,,,,,,,,,,2.0,-4252.106225397583
mmgq3qouddjc6z,hmm_3state,32,-717.9640343942576,-1371.9280687885152,-1210.3241481399054,1153.0,,,,,,,,,,,,,,,,,,,,,3.0,717.9640343942576
mmgq3qouddjc6z,hmm_4state,47,-5430.361540645678,-10766.723081291357,-10529.36732283871,1153.0,,,,,,,,,,,,,,,,,,,,,4.0,5430.361540645678
mmgqyc7ozjls4u,hmm_2state,19,-439.1007633111595,-840.201526622319,-746.4850166824413,1025.0,,,,,,,,,,,,,,,,,,,,,2.0,439.1007633111595
mmgqyc7ozjls4u,hmm_3state,32,-527.3044047473331,-990.6088094946664,-832.770476964346,1025.0,,,,,,,,,,,,,,,,,,,,,3.0,527.3044047473331
mmgqyc7ozjls4u,hmm_4state,47,-577.6683934614094,-1061.3367869228189,-829.5117360189109,1025.0,,,,,,,,,,,,,,,,,,,,,4.0,577.6683934614094
mmgr4s188ypj5i,hmm_2state,19,-613.5020161538179,-1189.0040323076355,-1095.4550883730055,1016.0,,,,,,,,,,,,,,,,,,,,,2.0,613.5020161538179
mmgr4s188ypj5i,hmm_3state,32,-880.3353172651301,-1696.6706345302605,-1539.1145184298307,1016.0,,,,,,,,,,,,,,,,,,,,,3.0,880.3353172651301
mmgr4s188ypj5i,hmm_4state,47,-2434.4932243021663,-4774.9864486043325,-4543.575903081826,1016.0,,,,,,,,,,,,,,,,,,,,,4.0,2434.4932243021663
mmgr4wtlfg07a6,hmm_2state,19,-264.08304018856387,-490.1660803771277,-397.7736800291512,956.0,,,,,,,,,,,,,,,,,,,,,2.0,264.08304018856387
mmgr4wtlfg07a6,hmm_3state,32,-437.9649411630388,-811.9298823260775,-656.3216291084327,956.0,,,,,,,,,,,,,,,,,,,,,3.0,437.9649411630388
mmgr4wtlfg07a6,hmm_4state,47,-604.2305460654721,-1114.4610921309445,-885.9114702175284,956.0,,,,,,,,,,,,,,,,,,,,,4.0,604.2305460654721
mmgr8c41csnx7y,hmm_2state,19,-251.15133230401108,-464.30266460802216,-378.2992622761772,683.0,,,,,,,,,,,,,,,,,,,,,2.0,251.15133230401108
mmgr8c41csnx7y,hmm_3state,32,-1430.4152140444962,-2796.8304280889924,-2651.982592582727,683.0,,,,,,,,,,,,,,,,,,,,,3.0,1430.4152140444962
mmgr8c41csnx7y,hmm_4state,47,-1021.6020695614944,-1949.204139122989,-1736.458880723162,683.0,,,,,,,,,,,,,,,,,,,,,4.0,1021.6020695614944
mmh0l2c7syhpy7,hmm_2state,19,3839.787378781824,7717.574757563649,7811.328304552291,1027.0,,,,,,,,,,,,,,,,,,,,,2.0,-3839.787378781824
mmh0l2c7syhpy7,hmm_3state,32,-561.6180624884046,-1059.2361249768092,-901.3354142590952,1027.0,,,,,,,,,,,,,,,,,,,,,3.0,561.6180624884046
mmh0l2c7syhpy7,hmm_4state,47,-828.4270969515799,-1562.8541939031595,-1330.9375250365174,1027.0,,,,,,,,,,,,,,,,,,,,,4.0,828.4270969515799
mmh0l48d4j1y4y,hmm_2state,19,3264.4964476104947,6566.992895220989,6657.724850948781,876.0,,,,,,,,,,,,,,,,,,,,,2.0,-3264.4964476104947
mmh0l48d4j1y4y,hmm_3state,32,-325.4140438865616,-586.8280877731232,-434.0163728631587,876.0,,,,,,,,,,,,,,,,,,,,,3.0,325.4140438865616
mmh0l48d4j1y4y,hmm_4state,47,-1709.762415582361,-3325.524831164722,-3101.0826248907115,876.0,,,,,,,,,,,,,,,,,,,,,4.0,1709.762415582361
mmh0le5hn8utpd,hmm_2state,19,-597.6245553188631,-1157.2491106377263,-1064.1161037112513,994.0,,,,,,,,,,,,,,,,,,,,,2.0,597.6245553188631
mmh0le5hn8utpd,hmm_3state,32,-817.5634559094125,-1571.126911818825,-1414.2713212058147,994.0,,,,,,,,,,,,,,,,,,,,,3.0,817.5634559094125
mmh0le5hn8utpd,hmm_4state,47,-4526.011081688908,-8958.022163377816,-8727.640514664958,994.0,,,,,,,,,,,,,,,,,,,,,4.0,4526.011081688908
mmh0lgop76n6ez,hmm_2state,19,3278.820815239043,6595.641630478086,6686.992394408385,905.0,,,,,,,,,,,,,,,,,,,,,2.0,-3278.820815239043
mmh0lgop76n6ez,hmm_3state,32,-796.7221075092426,-1529.4442150184852,-1375.5902968200876,905.0,,,,,,,,,,,,,,,,,,,,,3.0,796.7221075092426
mmh0lgop76n6ez,hmm_4state,47,-2340.881094528259,-4587.762189056518,-4361.789246702621,905.0,,,,,,,,,,,,,,,,,,,,,4.0,2340.881094528259
mmh0lku3ip54e4,hmm_2state,19,-316.4178782726168,-594.8357565452336,-501.5694157382444,1001.0,,,,,,,,,,,,,,,,,,,,,2.0,316.4178782726168
mmh0lku3ip54e4,hmm_3state,32,-2147.245943180119,-4230.491886360238,-4073.411733422151,1001.0,,,,,,,,,,,,,,,,,,,,,3.0,2147.245943180119
mmh0lku3ip54e4,hmm_4state,47,-2198.8867889867925,-4303.773577973585,-4073.0621033457696,1001.0,,,,,,,,,,,,,,,,,,,,,4.0,2198.8867889867925
mmh0lpcdm9wdcu,hmm_2state,19,-178.93969868361324,-319.8793973672265,-246.5786674320408,350.0,,,,,,,,,,,,,,,,,,,,,2.0,178.93969868361324
mmh0lpcdm9wdcu,hmm_3state,32,-803.5011049402301,-1543.0022098804602,-1419.5483489369894,350.0,,,,,,,,,,,,,,,,,,,,,3.0,803.5011049402301
mmh0lpcdm9wdcu,hmm_4state,47,-1854.964349776748,-3615.928699553496,-3434.6058412927737,350.0,,,,,,,,,,,,,,,,,,,,,4.0,1854.964349776748
mmh0m3latwun95,hmm_2state,19,3947.647219546951,7933.294439093902,8027.378110217482,1045.0,,,,,,,,,,,,,,,,,,,,,2.0,-3947.647219546951
mmh0m3latwun95,hmm_3state,32,-800.1022315567977,-1536.2044631135957,-1377.7477538528303,1045.0,,,,,,,,,,,,,,,,,,,,,3.0,800.1022315567977
mmh0m3latwun95,hmm_4state,47,-1540.0932874673854,-2986.1865749347708,-2753.4532832080217,1045.0,,,,,,,,,,,,,,,,,,,,,4.0,1540.0932874673854
mmh0mm0schxk59,hmm_2state,19,-365.9748539593128,-693.9497079186256,-600.6454429473488,1003.0,,,,,,,,,,,,,,,,,,,,,2.0,365.9748539593128
mmh0mm0schxk59,hmm_3state,32,-2267.6455582513254,-4471.291116502651,-4314.1470912878685,1003.0,,,,,,,,,,,,,,,,,,,,,3.0,2267.6455582513254
mmh0mm0schxk59,hmm_4state,47,-2275.151051863846,-4456.302103727692,-4225.496816693481,1003.0,,,,,,,,,,,,,,,,,,,,,4.0,2275.151051863846
mmh0mmptqfyu87,hmm_2state,19,-298.1822716524842,-558.3645433049684,-478.51636847839785,494.0,,,,,,,,,,,,,,,,,,,,,2.0,298.1822716524842
mmh0mmptqfyu87,hmm_3state,32,-335.8475814545589,-607.6951629091178,-473.2140263591043,494.0,,,,,,,,,,,,,,,,,,,,,3.0,335.8475814545589
mmh0mmptqfyu87,hmm_4state,47,-2106.5822132712383,-4119.164426542477,-3921.645257234644,494.0,,,,,,,,,,,,,,,,,,,,,4.0,2106.5822132712383
mmh0nnjg95y0zn,hmm_2state,19,384.71916883472977,807.4383376694595,904.6343980669642,1231.0,,,,,,,,,,,,,,,,,,,,,2.0,-384.71916883472977
mmh0nnjg95y0zn,hmm_3state,32,-1401.8818697410968,-2739.7637394821936,-2576.0651114442912,1231.0,,,,,,,,,,,,,,,,,,,,,3.0,1401.8818697410968
mmh0nnjg95y0zn,hmm_4state,47,-5460.339015626299,-10826.6780312526,-10586.245671321927,1231.0,,,,,,,,,,,,,,,,,,,,,4.0,5460.339015626299
mmh0ocgvf4p325,hmm_2state,19,-658.6264896994786,-1279.2529793989572,-1186.196585479513,990.0,,,,,,,,,,,,,,,,,,,,,2.0,658.6264896994786
mmh0ocgvf4p325,hmm_3state,32,-1084.5504335565583,-2105.1008671131167,-1948.3743089330003,990.0,,,,,,,,,,,,,,,,,,,,,3.0,1084.5504335565583
mmh0ocgvf4p325,hmm_4state,47,-1309.94717910323,-2525.89435820646,-2295.702225879414,990.0,,,,,,,,,,,,,,,,,,,,,4.0,1309.94717910323
mmh0opq734nw1a,hmm_2state,19,-417.998979969776,-797.997959939552,-706.3762095177626,918.0,,,,,,,,,,,,,,,,,,,,,2.0,417.998979969776
mmh0opq734nw1a,hmm_3state,32,-2436.291644928768,-4808.583289857535,-4654.272973357679,918.0,,,,,,,,,,,,,,,,,,,,,3.0,2436.291644928768
mmh0opq734nw1a,hmm_4state,47,-1558.9409502180922,-3023.8819004361844,-2797.2386230770217,918.0,,,,,,,,,,,,,,,,,,,,,4.0,1558.9409502180922
mmh0ozswma6i3j,hmm_2state,19,2658.679649662927,5355.359299325854,5448.85205790658,1013.0,,,,,,,,,,,,,,,,,,,,,2.0,-2658.679649662927
mmh0ozswma6i3j,hmm_3state,32,-1215.9369577505458,-2367.873915501092,-2210.4124273651337,1013.0,,,,,,,,,,,,,,,,,,,,,3.0,1215.9369577505458
mmh0ozswma6i3j,hmm_4state,47,-3341.148155908298,-6588.296311816596,-6357.024751116908,1013.0,,,,,,,,,,,,,,,,,,,,,4.0,3341.148155908298
mmh0pa4lgnz2nd,hmm_2state,19,-361.0728802868261,-684.1457605736522,-593.0061099264299,895.0,,,,,,,,,,,,,,,,,,,,,2.0,361.0728802868261
mmh0pa4lgnz2nd,hmm_3state,32,-494.02396112420575,-924.0479222484116,-770.5495632636162,895.0,,,,,,,,,,,,,,,,,,,,,3.0,494.02396112420575
mmh0pa4lgnz2nd,hmm_4state,47,-619.2156703754296,-1144.4313407508591,-918.980625991941,895.0,,,,,,,,,,,,,,,,,,,,,4.0,619.2156703754296
mmh0pj6zqdvwmg,hmm_2state,19,3682.445147997062,7402.890295994124,7500.2400789130115,1241.0,,,,,,,,,,,,,,,,,,,,,2.0,-3682.445147997062
mmh0pj6zqdvwmg,hmm_3state,32,-1595.8944842453773,-3127.7889684907545,-2963.831439364207,1241.0,,,,,,,,,,,,,,,,,,,,,3.0,1595.8944842453773
mmh0pj6zqdvwmg,hmm_4state,47,-1922.710177185881,-3751.420354371763,-3510.6077334671463,1241.0,,,,,,,,,,,,,,,,,,,,,4.0,1922.710177185881
mmh0pjhqfbciu8,hmm_2state,19,-211.17781398453727,-384.3556279690747,-297.0357982038098,732.0,,,,,,,,,,,,,,,,,,,,,2.0,211.17781398453727
mmh0pjhqfbciu8,hmm_3state,32,-285.6432123982066,-507.28642479641314,-360.22144834965115,732.0,,,,,,,,,,,,,,,,,,,,,3.0,285.6432123982066
mmh0pjhqfbciu8,hmm_4state,47,-2409.525087639832,-4725.050175279663,-4509.048491123481,732.0,,,,,,,,,,,,,,,,,,,,,4.0,2409.525087639832
mmh0puch6r88f0,hmm_2state,19,-277.46180135482155,-516.9236027096431,-425.8477461906229,892.0,,,,,,,,,,,,,,,,,,,,,2.0,277.46180135482155
mmh0puch6r88f0,hmm_3state,32,-2089.7523488072866,-4115.504697614573,-3962.113781372013,892.0,,,,,,,,,,,,,,,,,,,,,3.0,2089.7523488072866
mmh0puch6r88f0,hmm_4state,47,-3454.2266995760947,-6814.453399152189,-6589.160490920929,892.0,,,,,,,,,,,,,,,,,,,,,4.0,3454.2266995760947
mmh0r154h7irg3,hmm_2state,19,3762.517647210524,7563.035294421047,7659.379052458992,1177.0,,,,,,,,,,,,,,,,,,,,,2.0,-3762.517647210524
mmh0r154h7irg3,hmm_3state,32,-2454.9068342435376,-4845.813668487075,-4683.550497054746,1177.0,,,,,,,,,,,,,,,,,,,,,3.0,2454.9068342435376
mmh0r154h7irg3,hmm_4state,47,-4329.821355264101,-8565.642710528202,-8327.318677486968,1177.0,,,,,,,,,,,,,,,,,,,,,4.0,4329.821355264101
mmh0r34rqnesgg,hmm_2state,19,-300.79890776274,-563.59781552548,-471.9760651036906,918.0,,,,,,,,,,,,,,,,,,,,,2.0,300.79890776274
mmh0r34rqnesgg,hmm_3state,32,-2279.142565123683,-4494.285130247366,-4339.974813747511,918.0,,,,,,,,,,,,,,,,,,,,,3.0,2279.142565123683
mmh0r34rqnesgg,hmm_4state,47,-2309.2585894609824,-4524.517178921965,-4297.873901562802,918.0,,,,,,,,,,,,,,,,,,,,,4.0,2309.2585894609824
mmh0rqn6g1cadb,hmm_2state,19,-253.23880765729643,-468.47761531459287,-383.3276498583407,653.0,,,,,,,,,,,,,,,,,,,,,2.0,253.23880765729643
mmh0rqn6g1cadb,hmm_3state,32,-493.74030688713685,-923.4806137742736,-780.0701456374279,653.0,,,,,,,,,,,,,,,,,,,,,3.0,493.74030688713685
mmh0rqn6g1cadb,hmm_4state,47,-753.3885123469729,-1412.7770246939458,-1202.1428996179536,653.0,,,,,,,,,,,,,,,,,,,,,4.0,753.3885123469729
mmh0tro0khha5x,hmm_2state,19,-494.3823503785931,-950.7647007571862,-858.4919230498891,950.0,,,,,,,,,,,,,,,,,,,,,2.0,494.3823503785931
mmh0tro0khha5x,hmm_3state,32,-2320.841450528197,-4577.682901056394,-4422.276117549368,950.0,,,,,,,,,,,,,,,,,,,,,3.0,2320.841450528197
mmh0tro0khha5x,hmm_4state,47,-2612.677214426933,-5131.354428853865,-4903.10071557792,950.0,,,,,,,,,,,,,,,,,,,,,4.0,2612.677214426933
mmh0uacrkmrg83,hmm_2state,19,-330.95233789814165,-623.9046757962833,-536.9517539843671,718.0,,,,,,,,,,,,,,,,,,,,,2.0,330.95233789814165
mmh0uacrkmrg83,hmm_3state,32,-572.3367189822175,-1080.673437964435,-934.2264117548916,718.0,,,,,,,,,,,,,,,,,,,,,3.0,572.3367189822175
mmh0uacrkmrg83,hmm_4state,47,-1305.5092304926848,-2517.018460985369,-2301.924391240103,718.0,,,,,,,,,,,,,,,,,,,,,4.0,1305.5092304926848
mmh0ueb9o9dis7,hmm_2state,19,-189.1717159078669,-340.3434318157339,-251.8168473417448,780.0,,,,,,,,,,,,,,,,,,,,,2.0,189.1717159078669
mmh0ueb9o9dis7,hmm_3state,32,-277.85064772089083,-491.70129544178167,-342.60389001190526,780.0,,,,,,,,,,,,,,,,,,,,,3.0,277.85064772089083
mmh0ueb9o9dis7,hmm_4state,47,-288.5362559416899,-483.0725118833798,-264.0856976582488,780.0,,,,,,,,,,,,,,,,,,,,,4.0,288.5362559416899
mmh0vbvu4yn6l1,hmm_2state,19,3237.9526223995226,6513.905244799045,6610.473667616796,1191.0,,,,,,,,,,,,,,,,,,,,,2.0,-3237.9526223995226
mmh0vbvu4yn6l1,hmm_3state,32,-2086.353857788833,-4108.707715577665,-3946.066161358296,1191.0,,,,,,,,,,,,,,,,,,,,,3.0,2086.353857788833
mmh0vbvu4yn6l1,hmm_4state,47,-4194.511955477642,-8295.023910955284,-8056.144128195585,1191.0,,,,,,,,,,,,,,,,,,,,,4.0,4194.511955477642
mmh0vh7gck5q8n,hmm_2state,19,-437.49669492013066,-836.9933898402613,-748.0810053092181,796.0,,,,,,,,,,,,,,,,,,,,,2.0,437.49669492013066
mmh0vh7gck5q8n,hmm_3state,32,-540.6332540275233,-1017.2665080550466,-867.5193341080264,796.0,,,,,,,,,,,,,,,,,,,,,3.0,540.6332540275233
mmh0vh7gck5q8n,hmm_4state,47,-2189.996002211152,-4285.992004422303,-4066.0508426876168,796.0,,,,,,,,,,,,,,,,,,,,,4.0,2189.996002211152
mmh0wavycmn4y3,hmm_2state,19,-463.55393898093234,-889.1078779618647,-793.8776873700435,1110.0,,,,,,,,,,,,,,,,,,,,,2.0,463.55393898093234
mmh0wavycmn4y3,hmm_3state,32,-1919.365560993731,-3774.731121987462,-3614.3434325696576,1110.0,,,,,,,,,,,,,,,,,,,,,3.0,1919.365560993731
mmh0wavycmn4y3,hmm_4state,47,-585.9265160851184,-1077.8530321702367,-842.2836133378369,1110.0,,,,,,,,,,,,,,,,,,,,,4.0,585.9265160851184
mmh0x9u4kgtvxn,hmm_2state,19,4360.389166726181,8758.778333452363,8855.282836949946,1187.0,,,,,,,,,,,,,,,,,,,,,2.0,-4360.389166726181
mmh0x9u4kgtvxn,hmm_3state,32,-538.4767254304014,-1012.9534508608028,-850.4195502332934,1187.0,,,,,,,,,,,,,,,,,,,,,3.0,538.4767254304014
mmh0x9u4kgtvxn,hmm_4state,47,-1212.8470396518926,-2331.694079303785,-2092.9724127571308,1187.0,,,,,,,,,,,,,,,,,,,,,4.0,1212.8470396518926
mmh0yegg0emahk,hmm_2state,19,-247.1531551565593,-456.3063103131186,-368.2482765137466,761.0,,,,,,,,,,,,,,,,,,,,,2.0,247.1531551565593
mmh0yegg0emahk,hmm_3state,32,-468.4754396998982,-872.9508793997963,-724.6426119482223,761.0,,,,,,,,,,,,,,,,,,,,,3.0,468.4754396998982
mmh0yegg0emahk,hmm_4state,47,-1895.2395820033173,-3696.479164006635,-3478.651396187136,761.0,,,,,,,,,,,,,,,,,,,,,4.0,1895.2395820033173
mmh115pr1lsvkw,hmm_2state,19,3113.2566332003585,6264.513266400717,6354.89498179642,860.0,,,,,,,,,,,,,,,,,,,,,2.0,-3113.2566332003585
mmh115pr1lsvkw,hmm_3state,32,-418.83460805012527,-773.6692161002505,-621.4473796443289,860.0,,,,,,,,,,,,,,,,,,,,,3.0,418.83460805012527
mmh115pr1lsvkw,hmm_4state,47,-2048.7111191977497,-4003.4222383954993,-3779.846416100864,860.0,,,,,,,,,,,,,,,,,,,,,4.0,2048.7111191977497
mmh16ou0ocswzc,hmm_2state,19,-474.6802557529594,-911.3605115059188,-818.1702468766439,997.0,,,,,,,,,,,,,,,,,,,,,2.0,474.6802557529594
mmh16ou0ocswzc,hmm_3state,32,-617.9790452253669,-1171.9580904507338,-1015.0060658119552,997.0,,,,,,,,,,,,,,,,,,,,,3.0,617.9790452253669
mmh16ou0ocswzc,hmm_4state,47,-654.0799017288435,-1214.159803457687,-983.6365172694808,997.0,,,,,,,,,,,,,,,,,,,,,4.0,654.0799017288435
mmh19xdl74m2p5,hmm_2state,19,3573.927389176592,7185.854778353184,7278.107545526773,949.0,,,,,,,,,,,,,,,,,,,,,2.0,-3573.927389176592
mmh19xdl74m2p5,hmm_3state,32,-578.509227326721,-1093.018454653442,-937.6453730979242,949.0,,,,,,,,,,,,,,,,,,,,,3.0,578.509227326721
mmh19xdl74m2p5,hmm_4state,47,-1097.898495983231,-2101.796991966462,-1873.5927784317955,949.0,,,,,,,,,,,,,,,,,,,,,4.0,1097.898495983231
mmh1cyh0ahaw8s,hmm_2state,19,3958.924417678443,7955.848835356886,8049.546799663276,1024.0,,,,,,,,,,,,,,,,,,,,,2.0,-3958.924417678443
mmh1cyh0ahaw8s,hmm_3state,32,-601.1525017530963,-1138.3050035061926,-980.49790572701,1024.0,,,,,,,,,,,,,,,,,,,,,3.0,601.1525017530963
mmh1cyh0ahaw8s,hmm_4state,47,-648.24583557696,-1202.49167115392,-970.7124962907455,1024.0,,,,,,,,,,,,,,,,,,,,,4.0,648.24583557696
mmh1eq07kkdfkw,hmm_2state,19,-677.4030320535151,-1316.80606410703,-1222.0262136490378,1084.0,,,,,,,,,,,,,,,,,,,,,2.0,677.4030320535151
mmh1eq07kkdfkw,hmm_3state,32,-884.5844776422358,-1705.1689552844716,-1545.5397334604847,1084.0,,,,,,,,,,,,,,,,,,,,,3.0,884.5844776422358
mmh1eq07kkdfkw,hmm_4state,47,-1060.4404756305607,-2026.8809512611213,-1792.4255317071406,1084.0,,,,,,,,,,,,,,,,,,,,,4.0,1060.4404756305607
mmh1jfrxrszco0,hmm_2state,19,-454.6054544129922,-871.2109088259845,-790.4980942103243,517.0,,,,,,,,,,,,,,,,,,,,,2.0,454.6054544129922
mmh1jfrxrszco0,hmm_3state,32,-2283.617991029002,-4503.235982058004,-4367.298610073734,517.0,,,,,,,,,,,,,,,,,,,,,3.0,2283.617991029002
mmh1jfrxrszco0,hmm_4state,47,-2423.969082011769,-4753.938164023538,-4554.280148921642,517.0,,,,,,,,,,,,,,,,,,,,,4.0,2423.969082011769
mmh1qje9negjr0,hmm_2state,19,-319.7576399764266,-601.5152799528532,-509.9764990952244,914.0,,,,,,,,,,,,,,,,,,,,,2.0,319.7576399764266
mmh1qje9negjr0,hmm_3state,32,-449.6404829874715,-835.280965974943,-681.1103876884102,914.0,,,,,,,,,,,,,,,,,,,,,3.0,449.6404829874715
mmh1qje9negjr0,hmm_4state,47,-631.2672919597093,-1168.5345839194183,-942.0965470610736,914.0,,,,,,,,,,,,,,,,,,,,,4.0,631.2672919597093
mmh1sestgp7zew,hmm_2state,19,-510.4012119784922,-982.8024239569844,-887.1825629974522,1133.0,,,,,,,,,,,,,,,,,,,,,2.0,510.4012119784922
mmh1sestgp7zew,hmm_3state,32,-865.7591556453829,-1667.5183112907655,-1506.4743349378696,1133.0,,,,,,,,,,,,,,,,,,,,,3.0,865.7591556453829
mmh1sestgp7zew,hmm_4state,47,-4176.545027575022,-8259.090055150044,-8022.556714881727,1133.0,,,,,,,,,,,,,,,,,,,,,4.0,4176.545027575022
mmh1tezp242ppu,hmm_2state,19,-327.74686060603176,-617.4937212120635,-525.0417907892781,959.0,,,,,,,,,,,,,,,,,,,,,2.0,327.74686060603176
mmh1tezp242ppu,hmm_3state,32,-391.86068017008057,-719.7213603401611,-564.0128459438911,959.0,,,,,,,,,,,,,,,,,,,,,3.0,391.86068017008057
mmh1tezp242ppu,hmm_4state,47,-2493.0805892011904,-4892.161178402381,-4663.464297882859,959.0,,,,,,,,,,,,,,,,,,,,,4.0,2493.0805892011904
mmh1wzqpu4iob1,hmm_2state,19,2714.816514290058,5467.633028580116,5557.725341778505,847.0,,,,,,,,,,,,,,,,,,,,,2.0,-2714.816514290058
mmh1wzqpu4iob1,hmm_3state,32,-613.0113161950787,-1162.0226323901577,-1010.2882101612918,847.0,,,,,,,,,,,,,,,,,,,,,3.0,613.0113161950787
mmh1wzqpu4iob1,hmm_4state,47,-741.8277355295263,-1389.6554710590526,-1166.7955384104062,847.0,,,,,,,,,,,,,,,,,,,,,4.0,741.8277355295263
mmh250jg0prrne,hmm_2state,19,2942.629637436351,5923.259274872702,6012.7823423787695,822.0,,,,,,,,,,,,,,,,,,,,,2.0,-2942.629637436351
mmh250jg0prrne,hmm_3state,32,-1780.7635365721949,-3497.5270731443898,-3346.751380502592,822.0,,,,,,,,,,,,,,,,,,,,,3.0,1780.7635365721949
mmh250jg0prrne,hmm_4state,47,-1868.9023177356191,-3643.8046354712383,-3422.352836903598,822.0,,,,,,,,,,,,,,,,,,,,,4.0,1868.9023177356191
mmh28cu87aoonk,hmm_2state,19,-443.718681416578,-849.4373628331559,-759.8911950202917,823.0,,,,,,,,,,,,,,,,,,,,,2.0,443.718681416578
mmh28cu87aoonk,hmm_3state,32,-2900.5083976032133,-5737.016795206427,-5586.20219678476,823.0,,,,,,,,,,,,,,,,,,,,,3.0,2900.5083976032133
mmh28cu87aoonk,hmm_4state,47,-3060.412220703064,-6026.824441406128,-5805.315499974306,823.0,,,,,,,,,,,,,,,,,,,,,4.0,3060.412220703064
mmgkzukxb91bym,generalized_matching_law,2,770.527767181846,1545.055534363692,1554.9762298218945,1054.0,,,,,,,0.36753206603284955,1.170617519786777,0.44415303814130463,38.0,,,,,,,,,,,,
mmglwqjl2idcz3,generalized_matching_law,2,220.49979223982683,444.99958447965366,453.73595885235466,583.0,,,,,,,1.0055495030388168,1.03385300650308,0.9846212440919925,17.0,,,,,,,,,,,,
mmgnnwif7rgnag,generalized_matching_law,2,591.8662369653282,1187.7324739306564,1197.1314746109797,812.0,,,,,,,0.700301417111505,1.023552663814107,0.7924536207821741,36.0,,,,,,,,,,,,
mmgp4bc84vs4qt,generalized_matching_law,2,839.3521503016069,1682.7043006032138,1692.7231184686311,1107.0,,,,,,,0.35765912063263366,0.8916114820769411,0.38886220635894364,46.0,,,,,,,,,,,,
mmgp4tj5hwk1cr,generalized_matching_law,2,722.7556899314246,1449.5113798628493,1459.268032799432,971.0,,,,,,,0.5602740550660598,1.0224380092936527,0.43461150712885954,37.0,,,,,,,,,,,,
mmgp5kmoz5itw5,generalized_matching_law,2,180.17923280941923,364.35846561883847,371.711973223375,292.0,,,,,,,0.7685401150453444,1.133739269845687,0.940119222923776,13.0,,,,,,,,,,,,
mmgp92mez7ni28,generalized_matching_law,2,885.0611412718788,1774.1222825437576,1784.2620308006747,1176.0,,,,,,,0.3177323314666514,1.1850362607671825,0.1812619143590007,33.0,,,,,,,,,,,,
mmgp978syi159c,generalized_matching_law,2,905.3879353343663,1814.7758706687325,1824.5427958415587,976.0,,,,,,,0.5898698749833924,0.9610730107792543,0.6110140797081931,34.0,,,,,,,,,,,,
mmgp9zmmm2qlbz,generalized_matching_law,2,952.6704935742077,1909.3409871484155,1919.2233672585521,1034.0,,,,,,,0.48312334755513425,0.8371333692472116,0.5626965360459664,38.0,,,,,,,,,,,,
mmgpaypnopkm1q,generalized_matching_law,2,612.7615380977381,1229.5230761954763,1239.0669473071555,873.0,,,,,,,0.5342178022875718,0.9138551133974293,0.707219362445277,36.0,,,,,,,,,,,,
mmgpciu4e2yunz,generalized_matching_law,2,899.0442774382076,1802.0885548764152,1811.933842659367,1015.0,,,,,,,0.4921515900039151,1.0133315559087912,0.4292252397406361,43.0,,,,,,,,,,,,
mmgpgi4g1jzpv2,generalized_matching_law,2,859.0124969320539,1722.0249938641077,1731.874218656205,1017.0,,,,,,,0.438946850833997,1.044900862989589,0.3988839707770699,38.0,,,,,,,,,,,,
mmgpiq4ct3r8s1,generalized_matching_law,2,600.7466696518993,1205.4933393037986,1214.9838120027673,850.0,,,,,,,0.32644939716338245,0.8169750655399146,0.12560772995133188,29.0,,,,,,,,,,,,
mmgpqa16u4u07b,generalized_matching_law,2,584.7824367893046,1173.5648735786092,1183.3521862878144,986.0,,,,,,,0.3070198822312972,0.923242026480614,0.22637422434242035,38.0,,,,,,,,,,,,
mmgpy8l4xh9nto,generalized_matching_law,2,1031.5786352978037,2067.1572705956073,2077.1597618397464,1098.0,,,,,,,0.2825786271959979,1.0228111096198211,0.39221789699206366,32.0,,,,,,,,,,,,
mmgq3qouddjc6z,generalized_matching_law,2,1108.5933544154198,2221.1867088308395,2231.2869538713776,1153.0,,,,,,,0.45580423747959337,0.9694066572092013,0.5337941386714588,33.0,,,,,,,,,,,,
mmgqyc7ozjls4u,generalized_matching_law,2,825.2084435067553,1654.4168870135106,1664.2817827966558,1025.0,,,,,,,0.31432466712979573,0.9934369740001722,0.4911354710549625,40.0,,,,,,,,,,,,
mmgr4s188ypj5i,generalized_matching_law,2,859.1041164510499,1722.2082329020998,1732.0554901583766,1016.0,,,,,,,0.5819459924986771,1.0079229335573066,0.5438525070823799,38.0,,,,,,,,,,,,
mmgr4wtlfg07a6,generalized_matching_law,2,703.2511332464908,1410.5022664929816,1420.2277823190843,956.0,,,,,,,0.3404479341561964,0.9636062718213424,0.559691219494721,36.0,,,,,,,,,,,,
mmgr8c41csnx7y,generalized_matching_law,2,415.2849676715291,834.5699353430582,843.6229250621998,683.0,,,,,,,0.7056158552770843,0.9906729588626497,0.5899338534493956,27.0,,,,,,,,,,,,
mmh0l2c7syhpy7,generalized_matching_law,2,781.6098405415964,1567.2196810831929,1577.08847550305,1027.0,,,,,,,0.3362861442628913,1.2362174444030731,0.35514708940180884,43.0,,,,,,,,,,,,
mmh0l48d4j1y4y,generalized_matching_law,2,686.7588549144816,1377.5177098289632,1387.068442010836,876.0,,,,,,,0.311107302272579,1.0634515271764458,0.2386569716392483,33.0,,,,,,,,,,,,
mmh0le5hn8utpd,generalized_matching_law,2,831.256406017475,1666.51281203495,1676.316286448263,994.0,,,,,,,0.4978098116721283,0.989689460418427,0.7531812691519163,42.0,,,,,,,,,,,,
mmh0lgop76n6ez,generalized_matching_law,2,664.9950458801995,1333.990091760399,1343.605961647799,905.0,,,,,,,0.41812750849045943,0.9792436135909951,0.6038049546545832,39.0,,,,,,,,,,,,
mmh0lku3ip54e4,generalized_matching_law,2,1012.955920673799,2029.911841347598,2039.7293509062285,1001.0,,,,,,,0.4787001848799494,0.9188207155419884,0.7027214007418412,38.0,,,,,,,,,,,,
mmh0lpcdm9wdcu,generalized_matching_law,2,123.78418929561954,251.56837859123908,259.284244900206,350.0,,,,,,,1.0335021416802728,1.2172688308120025,0.8753073741715772,8.0,,,,,,,,,,,,
mmh0m3latwun95,generalized_matching_law,2,818.4737488617511,1640.9474977235022,1650.8510420523,1045.0,,,,,,,0.35338121053133154,1.058610235723981,0.4746279320969578,34.0,,,,,,,,,,,,
mmh0mm0schxk59,generalized_matching_law,2,991.8462986600422,1987.6925973200844,1997.5140988960081,1003.0,,,,,,,0.44405651710142807,1.1326037725293123,0.5564332776179323,35.0,,,,,,,,,,,,
mmh0mmptqfyu87,generalized_matching_law,2,339.0475634818672,682.0951269637344,690.5001979981103,494.0,,,,,,,0.8179209106023237,0.9697027213675786,0.8841033161764625,24.0,,,,,,,,,,,,
mmh0nnjg95y0zn,generalized_matching_law,2,1028.8232992035985,2061.646598407197,2071.877762659566,1231.0,,,,,,,0.26066045143423244,1.0369314538467853,0.22624565638986868,35.0,,,,,,,,,,,,
mmh0ocgvf4p325,generalized_matching_law,2,697.1739354896422,1398.3478709792844,1408.1432808655416,990.0,,,,,,,0.5466389913648767,1.0276190215121943,0.593610455076389,38.0,,,,,,,,,,,,
mmh0opq734nw1a,generalized_matching_law,2,547.420243946265,1098.84048789253,1108.4848826737712,918.0,,,,,,,0.4038411016619865,0.9644200468554013,0.27733642508057765,32.0,,,,,,,,,,,,
mmh0ozswma6i3j,generalized_matching_law,2,853.032647251451,1710.065294502902,1719.9066375113994,1013.0,,,,,,,0.48316668088787956,0.8920872358043287,0.42255338654481095,35.0,,,,,,,,,,,,
mmh0pa4lgnz2nd,generalized_matching_law,2,688.1167558684862,1380.2335117369723,1389.827159173522,895.0,,,,,,,0.41300401839234946,1.0229450843080194,0.6522261900597581,40.0,,,,,,,,,,,,
mmh0pj6zqdvwmg,generalized_matching_law,2,846.21330895398,1696.42661790796,1706.6739634783692,1241.0,,,,,,,0.11460187076348517,1.0130213400414438,0.030173558159963417,41.0,,,,,,,,,,,,
mmh0pjhqfbciu8,generalized_matching_law,2,487.5358235403523,979.0716470807046,988.2632081086272,732.0,,,,,,,0.6764757062477815,0.9514564222875272,0.919833308304215,34.0,,,,,,,,,,,,
mmh0puch6r88f0,generalized_matching_law,2,812.7378172831135,1629.475634566227,1639.062566831387,892.0,,,,,,,0.7215025176678757,1.0931097731181478,0.8534748498018736,39.0,,,,,,,,,,,,
mmh0r154h7irg3,generalized_matching_law,2,720.7408401216096,1445.4816802432192,1455.6231284577398,1177.0,,,,,,,0.27823099312066907,0.8760065855397337,0.1569691337541064,39.0,,,,,,,,,,,,
mmh0r34rqnesgg,generalized_matching_law,2,953.9600195923465,1911.920039184693,1921.564433965934,918.0,,,,,,,0.7378660048738892,1.026300910447862,0.9009602245348654,35.0,,,,,,,,,,,,
mmh0rqn6g1cadb,generalized_matching_law,2,489.31644864085166,982.6328972817033,991.5960515402562,653.0,,,,,,,0.7322885753286422,1.0756871444402198,0.8869115318923088,31.0,,,,,,,,,,,,
mmh0tro0khha5x,generalized_matching_law,2,863.2081516853539,1730.4163033707077,1740.129227339897,950.0,,,,,,,0.5781021721667449,1.0242777985117282,0.5854777861505227,36.0,,,,,,,,,,,,
mmh0uacrkmrg83,generalized_matching_law,2,568.0256404482524,1140.0512808965047,1149.2042200346011,718.0,,,,,,,0.8060266055316091,1.0509311678932964,0.9132885797377331,30.0,,,,,,,,,,,,
mmh0ueb9o9dis7,generalized_matching_law,2,675.0378449010831,1354.0756898021662,1363.3942776415333,780.0,,,,,,,0.35238108214976877,0.919627692886322,0.4269863188367425,31.0,,,,,,,,,,,,
mmh0vbvu4yn6l1,generalized_matching_law,2,1074.0835354309997,2152.1670708619995,2162.33216800071,1191.0,,,,,,,0.5256642836289429,0.9634515276468264,0.5920472722673317,39.0,,,,,,,,,,,,
mmh0vh7gck5q8n,generalized_matching_law,2,591.6623469973581,1187.3246939947162,1196.683892366405,796.0,,,,,,,0.6330110124442996,1.1069830064537236,0.8925912217816593,31.0,,,,,,,,,,,,
mmh0wavycmn4y3,generalized_matching_law,2,968.9674915771042,1941.9349831542083,1951.959213742821,1110.0,,,,,,,0.47621791654870105,0.9567603319676882,0.5922218702552609,41.0,,,,,,,,,,,,
mmh0x9u4kgtvxn,generalized_matching_law,2,1086.658552487226,2177.317104974452,2187.4754737636713,1187.0,,,,,,,0.3040938070243725,1.0800813065490271,0.2700127703848603,33.0,,,,,,,,,,,,
mmh0yegg0emahk,generalized_matching_law,2,443.21298467094846,890.4259693418969,899.6952360576203,761.0,,,,,,,0.57217086338616,0.9496160598456467,0.7515225189265706,30.0,,,,,,,,,,,,
mmh115pr1lsvkw,generalized_matching_law,2,618.6682655541103,1241.3365311082207,1250.850395886716,860.0,,,,,,,0.2663449448072393,1.0861636997556445,0.3377383689122104,38.0,,,,,,,,,,,,
mmh16ou0ocswzc,generalized_matching_law,2,803.9295748270983,1611.8591496541967,1621.6686511941205,997.0,,,,,,,0.39199064316418547,1.0257109570255083,0.6338063289326735,40.0,,,,,,,,,,,,
mmh19xdl74m2p5,generalized_matching_law,2,872.0818209964789,1748.1636419929578,1757.8744595901776,949.0,,,,,,,0.5704405408952593,1.0748473098146516,0.5127272695366324,33.0,,,,,,,,,,,,
mmh1cyh0ahaw8s,generalized_matching_law,2,758.504799018594,1521.009598037188,1530.872541648387,1024.0,,,,,,,0.42466495932926407,1.0104444500850278,0.5523677911747579,37.0,,,,,,,,,,,,
mmh1eq07kkdfkw,generalized_matching_law,2,866.0231044699435,1736.046208939887,1746.0230353038862,1084.0,,,,,,,0.26699698757361684,0.8579353852484506,0.31757896548420633,40.0,,,,,,,,,,,,
mmh1jfrxrszco0,generalized_matching_law,2,254.1892232174077,512.3784464348154,520.8745321838322,517.0,,,,,,,0.916750056651424,1.0382128422209407,0.9724992066312609,19.0,,,,,,,,,,,,
mmh1qje9negjr0,generalized_matching_law,2,739.6084125314633,1483.2168250629265,1492.8524862058348,914.0,,,,,,,0.7277293209994498,1.0327478823188665,0.5419451241646086,37.0,,,,,,,,,,,,
mmh1sestgp7zew,generalized_matching_law,2,812.3601554297321,1628.7203108594642,1638.7855593815202,1133.0,,,,,,,0.3487900869029616,1.0366719484726823,0.21292459269826056,33.0,,,,,,,,,,,,
mmh1tezp242ppu,generalized_matching_law,2,829.5258669684533,1663.0517339369067,1672.7835160866734,959.0,,,,,,,0.43670126554953637,1.052794962347684,0.7280569935482519,39.0,,,,,,,,,,,,
mmh1wzqpu4iob1,generalized_matching_law,2,599.5278240150365,1203.055648030073,1212.539049419377,847.0,,,,,,,0.5413991892459723,0.9713778300890744,0.7860132413325414,36.0,,,,,,,,,,,,
mmh250jg0prrne,generalized_matching_law,2,582.3991797310675,1168.798359462135,1178.2218402522474,822.0,,,,,,,0.46625382291482154,0.9757148815167386,0.7153032436652456,38.0,,,,,,,,,,,,
mmh28cu87aoonk,generalized_matching_law,2,667.9639550013103,1339.9279100026206,1349.3538224039748,823.0,,,,,,,0.5588140124583957,0.9000319830418053,0.6188915670200386,40.0,,,,,,,,,,,,
